IDENTIFIANT_BATIMENT,NOM_HISTORIQUE ,TYPOLOGIE_SPECIFIQUE,CIVIQUE_MIN,CIVIQUE,TYPE_DE_VOIE,CIVIQUE_MAX,LIEN,VOIE,EST_OUEST,ARRONDISSEMENT,HISTORIQUE_SOMMAIRE ,DEBUT_DES_TRAVAUX,FIN_DES_TRAVAUX,CENTRO_X,CENTRO_Y
0039-27-4599-00,Maisons-magasins Jacob-De Witt  I,maison-magasin,412,412-414,rue,414,,McGill,,Ville-Marie (Montréal),"L'homme d'affaires et banquier Jacob De Witt fait construire un ensemble comprenant trois maisons-magasins en 1846, sur un terrain qu'il a acquis seize ans plus tôt avec un hangar donnant sur la rue de Longueuil. Il engage le maçon David Brown pour lui construire les bâtiments d'après les plans de l'architecte Moses Marshall. Cet immeuble compte deux des trois maisons-magasins initialement bâties. À l'instar de bâtiments semblables, celles-ci sont vouées au départ au commerce et à l'habitation. En 1847, le chapelier et fourreur Alexander McDowall occupe la maison-magasin la plus au sud, alors que le fabricant de chaises Edmund Gates loue l'unité se trouvant au centre de l'ensemble. Les locataires ont aussi accès à un entrepôt de deux étages adjacent à leurs maisons-magasins et construit en 1847.  

Dès les années 1860, l'immeuble ne sert plus qu'à des fins de commerce, de fabrication et d'entreposage. Le fabricant de vêtements James Shanks Evans, locataire du magasin du centre depuis au moins huit ans, acquiert la propriété en 1866. L'entreprise d'Evans n'occupe plus les lieux en 1870 qui sont loués à des marchands de <i>dry goods</i> (tissus, articles de mercerie et peut-être autres produits) et à des épiciers en gros. En 1878, les fleuristes et grainetiers William Ewing & Co s'y installent.
 
En 1900, les héritiers Evans se partagent la propriété. Les deux unités de l'ensemble les plus au sud demeurent liées par une histoire commune. En 1922, William Ewing & Co se porte acquéreur de l'immeuble. L'entreprise occupe les lieux jusqu'en 1949. Une compagnie d'importation de peinture s'y établit par la suite.

À partir des années 1990 jusqu'en 2004, l'immeuble est occupé par une clientèle diversifiée et différente d'années en années. Ainsi, s'y succèdent un café, une galerie d'art, un centre de culture physique et des entreprises de communication, de design et d'expédition. 
",1846,,-73.5579,45.5001
0039-27-5992-00,Magasin-entrepôt Dominion Block II,magasin-entrepôt,404,404,rue,404,,McGill,,Ville-Marie (Montréal),NULL,1866,1867,-73.5577,45.5
0039-27-6787-00,Magasin-entrepôt Dominion Block I,magasin-entrepôt,400,400,rue,400,,McGill,,Ville-Marie (Montréal),NULL,1866,1867,-73.5575,45.5
0039-28-0582-00,Maison-magasin Olivier-Berthelet,maison-magasin,445,445-451,rue,451,,McGill,,Ville-Marie (Montréal),,1850,1851,-73.5584,45.5007
0039-28-0619-00,Magasin-entrepôt Mills,magasin-entrepôt,436,436-438,rue,438,,McGill,,Ville-Marie (Montréal),,1859,,-73.5583,45.5003
0039-28-1415-00,430 rue McGill ,magasin-entrepôt,430,430,rue,430,,McGill,,Ville-Marie (Montréal),NULL,1908,,-73.5582,45.5003
0039-28-1974-00,Maison Charles-Simon-Delorme II,non applicable,439,439-443,rue,443,,McGill,,Ville-Marie (Montréal),,1816,1817,-73.5582,45.5007
0039-28-2609-00,Magasins-entrepôts Margaret-Benny,magasin-entrepôt,420,420,rue,420,,McGill,,Ville-Marie (Montréal),"Margaret Benny, la veuve du marchand et industriel Thomas Peck, fait construire cet immeuble en 1880-1881. Il est composé de trois magasins-entrepôts, lesquels logent au départ un locataire chacun. Parmi les occupants d’origine, on retrouve entre autres un grossiste de chapeaux et de fourrures, un commerce d’alimentation et, à partir de 1882, un fabricant d’articles de papier. Entre 1964 et 1975, le magasin-entrepôt au sud perd deux étages. On reconstruit ces deux étages en 1991 lors d’importants travaux de restauration. Le bâtiment est alors transformé en immeuble de bureaux.",1880,1881,-73.5581,45.5002
0039-28-3170-00,Maison Charles-Simon-Delorme I,non applicable,431,431-433,rue,433,,McGill,,Ville-Marie (Montréal),,1816,1817,-73.558,45.5007
0039-28-3703-00,Maison-magasin Jacob-De Witt II,maison-magasin,416,416,rue,416,,McGill,,Ville-Marie (Montréal),"L'homme d'affaires et banquier Jacob De Witt fait construire un ensemble comprenant trois maisons-magasins en 1846, sur un terrain qu'il a acquis seize ans plus tôt avec un hangar donnant sur la rue de Longueuil. Il fait appel au maçon David Brown pour lui construire l'ensemble selon les plans de l'architecte Moses Marshall. Cet immeuble comprend la maison-magasin la plus au nord de l'ensemble. Comme d'autres bâtiments semblables, celle-ci est dédiée au départ au commerce et à l'habitation. En 1847, les marchands en gros Kershaw & Whitenhall en sont les premiers locataires. Ils ont aussi accès à un entrepôt de deux étages adjacent à la maison-magasin construit à l'été 1847.  

Dès les années 1860, l'immeuble ne sert plus qu'à des fins de commerce, de fabrication et d'entreposage. Hôte d'un manufacturier de vêtements depuis le milieu des années 1850, il est acheté en 1866 par James Shanks Evans. Des épiciers en gros, des pharmaciens et des fabricants de cadres et de moulures occupent aussi les lieux jusqu'à la fin du XIXe siècle. Vers 1885, l'immeuble est augmenté d'un étage et coiffé d'un toit plat agrémenté d'une fausse mansarde. 

En 1900, les héritiers Evans se partagent l'ensemble. Le bâtiment revient à James Shanks Evans fils qui le loue à différentes compagnies d'équipements électriques jusqu'en 1930, date à laquelle des marchands de fourrures s'y installent pour près de vingt ans. Des années 1950 jusqu'aux années 1980, la clientèle est principalement composée d'imprimeries et de commerces d'équipements électriques. En 2004, un organisme pour la distribution et la promotion de la musique de compositeurs canadiens occupe l'immeuble. 
",1846,,-73.558,45.5001
0039-28-3796-01,Magasin-entrepôt Johnston-Thompson II [1859],magasin-entrepôt,430,430,rue,430,,Sainte-Hélène,,Ville-Marie (Montréal),NULL,1859,,-73.5579,45.501
0039-28-3796-02,Magasin-entrepôt Mills I,magasin-entrepôt,432,432,rue,432,,Sainte-Hélène,,Ville-Marie (Montréal),NULL,1864,,-73.558,45.501
0039-28-4364-01,Magasin-entrepôt Succession-Delorme [1880],magasin-entrepôt,425,425,rue,425,,McGill,,Ville-Marie (Montréal),,1880,,-73.5579,45.5006
0039-28-4364-02,Magasin-entrepôt succession Delorme [1859-1860],magasin-entrepôt,415,415,rue,415,,Le Moyne,,Ville-Marie (Montréal),NULL,1859,1860,-73.5578,45.5007
0039-28-5487-00,Magasin-entrepôt Johnston-Thompson I [1859],magasin-entrepôt,424,424-426,rue,426,,Sainte-Hélène,,Ville-Marie (Montréal),NULL,1859,,-73.5577,45.5009
0039-28-8742-00,Édifice Shaughnessy,gratte-ciel,401,401-407,rue,407,,McGill,,Ville-Marie (Montréal),"L'édifice Shaughnessy doit son nom à sir Thomas Shaughnessy qui acquiert, au début du XXe siècle, une propriété située sur la rue McGill, propriété sur laquelle, quelques mois avant d'entreprendre la nouvelle construction, étaient érigés deux hôtels. Shaughnessy est président de la Canadian Pacific Railway Co., mais il est aussi président de la firme Dorchester Realties à laquelle il transfert les titres de propriété en 1912. Réalisé sous la direction de la firme d'architectes Hutchison, Wood and Miller, le nouvel immeuble de bureaux de dix étages, terminé en 1912, est d'abord conçu pour répondre aux besoins de gestion de transport et de communication de la compagnie de chemin de fer.

L'édifice Shaughnessy peut accueillir bien davantage que les bureaux de la Canadian Pacific Railway. Sa localisation à proximité du port de Montréal attire les bureaux de diverses entreprises industrielles ou manufacturières, mais surtout de courtiers en douane. Le rez-de-chaussée est occupé par les bureaux du C.P.R. Telegraph et une succursale de la Banque de Montréal qui est présente dans l'immeuble durant plus de 80 ans. 

La Dorchester Realties vend sa propriété en 1939 et le Shaughnessy connaît une succession de propriétaires par la suite. Les locataires aussi se multiplient et se diversifient, de nombreuses firmes d'import-export ou d'expédition de marchandises en mer s'y retrouvent. Il est cependant intéressant de noter, entre 1929 et le début des années 1990, la présence du Chemin de fer Canadien National parmi les occupants de cet immeuble initialement construit pour répondre aux besoins de la Canadian Pacific Railway Co.


",1912,,-73.5573,45.5005
0039-28-9082-00,Magasin-entrepôt Jesse-Joseph IV,magasin-entrepôt,390,390,rue,390,,Le Moyne,,Ville-Marie (Montréal),"
Ce magasin-entrepôt fait partie d’une série de cinq bâtiments construits en 1857 par Jesse Joseph, marchand et consul de Belgique, d'après les plans de l'architecte James H. Springle. C’est en 1853 que Jesse Joseph s’est porté acquéreur d’un terrain sur la rue Le Moyne sur lequel se trouvent alors des hangars en bois entourant une cour intérieure. Le magasin-entrepôt compte à l’origine trois étages complets et un quatrième étage attique. Trois autres magasins-entrepôts compléteront ensuite l'ensemble dont Jesse Joseph demeurera propriétaire jusqu’à sa mort, en 1904.

Le premier occupant du bâtiment est Elliot & Co., marchands en gros de quincaillerie. Cette entreprise demeure dans le magasin-entrepôt durant huit ans, de 1858 à 1866. Durant la majeure partie de son histoire on trouve dans le bâtiment, entre un et deux espaces locatifs. À la fin du XIXe siècle, le bâtiment est occupé par des entreprises liées au secteur du cuir comme J. & R. McCready & Co, manufacturiers de chaussures. Parmi celles-ci, notons la compagnie d’Alexander J. Stevenson qui occupe les lieux environ trente ans. L’entreprise utilise l’immeuble comme bureau et salle de montre, alors que le cuir est produit dans une tannerie de Saint-Henri. 

Par la suite, l’histoire du magasin-entrepôt devient plus complexe et ce, jusque dans les années 2000. Notons que dans les années 1940, l'étage attique est enlevé. De l’entreprise de boisson gazeuse des années 1920 à une entreprise textile dans les années 1940 en passant par une agence de publicité en 2000, la diversité est grande. On note toute de même que plus on avance dans le XXe siècle, plus les compagnies qui occupent le bâtiment relèvent du secteur des services. Les fonctions de fabrication et de vente disparaissent complètement dans les années 1960-1970. Des travaux de de rénovation et de restauration sont réalisés dans les années 1980.",1857,,-73.5573,45.5008
0039-28-9589-00,Magasin-entrepôt Jesse-Joseph III,magasin-entrepôt,386,386,rue,386,,Le Moyne,,Ville-Marie (Montréal),"Ce magasin-entrepôt est construit en 1857, avec quatre autres semblables, par Jesse Joseph, marchand et consul de Belgique, d'après des plans de l'architecte James H. Springle. C’est en 1853 que Jesse Joseph s’est porté acquéreur d’un terrain, rue Le Moyne, sur lequel se trouvent alors des hangars en bois entourant une cour intérieure. À l’origine, le magasin-entrepôt compte trois étages, incluant le rez-de-chaussée, ainsi qu’un quatrième étage attique. Trois autres magasins-entrepôts compléteront ensuite l'ensemble dont Jesse Joseph demeurera  propriétaire jusqu’à sa mort, en 1904. Son premier locataire, présent en 1858, est  William Hobbs, agent pour des manufacturiers britanniques. Il occupe l’immeuble entier et y fait certainement de la vente en gros; il y demeure durant trois ans.

Les entreprises qui vont occuper ce magasin-entrepôt au fil du temps proviennent de différents secteurs d’activités, ce qui a pour effet de diversifier les fonctions liées à l’occupation du bâtiment. Au XIXe siècle on y trouve successivement, entre autres, un fabricant de crinoline, un peintre, un marchand de <i>dry goods</i> (tissus, articles de mercerie et peut-être d’autres produits), et un tailleur. Dans les années 1920, il semble y avoir un réaménagement intérieur; désormais deux ou trois locataires se partagent simultanément le bâtiment. C’est probablement dans cette décennie que le quatrième étage est modifié. En effet, cet étage attique disparaît au profit d’un quatrième étage complet, en brique. L’occupant qui marque le plus profondément l’histoire de l’immeuble est C.A. Duclos Leather, grossiste en cuir, qui demeure dans le bâtiment dès années 1920 aux années 1980. La fonction principale de ce bâtiment reste résolument commerciale. 

À la fin du XXe siècle, l’immeuble change radicalement de fonction. En l’an 2000, quatre logements occupent  l’ancien magasin-entrepôt.",1857,,-73.5572,45.5009
0039-29-1413-00,Magasin-entrepôt Jesse-Joseph [1863-1864],magasin-entrepôt,440,440,rue,440,,Sainte-Hélène,,Ville-Marie (Montréal),NULL,1863,1864,-73.5583,45.5011
0039-29-1958-00,Magasin-entrepôt Gault Brothers,magasin-entrepôt,447,447-449,rue,449,,Sainte-Hélène,,Ville-Marie (Montréal),"Le commerce de la Gault Brothers Co. connaissant une forte expansion, les frères Gault retiennent les services de l’architecte John James Browne afin de construire un nouvel immeuble pour abriter leurs bureaux et salles de montre. Le terrain convoité pour ce projet se trouve en face des anciens locaux de la Gault Brothers Co. Andrew Frederick Gault l’achète en 1870 de la succession Olivier Théophile Bruneau. Au moment de la transaction, un vieil immeuble en pierre de trois étages occupe une partie du lot. Le bâtiment et ses dépendances sont aussitôt démolis. Le nouveau magasin entrepôt de cinq étages avec toit mansardé est construit en 1871 et occupé entièrement par le propriétaire en 1872. L’entrée principale au coin de la rue est particulièrement remarquable et reflète bien l’image de marque que veut se donner l’entreprise. 

En 1914, la succession d’Andrew Frederick Gault, décédé en 1903, vend l’immeuble au grossiste londonien en tissu Debenhams Co. Il change de nouveau de propriétaire en 1945 quand la compagnie de chaussures Lafayette Shoe Manufacturing l’achète, y installe ses ateliers et y poursuit ses activités jusqu’à sa revente au milieu des années 1960. À partir de cette date, l’immeuble est partagé entre plusieurs locataires. Au milieu des années 1990, le bâtiment subit d’importantes rénovations et est transformé en hôtel. L’hôtel Gault a ouvert ses portes en juin 2002.

",1871,,-73.5582,45.5015
0039-29-2406-00,Magasin-entrepôt Mills II,magasin-entrepôt,434,434-438,rue,438,,Sainte-Hélène,,Ville-Marie (Montréal),NULL,1864,,-73.5581,45.5011
0039-29-3150-00,Édifice Hutton,magasin-entrepôt,445,445,rue,445,,Sainte-Hélène,,Ville-Marie (Montréal),NULL,1861,,-73.5581,45.5014
0039-29-4939-01,Entrepôt Chase & Sanborn,indéterminé,431,431,rue,431,,Sainte-Hélène,,Ville-Marie (Montréal),NULL,1907,,-73.5577,45.5013
0040-69-9741-00,410-418 rue Notre-Dame Est,non applicable,410,410-418,rue,418,,Notre-Dame,Est,Ville-Marie (Montréal),,1998,,-73.5521,45.5104
0039-29-4939-02,433 rue Sainte-Hélène ,magasin-entrepôt,433,433,rue,433,,Sainte-Hélène,,Ville-Marie (Montréal),NULL,1873,,-73.5579,45.5014
0039-29-5377-00,Magasins-entrepôts Corse,magasin-entrepôt,438,438-440,rue,440,,Saint-Pierre,,Ville-Marie (Montréal),,1858,,-73.5577,45.5017
0039-29-3786-00, rue Récollets ,indéterminé,360,,rue,360,des,Récollets,,Ville-Marie (Montréal),,1858,,NULL,NULL
0039-29-6568-00,Magasin-entrepôt Alexander-Urquhart,magasin-entrepôt,432,432-434,rue,434,,Saint-Pierre,,Ville-Marie (Montréal),NULL,1855,1856,-73.5576,45.5016
0039-29-7461-00,Magasin-entrepôt William-Carter III,magasin-entrepôt,430,430,rue,430,,Saint-Pierre,,Ville-Marie (Montréal),,1856,1857,-73.5575,45.5016
0039-29-8256-00,Magasin-entrepôt William-Carter II,magasin-entrepôt,428,428,rue,428,,Saint-Pierre,,Ville-Marie (Montréal),,1856,1857,-73.5574,45.5016
0039-29-9448-00,Magasin-entrepôt William-Carter I,magasin-entrepôt,420,420,rue,420,,Saint-Pierre,,Ville-Marie (Montréal),,1856,1857,-73.5572,45.5014
0039-37-1862-00,Édifice du Grand-Tronc,non applicable,360,360,rue,360,,McGill,,Ville-Marie (Montréal),"L’édifice du Grand Tronc est construit entre 1899 et 1902. La Ville de Montréal cède des terrains à la compagnie de transport du Grand Tronc en 1899 en vertu d’une entente par laquelle la compagnie s’engage, entre autres, à maintenir son siège social canadien dans l’édifice pendant au moins vingt ans. Geste rare pour une entreprise anglo-canadienne, la compagnie du Grand Tronc confie la conception à un architecte américain, Richard A. Waite, plutôt qu’à un Britannique. 

Les travaux débutent au printemps 1899 après la destruction des bâtiments qui s’y trouvaient. Au terme d’une construction plus longue que prévue &#8211; les travaux sont ralentis en 1899 en raison d'une pénurie d'acier &#8211;, le somptueux édifice est inauguré le 3 juin 1902. Des filiales de la compagnie du Grand Tronc, dont la Canadian Express, s’installent au rez-de-chaussée et au premier étage, tandis que les étages supérieurs logent des services administratifs et d’ingénierie.  

En 1961, le Canadien National, anciennement la compagnie du Grand Tronc, vend l’édifice au gouvernement du Québec et déménage son siège social au centre-ville. L’immeuble de bureaux héberge dès lors de nombreux services gouvernementaux. En 1987-1988, la Société immobilière du Québec entreprend des travaux de restauration et de rénovation. Le ministère des Relations avec les citoyens et de l’Immigration y aménage en 1988.
",1899,1902,-73.557,45.4998
0039-37-7145-00,Magasin-entrepôt John-Young III,magasin-entrepôt,600,600-612,rue,612,,William,,Ville-Marie (Montréal),,1853,1854,-73.5562,45.4996
0039-37-7841-00,Magasin-entrepôt John-Young II,magasin-entrepôt,138,138-140,rue,140,,McGill,,Ville-Marie (Montréal),,1853,1854,-73.5562,45.4996
0039-37-8936-00,Magasin-entrepôt John-Young I,magasin-entrepôt,130,130-134,rue,134,,McGill,,Ville-Marie (Montréal),,1853,1854,-73.556,45.4995
0039-09-3563-00,Édifice de la Eastern Townships  Bank,gratte-ciel,437,437,rue,437,,Saint-Jacques,,Ville-Marie (Montréal),"Cet édifice, œuvre de l’agence d’architectes Cox et Amos, est construit entre 1907 et 1909 par la Eastern Township Bank. Le rez-de-chaussée loge au départ les bureaux montréalais de la Eastern Township Bank, une banque fondée à Sherbrooke en 1859. Les étages supérieurs hébergent entre autres des compagnies d’assurances, la firme de courtage de Louis-Joseph Forget, les bureaux de la Canadian Car and Foundry Company et le consulat américain. 

En 1912, la Canadian Bank of Commerce devient propriétaire de l’immeuble en faisant l’acquisition de la Eastern Township Bank. Elle le revend en 1919 à une autre institution bancaire, la Banque de Nouvelle-Écosse. Cette dernière s’installe dans les locaux délaissés quelques années plus tôt par la Eastern Township Bank. En 1960, la Banque de Nouvelle-Écosse fait démolir le bâtiment voisin au nord (l’ancien édifice de la Richelieu & Ontario Navigation Company) et procède à l’agrandissement de son bâtiment. Quatre travées sont alors ajoutées du côté du square Victoria. En outre, on ajoute un étage à l’édifice, ce qui entraîne la destruction de la corniche originale. En 2005, la Banque de Nouvelle-Écosse tient toujours une succursale au rez-de-chaussée.",1907,1909,-73.5605,45.5016
0039-09-9541-00,Édifice de la Banque-Toronto-Dominion,gratte-ciel,500,500,rue,500,,Saint-Jacques,,Ville-Marie (Montréal),,1960,1961,-73.5598,45.5014
0039-18-1875-00,Immeuble Joseph-Ulric-Cartier,non applicable,484,484-488,rue,488,,McGill,,Ville-Marie (Montréal),"Dès les années 1900, le restaurateur Joseph-Ulric Cartier loue un espace dans un petit immeuble situé sur la rue Notre-Dame. En février 1907, il achète l'immeuble de Ida Torrence et John Travis et y poursuit ses activités commerciales. Trois ans plus tard, Cartier fait démolir son immeuble et confie à l'architecte Charles Bernier la conception d'un nouvel édifice de cinq étages. L'immeuble est construit en 1911 et, dès 1912, il accueille ses nouveaux locataires.

À la barre du <i> Florence </i>, Cartier poursuit son métier de restaurateur au rez-de-chaussée. Quelques petits commerçants reviennent, mais l'édifice est essentiellement occupé au départ par des avocats, des courtiers, des agents immobiliers et des comptables. 

Cartier décède en 1935 et sa veuve, Marie-Louise Roy, conserve l'édifice. En 1954, les représentants de la succession s'en départissent. Au cours des années, l'édifice connaît plusieurs changements de locataires, mais sa vocation d'immeuble à bureaux ne change pas : il attire de nombreuses entreprises d'import-export et des courtiers. À la fin des années 1980, le bâtiment a fait l'objet d'importants travaux de restauration. Encore aujourd'hui les locataires y sont très variés et le rez-de-chaussée maintient toujours sa vocation commerciale.

",1911,1912,-73.5595,45.5008
0039-18-2463-00,Magasin-entrepôt William-Stephen I,magasin-entrepôt,478,478,rue,478,,McGill,,Ville-Marie (Montréal),NULL,1853,,-73.5594,45.5007
0039-18-3358-01,Magasin-entrepôt John-James-Day,magasin-entrepôt,474,474,rue,474,,McGill,,Ville-Marie (Montréal),NULL,1863,,-73.5592,45.5007
0039-18-3358-02,Entrepôt James-Adams-Mathewson,non applicable,475,,rue,475,,De Longueuil,,Ville-Marie (Montréal),"Cet entrepôt à l'origine en pierre de trois étages est construit vers 1865. L'épicier Samuel Mathewson acquiert en 1853 cet emplacement donnant sur la rue de Longueuil avec une étable ou une dépendance. Tout indique que son fils James Adams, qui hérite de la propriété en 1854, fait construire entre 1855 et 1880 un bâtiment similaire à l'immeuble contigu au sud lui appartenant. Le nouveau bâtiment sert d'entrepôt à l'entreprise des Mathewson, spécialisée dans la vente en gros et au détail de produits d'épicerie, jusqu'en 1946. Vers 1910, le bâtiment, probablement relié par l'intérieur à l'entrepôt voisin au sud, est augmenté de trois étages en brique.

La famille Mathewson vend l'immeuble en 1948. Par la suite, son histoire est associée à celle de l'immeuble voisin au 474, rue McGill. 
",1865,,-73.5593,45.5006
0039-18-4254-01,Maison-magasin Samuel-Mathewson,maison-magasin,468,468-470,rue,470,,McGill,,Ville-Marie (Montréal),"L'épicier Samuel Mathewson fait construire cette maison-magasin en 1841. Mathewson avait acquis en juillet de cette même année la moitié d'un emplacement appartenant en son entier à John Mathewson et la moitié d'un magasin en pierre donnant sur la rue de Longueuil. À l'instar de bâtiments semblables, cette maison-magasin est conçue pour servir à des fins résidentielles et commerciales. Mathewson établit son magasin au rez-de-chaussée et sa résidence au-dessus. 

Au décès de Samuel Mathewson en avril 1854, son fils James Adams hérite de la propriété et suit les traces de son père. Jusqu'au tournant du siècle, l'entreprise familiale oeuvrant dans la vente en gros de produits d'épicerie occupe la plus grande partie du bâtiment comme magasin et un étage sert de logement à des membres de la famille. James Adams Mathewson meurt en 1905. L'immeuble est alors toujours occupé par l'entreprise de la famille, qui concentrera graduellement ses activités davantage dans les entrepôts sur la partie arrière de l'emplacement et qui sont reliés à la partie avant par une aile, mais aussi par les commerces d'un importateur et d'un manufacturier. Il ne sert plus à l'habitation sauf peut-être pour le gardien du bâtiment. Des rénovations, sans plus amples précisions, sont apportées à l'immeuble en 1910.

La famille Mathewson vend le bâtiment en 1948. À compter des années 1960, son rez-de-chaussée abrite un restaurant. En 1985, un incendie survient dans les cuisines du restaurant endommageant aussi un magasin de fourrures, les locaux d'un importateur et d'un marchand d'équipement de restauration. 

En 2004, l'immeuble, transformé en copropriété, a retrouvé sa double vocation résidentielle et commerciale.  
",1841,,-73.5591,45.5007
0039-18-4254-02,Immeuble John-Mathewson,non applicable,471,,rue,471,,De Longueuil,,Ville-Marie (Montréal),"Le fabricant de savon et de chandelles John Mathewson fait bâtir ce magasin à l'origine en pierre de trois étages en 1837-1838. Mathewson avait acquis à l'automne 1836 un grand emplacement vacant comprenant aujourd'hui les terrains des immeubles au 468-470 et au 464, rue McGill. Le nouvel immeuble décrit dans les contrats notariés comme une maison, un hangar ou un magasin, sert probablement dès le départ de lieu d'entreposage et de magasin pour l'entreprise de Mathewson. 

L'épicier Samuel Mathewson achète la moitié nord de l'emplacement et du magasin en 1841. Il y installe l'entrepôt de son commerce établit dans une nouvelle maison-magasin donnant sur la partie avant du lot, sur la rue McGill. Au décès de Mathewson en 1854, son fils James Adams hérite de la propriété et poursuit l'œuvre de son père. L'entreprise familiale se sert du bâtiment comme entrepôt jusqu'en 1946. L'immeuble, relié par une aile au bâtiment de la rue McGill et probablement par l'intérieur à l'entrepôt voisin au nord appartenant à la famille, est augmenté de trois étages en brique vers 1910. 

En 1948, la famille Mathewson vend le bâtiment. Par la suite, celui-ci sert toujours de dépendance aux commerces et restaurant de l'immeuble voisin sur la rue McGill.
",1837,1838,-73.5592,45.5005
0039-18-5050-00,Magasin-entrepôt Charles-Phillips,magasin-entrepôt,464,464,rue,464,,McGill,,Ville-Marie (Montréal),"L’édifice porte le nom du constructeur de l’édifice, même si celui-ci n’est propriétaire que pendant deux ans. Charles Phillips achète en 1869 un lot sur lequel est érigé un bâtiment de petite dimension ne couvrant que la moitié du terrain. On y retrouve un magasin de tissu et deux logements. Phillips démolit rapidement ce bâtiment et ses dépendances, et construit ensuite en 1870 un magasin entrepôt de quatre étages couvrant tout le lot. La fonction résidentielle disparaît par le fait même. Phillips revend le tout en 1871 au premier et seul locataire, Robert Wilkes, importateur de bijoux et de montres de Toronto, membre de divers conseils d,administration et politicien. La succursale de Montréal est gérée par John H. Jones.

Wilkes meurt par noyade avec deux de ses enfants en 1880. Le fonds de commerce passe alors aux mains de Jones. La succession Wilkes, toujours propriétaire de l’édifice, loue les étages supérieurs à divers commerçants. La bijouterie continue ses activités sur la rue McGill jusque vers 1902, date à laquelle l’immeuble est vendu à Hiram Levy, importateur de vêtements en laine. Celui-ci devient alors le principal locataire. À l’édifice qui a déjà perdu sa mansarde d’origine, Levy lui ajoute un étage supplémentaire vers 1910.

Vers 1925, Hiram Levy cesse ses activités commerciales à cette adresse mais demeure propriétaire des lieux. Il loue tout le bâtiment à une entreprise de fourrures qui a déjà pignon sur rue au 1171 Sainte-Catherine ouest : A. J. Alexander Ltd. En 1953, 11 ans après la mort de Hiram Levy, son fils Philip vend l’immeuble à Solomon Smith, marchand de fourrures. Le nouveau propriétaire s’installe seul dans le magasin entrepôt, et poursuit ses activités pendant 40 ans sous le nom de S. Smith and Son Fur Co. Ltd., nom que l’on peut encore voir sur le côté du bâtiment. Actuellement, les nouveaux propriétaires rénovent cet édifice situé tout près de la Cité du multimédia.

En résumé, l’édifice Phillips a connu très peu de changements de propriétaires. Sauf pendant un intermède de 20 ans, la vente de produits de luxe (bijoux, puis fourrures) a caractérisé la fonction commerciale et d’entreposage du bâtiment.
",1870,,-73.5591,45.5006
0039-18-5746-00,Magasin-entrepôt George-Burland,magasin-entrepôt,460,460,rue,460,,McGill,,Ville-Marie (Montréal),"L’homme d’affaires George B. Burland fait construire ce magasin-entrepôt en 1886-1887. Burland acquiert la propriété du shérif du district de Montréal en juin 1886. La maison-magasin en pierre de trois étages et demi qui s’y trouve est probablement démolie peu de temps après. Terminé vers le début du printemps 1887, l’immeuble demeure la propriété de la famille Burland jusqu’au début des années 1950. 

La Charles Morton & Co., des marchands en gros de <i>dry goods</i> (tissus, articles de mercerie et, parfois, autres produits), loue tout le bâtiment entre 1887 et 1889. Jusqu’à la fin des années 1920, le bâtiment abrite ce type de commerce, notamment la A. McDougall & Co. qui occupe tout le magasin-entrepôt entre 1903 et 1929. Ces derniers sont remplacés par la Dominion Paper, des grossistes oeuvrant dans le domaine des articles de papier. Cette entreprise loue le bâtiment pendant trente ans et le quitte en 1961. 

En 1997-1998, on transforme le bâtiment en immeuble de bureaux lors d’importants travaux de restauration. Une importante firme de services conseils en aménagement urbain loue ensuite l’immeuble.",1886,1887,-73.559,45.5005
0039-18-9189-00,465 rue McGill ,non applicable,465,465,rue,465,,McGill,,Ville-Marie (Montréal),,1992,1994,-73.5586,45.5009
0039-19-0864-01,Hôtel Ottawa,non applicable,404,404-410,rue,410,,Saint-Jacques,,Ville-Marie (Montréal),"Parmi les hôtels de première classe construits pendant les années 1840 &#8212; notamment le Ottawa, le Donegana, le Hays' House et le St-Lawrence Hall &#8212; il ne subsiste aujourd'hui que l'immeuble de l'Hôtel Ottawa. Après l'acquisition du terrain vacant par vente de shérif en 1845 (les anciens bâtiments ayant été démolis par le propriétaire précédent), le marchand Harrison Stephens procédait immédiatement à la construction d'un nouvel hôtel de luxe. Avant même d'engager les entrepreneurs, il avait conclu une entente avec l'hôtelier George Hall afin que ce dernier dirige la nouvelle entreprise une fois la construction de l'immeuble terminée. L'architecte George Browne veillait à la conception et à la bonne marche des travaux, tandis que la maçonnerie était confiée à André Auclair et la charpenterie à Daniel McNiven et John Burns. L'hôtel Ottawa ouvrait ses portes en mai 1846, il s'adressait surtout à une clientèle bien nantie. À l'origine le bâtiment n'avait que quatre étages, le cinquième étage n'ayant été ajouté que peu de temps avant 1872. 

Pendant 35 ans, une série d'hôteliers - y compris Samuel Browning dans les années 1850 et Browne et Perley dans les années 1870 - a dirigé le Ottawa. En annonçant son nouveau statut de directeur dans l'annuaire Mackay de 1852, Browning décrivait tous les avantages de l'hôtel: la proximité du centre d'affaires, des vues panoramiques sur la montagne et sur le fleuve et des équipements et services qui ne laissaient rien à désirer. L'immeuble a conservé sa vocation d'hôtel jusqu'en 1881, année du décès de son premier propriétaire. L'édifice est demeuré aux mains de la famille Stephens jusqu'en 1945 (sauf durant une brève période entre 1912 et 1916), cependant le rez-de-chaussée fut réaffecté en magasins et restaurants et les étages supérieurs, en bureaux. À partir d'au moins 1895 jusqu'aux années 1940, le Ottawa Café y avait élu domicile. Le consul général des États-unis s'y était établi dans les années 1880 et 1890, tandis que le haut commissaire pour la Grande Bretagne avait installé son bureau au deuxième étage durant quelques années à partir de 1920. 

Depuis la vente par la succession Stephens en 1945, l'immeuble a appartenu à des agents immobiliers, dont Moscovitch Realties , entre 1959-1980, suivi de Falkam Realties. Cette dernière firme est encore propriétaire de l'immeuble. Pendant tout ce temps le rez-de-chaussée a toujours été utilisé comme magasin, restaurant ou taverne, tandis que les étages supérieurs ont été réservés à des bureaux pour des commerces divers.",1845,1846,-73.5597,45.5016
0039-19-0864-02,Annexe de l'Hôtel-Ottawa,non applicable,409,409-417,rue,417,,Notre-Dame,Ouest,Ville-Marie (Montréal),,1867,,-73.5595,45.5015
0040-55-3402-04,NULL,non applicable,NULL,NULL,NULL,NULL,NULL,NULL,NULL,Ville-Marie (Montréal),,1900,,-73.5544,45.5064
0039-19-1496-00,Édifice de la Sovereign Bank,gratte-ciel,388,388-390,rue,390,,Saint-Jacques,,Ville-Marie (Montréal),"Ce gratte-ciel est construit en 1904-1905 par la Sovereign Bank. Oeuvre de l’architecte américain Howard Colton Stone, il atteint 10 étages et dépasse de quelques pieds le maximum alors autorisé (130 pieds). Il remplace un magasin-entrepôt de trois étages qui a longtemps appartenu au notaire Étienne Guy et à ses héritiers.

La Sovereign Bank occupe les deux premiers étages de l’immeuble de bureaux dès le printemps 1905. Aux étages supérieurs, on retrouve principalement des bureaux d’entreprises, mais on note aussi la présence de bureaux d’avocats, de notaires, de courtiers et d’un consulat. En 1908, la Sovereign Bank se départit de son immeuble suite à sa dissolution : l’entreprise britannique Commercial Union Assurance Company Limited s’en porte alors acquéreur. Cette dernière aménage ses bureaux au deuxième étage à partir de 1909, tandis qu’une succursale de la Union Bank s’installe au rez-de-chaussée. La compagnie d’assurances britannique vend l’édifice en 1969 après y avoir logé pendant 60 ans. De 1970 au milieu des années 2000, l’immeuble conserve la même fonction. En 2005, on peut encore y voir le nom de la Commercial Union Assurance Company Limited gravé au-dessus du troisième étage.",1904,1905,-73.5596,45.5019
0039-19-1578-01,394-402 rue Saint-Jacques ,non applicable,394,394-402,rue,402,,Saint-Jacques,,Ville-Marie (Montréal),,1939,,-73.5597,45.5018
0039-19-1578-02,Magasin-entrepôt Alfred-Larocque [1867],magasin-entrepôt,399,399-401,rue,401,,Notre-Dame,Ouest,Ville-Marie (Montréal),"François-Alfred Chartier Laroque fait construire ce magasin-entrepôt en 1867-1868. Une série de bâtiments sont démolis en 1867 pour permettre l’élargissement de la rue Notre-Dame, à l’ouest de la rue St-Pierre. La maison-magasin appartenant à Laroque, fils de l’important homme d’affaires montréalais François-Antoine Larocque, fait partie de cette série d’immeubles. Laroque entreprend donc aussitôt la construction d’un nouveau magasin-entrepôt en pierre de taille de quatre étages. En 1868, les travaux sont terminés et les deux espaces locatifs du magasin sont occupés. Les premiers locataires de l’immeuble sont d’une part, le fabricant et vendeur de meubles C.E. Pariseau, et, de l’autre, le marchand tailleur William Moss, remplacé l’année suivante, en 1869, par une modiste. À partir de 1873, C.E. Pariseau occupe tout le bâtiment; il quittera les lieux en 1875 après avoir fait faillite.

Pendant les vingt-cinq années suivantes, des entreprises liées au secteur du meuble, de même qu’un encanteur occupent les lieux. Durant cette période, l’immeuble n’abrite qu’un seul locataire à la fois. Alors que l’occupation du magasin-entrepôt est marquée par une forte instabilité, la propriété demeure aux mains des Larocque et de leurs héritiers au moins jusqu’à la Première Guerre mondiale. Au XXe siècle, le bâtiment accueille diverses entreprises commerciales de tout genre et n’a plus vraiment de vocation particulière. On constate toutefois qu’à plusieurs reprises ses occupants sont engagés dans le commerce des tissus et des vêtements. Vers la fin des annnées 1940, la Richard Helmsley Co. Ltée, acquiert l’immeuble. Propriétaire pendant plusieurs décennies, c’est vraisemblablement sous sa gouverne que le bâtiment subit l’ajout d’un étage, entre 1938 et 1950, ainsi qu’une intégration accrue à l’immeuble situé à l’arrière, rue Saint-Jacques. En 2004, le rez-de-chaussée abrite des boutiques tandis qu’aux étages on a des bureaux reliés à l’immeuble de la rue Saint-Jacques.",1867,1868,-73.5594,45.5016
0039-19-3379-00,395-397 rue Notre-Dame Ouest,magasin-entrepôt,395,395-397,rue,397,,Notre-Dame,Ouest,Ville-Marie (Montréal),NULL,1865,,-73.5593,45.5017
0039-19-3889-00,Magasin-entrepôt Joseph-Tiffin [1872],magasin-entrepôt,387,387-389,rue,389,,Notre-Dame,Ouest,Ville-Marie (Montréal),"En février 1872, Joseph Tiffin père achète un lot vacant. Il y fait immédiatement ériger un magasin-entrepôt de quatre étages. Le premier et seul occupant en 1873 est le marchand de tissus Alexander A. Murphy, remplacé avant la fin de la décennie par un marchand de meubles, S. R. Parsons, qui loue le bâtiment jusqu'à la fin du XIXe siècle. 

Vers 1903, l'imprimeur, fabricant et importateur d'articles de bureau Charles F. Dawson y installe son commerce. Il occupe l'immeuble pendant 70 ans, mais n'en sera jamais propriétaire. La propriété de l'édifice demeure dans la famille Tiffin au gré de legs, de cessions et de ventes entre tiers, le tout entremêlé d'une saga judiciaire entre oncle, neveux et nièces concernant l'héritage laissé par Joseph Tiffin père. L'immeuble est finalement acquis en 1943 par James Sutherland, puis vendu par sa succession à David et Léon Tripp en 1975. L'entreprise de Charles Dawson quitte alors les lieux, et les frères Tripp y installent leur commerce de distribution et d'importation de vêtements jusqu'en 1998, année où ils vendent l'immeuble. Les nouveaux propriétaires entreprennent alors la rénovation de l'édifice. 
",1872,,-73.5592,45.5018
0039-19-4308-00,Édifice McGill,gratte-ciel,485,485,rue,485,,McGill,,Ville-Marie (Montréal),"Sur un emplacement acquis de F.W. Molson et associés, la McGill Building Ltd fait construire cet immeuble locatif de dix étages en 1912. Trois immeubles, datant du milieu du XIXe siècle et logeant des commerces et des entreprises sont démolis pour faire place au nouveau projet élaboré d'après les plans de l'architecte Robert Ernest Bostrom.

L'immeuble compte pour locataires un nombre important de compagnies d'assurance, mais aussi quelques bureaux d'avocats et des courtiers en douane, des caractéristiques qui sont présentes durant une bonne partie du XXe siècle. La proximité du port de Montréal attire de nombreuses compagnies de navigation et plusieurs d'entre elles ont leur bureau dans l'immeuble dont la tristement célèbre White Star Line, propriétaire du Titanic.

La McGill Building Ltd vend le bâtiment vers 1945 et plusieurs propriétaires se succèdent par la suite. Bien situé, au c&#339;ur des activités économiques, l'immeuble héberge une grande diversité de locataires dont la Atlantic Sugar Refineries et des entreprises liées à l'exploitation minière. Durant une quinzaine d'années (de 1970 à 1985), le étudiants du CEGEP Dawson s'y rendent pour suivre leurs cours. Au début des années 1990, l'immeuble a fait l'objet de rénovations, un étage a alors été ajouté et l'imposante corniche d'origine a été enlevée.





",1912,,-73.5592,45.5011
0039-19-4498-00,Annexe de la Banque Royale du Canada,non applicable,381,381-383,rue,383,,Notre-Dame,Ouest,Ville-Marie (Montréal),,1904,1905,-73.5591,45.5019
0039-19-4937-00,420-422 rue Notre-Dame Ouest,non applicable,420,420-422,rue,422,,Notre-Dame,Ouest,Ville-Marie (Montréal),,1986,,-73.5591,45.5013
0039-19-6018-00,Magasin-entrepôt Ramsay,magasin-entrepôt,415,415-419,rue,419,des,Récollets,,Ville-Marie (Montréal),"En 1858, M. Alexander Ramsay fait construire cet immeuble après avoir acheté la même année un lot vacant de la veuve Rose Blache. Le bâtiment compte trois étages, incluant le rez-de-chaussée, ainsi qu'un attique muni de petites fenêtres intégrées à la frise, probablement sous une toiture en pente invisible de la rue . À la fin des années 1860, l'attique sera remplacé par deux nouveaux étages et une mansarde. Au lendemain de la construction, A. Ramsay & Son s’installe dans l’immeuble. La firme que dirige Alexander Ramsay est engagée dans l’importation et le commerce de peintures, de vernis, de vitres et de matériel pour artistes; elle investira également dans la fabrication de certains de ces produits, mais dans des usines qu’elle fera construire ailleurs à Montréal. De 1858 à 1907, l’entreprise familiale occupe les lieux sous diverses raisons sociales; après le décès d’Alexander Ramsay en 1867, son fils Alexander prend la relève.  De temps à autre, l’immeuble abrite les bureaux d’autres compagnies que dirige Alexander Ramsay fils, dont la compagnie d’Assurance Dominion Plate Glass. 

De 1912 à 1950, l’histoire du bâtiment est marquée par l’industrie du tabac. Il accueille successivement trois compagnies. La General Cigar, une filiale d’Imperial Tobacco, est la plus importante compagnie de cigares au Canada lorsqu’elle possède et occupe l’immeuble, de 1931 à 1950. Longtemps commercial, le 415-419 des Récollets devient ainsi un établissement industriel. Cette vocation industrielle marque aussi les années 1950 et le début des années 1960. Ensuite, divers occupants se succèdent et une variété de fonctions caractérisent l’immeuble jusqu’au début des années 1980. Des travaux importants sont entrepris en 2005, qui annoncent un changement de vocation.",1858,,-73.5589,45.5012
0039-19-6156-00,Maison-magasin James-Ferrier,maison-magasin,400,400,rue,400,,Notre-Dame,Ouest,Ville-Marie (Montréal),"L’homme d’affaires et politicien James Ferrier fait construire un ensemble de trois maisons-magasins au cours de l’année 1842, dont il ne reste plus que l’immeuble le plus à l’est, au coin des rues Notre-Dame et Sainte-Hélène. En juin, Ferrier acquiert l’emplacement sans bâtiments. Dès le mois de décembre, il conclut un bail pour le printemps suivant de la maison-magasin la plus à l’ouest, ce qui suggère que tout le bloc de bâtiments est construit. Les marchands en gros et au détail de <i>dry goods</i> (tissus, articles de mercerie et peut-être autres produits) Waddell Smith & Company occupent la maison-magasin la plus à l’est au moins dès 1844. Les rôles fonciers de la fin des années 1840 montrent qu’à l’instar des autres maisons-magasins, celle-ci sert au commerce et à l’habitation. 

Cette double vocation est cependant de courte durée, puisqu’au début des années 1850 l’immeuble n’est utilisé qu’à des fins commerciales. Celui-ci est occupé par des marchands principalement de <i>dry goods</i> jusqu’au début du XXe siècle. Entre-temps, en 1855, Ferrier s’engage à apporter des améliorations à l’intérieur du bâtiment et à sa fenestration. L’immeuble est alors communément appelé <i>Albion House</i>, peut-être parce qu’on y vend surtout des produits importés d’Angleterre. 

La bijouterie Edmund Eaves Limited achète l’immeuble de la succession Ferrier en 1907 et en devient le propriétaire-occupant. De nouvelles modifications intérieures sont apportées au bâtiment en 1922 et 1928. La Halifax Insurance Company y établit ses bureaux comme locataire en 1939 avant d’en devenir propriétaire dix ans plus tard. Depuis 1961, le bâtiment est dédié à la restauration. Le troisième étage abrite en 2004 un bureau d’affaires.",1842,,-73.5589,45.5015
0039-19-7137-00,Magasin-entrepôt Johnston,magasin-entrepôt,450,450,rue,450,,Sainte-Hélène,,Ville-Marie (Montréal),"En novembre 1866, par l’intermédiaire de ses syndics, la communauté presbytérienne de l’église Saint-Paul vend à James Johnston sa propriété au coin nord-ouest des rues Sainte-Hélène et des Récollets.  Dans les mois qui suivent, M. Johnston fait démolir l’église et un bâtiment servant d’école qui se trouvent sur les lieux, afin d’y ériger un magasin-entrepôt de quatre étages avec sous-sol. La conception architecturale est confiée à Alexander Cowper Hutchison, et la construction a lieu en 1868. 

La compagnie du propriétaire, la James Johnston & Co., occupe  l’immeuble pendant plus de 30 ans, soit de 1869 à 1900, M. Johnston et ses associés, John Binmore et James Slesser, font de l’importation et de la vente en gros de <i>dry goods</i> (tissus, articles de mercerie, et peut-être d'autres produits). Après le décès de James Johnston père en 1882, son fils du même nom  prend la relève et la succession Johnston conserve la propriété de l’immeuble jusqu’au début du XXe siècle. La prospérité de l’entreprise s’exprime par l’ajout d’un cinquième étage avant 1890. 

Entre 1905 et 1908, un deuxième occupant significatif pour l’histoire de l’immeuble s’installe : il s’agit de Finley, Smith & Co. L’entreprise oeuvre aussi dans le secteur des <i>dry goods</i>, et demeure sur place pendant environ 45 ans. Elle occupe l’immeuble, dont elle devient propriétaire, jusqu’à son départ au début des années 1950. Avec ce départ, une époque est révolue. 

La vocation initiale de l’immeuble qui a perduré jusqu’au milieu du vingtième siècle change. Des commerçants en <i>dry goods</i>, on passe aux courtiers avec l’arrivée de Affiliated Customs Brokers, et d'autres courtiers. Pendant les années 1960 et 1970, l’immeuble de bureaux est souvent identifié sous le nom de Affiliated Building. Des travaux de rénovation et de restauration ont lieu au début des années 1980. L’extérieur du bâtiment est restauré; le cinquième étage reçoit un nouveau parement de pierre et une nouvelle corniche. L'agence douanière Affiliated occupe toujours les lieux en 2004.",1868,,-73.5588,45.5013
0039-19-8380-01,Magasin-entrepôt Anglo-Canadian Leather,magasin-entrepôt,372,372-376,rue,376,,Notre-Dame,Ouest,Ville-Marie (Montréal),"C'est en 1910-1911 que l'entreprise familiale de grossistes et tanneurs de cuir Anglo-Canadian Leather fait construire ce magasin-entrepôt. Conçu pour communiquer avec l'autre magasin-entrepôt adjacent de la compagnie (édifice Shaw), sa réalisation est confiée à l'architecte alors bien en vue Robert Findlay. L'édifice Anglo-Canadian Leather constitue un exemple tardif  de magasins-entrepôts réalisé dans le Vieux-Montréal.

Le site appartient à la famille Shaw depuis le début des années 1860 mais c'est au printemps 1910 qu'on démolit le bâtiment commercial de deux étages existant pour faire place au nouvel édifice. Il est presque terminé quand, en décembre 1910, éclate un violent incendie dans la partie arrière de l'édifice Shaw. Les dommages à l'édifice retardent de quelques mois la fin des travaux.

Les propriétaires aménagent les trois étages supérieurs de l'immeuble comme espace de travail et d'entreposage alors qu'un marchand de cuir et le fabricant de coffre-fort J. & J. Taylor s'installent au rez-de-chaussée. Voici un magasin-entrepôt typique, implanté dans le secteur de l'industrie du cuir et de la fourrure. 

L'Anglo-Canadian Leather vend le bâtiment en 1942 à W. R. Brock Ltd, le voisin à l'ouest propriétaire de l'édifice Récollet House. Par la suite, il est  utilisé par le grossiste Bell Rinfret & Co. et par l'industrie légère. Au milieu des années 1980, la restauration et le recyclage de cet édifice en bureaux de services professionnels changent la vocation première de l'immeuble.
",1910,1911,-73.5587,45.5018
0039-19-8380-02,Magasin-entrepôt Recollet House I,magasin-entrepôt,390,390,rue,390,,Notre-Dame,Ouest,Ville-Marie (Montréal),NULL,1868,,-73.5587,45.5017
0039-19-8380-03,Magasin-entrepôt Recollet House II,magasin-entrepôt,367,367,rue,367,des,Récollets,,Ville-Marie (Montréal),NULL,1867,1868,-73.5585,45.5017
0039-19-9697-00,Édifice Shaw,magasin-entrepôt,366,366-368,rue,368,,Notre-Dame,Ouest,Ville-Marie (Montréal),NULL,1869,,-73.5585,45.5019
0039-19-9919-00,Magasins-entrepôts Jacob-Henry-Joseph [1863-1864],magasin-entrepôt,442,442-446,rue,446,,Sainte-Hélène,,Ville-Marie (Montréal),"En 1863, Jacob Henry Joseph achète un terrain vacant de H. C. Hart. Il y fait construire trois magasins-entrepôts, chacun comprenant quatre étages et un sous-sol. Les travaux débutent à la fin de l’année 1863, sous la direction de l’architecte James Henry Wells, et se terminent en 1864. Ce sont ces trois magasins-entrepôts qui correspondent à l’actuel 442-446 Sainte-Hélène. Jacob Henry Joseph et sa succession conservent la propriété du bâtiment jusqu’au milieu du XXe siècle.

Avec ses trois espaces commerciaux, l’immeuble compte trois occupants d’origine. Le premier est le marchand de <i>wholesale dry goods</i>, Alexandre Walker, qui loue un magasin de 1864 à 1869 (tissus et articles de mercerie vendus en gros, et peut-être d'autres produits). Les deux autres unités accueillent aussi des locataires éphémères. Les marchands Muir, Ewan & Co., société formée de William Muir et William Ewan, amorcent en 1866 un séjour d’une seule année, tandis que les marchands Hunter, Duffy & Johnston restent sur place deux ans, de 1866 à 1868.

L’immeuble est marqué par une histoire complexe. Il connaît beaucoup d’occupants dont les séjours sont souvent très brefs. De la construction aux années 1930 environ, le commerce de tissus, de mercerie, de vêtements et de chapeaux domine, mais il y a aussi un peu de confection. Les entreprises Paterson Bros., commerçants de chapeaux, présente en 1880, et Farrell, Belisle & Co., <i>wholesale millinery and fancy dry goods</i>, présente de 1912 jusqu’au début des années 1920, sont représentatives de cette période. 

Aux alentours de 1930, le secteur de la fabrication, notamment de chapeaux, s’affirme davantage. Puis, au cours des années 1950, les produits du textile cèdent la place au secteur électrique. L’immeuble accueille dorénavant des entreprises de génie-conseil ainsi que de distributeurs de produits électriques. Parmi ces derniers, l’entreprise Gray Electric Co. Reg’d se démarque par un séjour d’environ 50 ans, malgré un important incendie qui endommage l’immeuble en 1976 et conduit à des travaux substantiels.  Un autre tournant majeur dans l’histoire de l’immeuble survient au début des années 2000, alors qu'on le restaure et qu'on y aménage des lofts et quelques espaces de bureaux, vendus en copropriété.",1863,1864,-73.5585,45.5012
0039-37-9931-00,Immeuble Jesse-Joseph VI,non applicable,122,122-124,rue,124,,McGill,,Ville-Marie (Montréal),"L’homme d’affaires Jesse Joseph fait construire cet immeuble en 1884-1885. Entre 1885 et 1898, la confiserie James W. Tester and Co. occupe ce bâtiment ainsi que l’immeuble voisin au sud. La compagnie emploie environ 80 personnes dans ces deux bâtiments, produisant des produits chocolatiers, des caramels et autres confiseries. En 1903, l’immeuble subit d’importants dommages lors d’un incendie : le toit d’origine, en fausse mansarde, disparaît fort probablement à ce moment.",1884,1885,-73.5559,45.4995
0039-38-1697-01,Magasin-entrepôt Jesse-Joseph II,magasin-entrepôt,376,376,rue,376,,Le Moyne,,Ville-Marie (Montréal),"Jesse Joseph, marchand et consul de Belgique, acquiert en 1853 un grand terrain situé sur la rue Le Moyne. Sur ce terrain se trouvaient des hangars de bois entourant une cour intérieure. Joseph décide d’y faire construire, en 1857, une série de cinq magasins-entrepôts conçus par l'architecte James H. Springle, dont quatre subsistent aujourd’hui : les 370, 376, 386 et 390 Le Moyne. Avec le 366 Le Moyne et les 373 et 377 Saint-Paul Ouest, ils forment l’ensemble magasin-entrepôt Joseph.

À l’origine, le magasin-entrepôt compte trois étages et un attique, mais dans le premier tiers du XXe siècle, l'attique est remplacé par un étage complet en brique. Lors de sa construction, le bâtiment comprend un seul espace locatif. Il en sera ainsi presque tout au long de son histoire. Le premier occupant du magasin-entrepôt est Samuel Benjamin, un marchand en gros de <i>dry goods</i>, qui y demeure deux ans, de 1859 à 1861.

Dans les années 1880 et 1890, les fonctions de vente et de fabrication s’entremêlent dans le magasin-entepôt. Des marchands de cuir aux fabricants de bottes et souliers, plusieurs entreprises occupent les lieux au XIXe siècle. À partir du XXe siècle, les activités commerciales dans le bâtiment touchent aux secteurs de l’alimentation, de la fourrure et des produits textiles. C’est vers 1930 que le quatrième étage attique est remplacé par un quatrième étage complet, en brique. Dans les années 1940, Empire Trading Co. s’installe dans le magasin-entrepôt. L’entreprise se spécialise dans l’importation de verrerie et de vaisselle. Sa présence s’étend à deux autres bâtiments de l’ensemble Jesse Joseph, le 370 Le Moyne et le 377 Saint-Paul Ouest. Au tournant du XXIe siècle, le bâtiment, restauré à la fin des années 1990 avec le bâtiment voisin (370), est utilisé à des fins résidentielles.",1857,,-73.5571,45.501
0039-38-1697-02,Magasin-entrepôt Jesse-Joseph VI,magasin-entrepôt,377,377,rue,377,,Saint-Paul,Ouest,Ville-Marie (Montréal),"Ce bâtiment fait partie d'un ensemble formé de cinq unités situées rue LeMoyne et deux unités contigües rue St-Paul O. Jesse Joseph possède déjà depuis cinq ans un immeuble de bureaux à l'emplacement de l'actuel 377 St-Paul O., lorsqu’il décide en 1858 de le faire démolir et de construire ce magasin-entrepôt, comptant trois étages et un attique. Contrairement à tous les autres magaisns-entrepôts de l'ensemble, qui n'ont qu'un occupant à l'origine, celui-ci en accueille trois dès 1859. Ils sont Auguste Amos, marchand en gros de tissus et d’étoffes (<i>dry goods</i>), qui restera jusqu’en 1862, Moss Brothers, spécialisé dans le commerce en gros de fourrures et de vêtements, présent jusqu’en 1865, et Hugh Thompson & Co., grossiste en cuir, qui quittera après un an. Entre 1864 et 1873, on a des occupants uniques; deux grossistes de produits pharmaceutiques se succèdent dans l’immeuble. De 1875 à 1885, les occupants sont un marchand en gros de tissus et d’étoffes (<i>dry goods</i>) puis par un grossiste de cuir; leur présence renoue avec les activités commerciales d’origine. L’immeuble restera ensuite inoccupé pendant les quinze années suivantes. 

La vocation commerciale se maintient au XXe siècle. Entre 1900 et 1915, le bâtiment accueille un commerce en gros de chapeaux, puis un manufacturier de manteaux pour dames. Après un incendie survenu en 1910, il y a des réparations puis un étage complet remplace l'étage attique avant 1918. Et un incendie, en 1925, nécessite la rénovation de l’intérieur du bâtiment. Au cours des deux décennies suivantes, l’occupation de l’immeuble demeure problématique et les locations sont de courte durée. Enfin, vers 1950 des jours meilleurs s’annoncent avec l’arrivée d’un importateur de verrerie et de vaisselle, Empire Trading Co. Présente jusqu’à la fin du XXe siècle, cette entreprise occupe non seulement l'actuel 377 St-Paul O, mais aussi les 370 et 376 LeMoyne. Vers la fin des années 1990, la fonction de l’immeuble est radicalement transformée et il sert à des fins résidentielles et à des activités de bureau. 
",1858,,-73.5568,45.5009
0039-38-1975-00,Immeuble Swift-Copland,non applicable,385,385-389,rue,389,,Saint-Paul,Ouest,Ville-Marie (Montréal),,1907,1908,-73.5569,45.5008
0039-38-3220-00,Édifice de la Canadian Express,gratte-ciel,351,351-355,rue,355,,McGill,,Ville-Marie (Montréal),"Cet édifice, oeuvre de l’agence d’architectes Hutchison and Wood, est construit entre l’automne 1906 et le printemps 1908 par la compagnie ferroviaire du Grand Tronc. Les terrains sont acquis en 1905-1906 par le Grand Tronc, puis les bâtiments qui s’y trouvent sont démolis pour faire place à un élégant gratte-ciel de dix étages, le maximum alors autorisé. L’édifice possède cependant une structure d’acier suffisamment solide pour ajouter, lorsque la réglementation municipale le permettra, d’autres étages. L’immeuble est relié à l’édifice du Grand Tronc, situé de l'autre côté de la rue, par un tunnel contenant des tuyaux qui alimentent en vapeur son système de chauffage.

Les trois premiers étages de l’édifice sont occupés par la Canadian Express, une filiale du Grand Tronc spécialisée dans les mandats bancaires et les chèques de voyage. On retrouve aux étages supérieurs des services administratifs de la compagnie du Grand Tronc et des bureaux d’entreprises. Dès 1918, la compagnie du Grand Tronc et la Canadian Express deviennent les seuls occupants de l’édifice.

En 1961, le Canadien National, anciennement la compagnie du Grand Tronc, vend l’immeuble au gouvernement du Québec qui y installe les bureaux de nombreux services gouvernementaux, notamment ceux du ministère de l’Immigration et du ministère des Transports. Abandonné pendant près d’une quinzaine d’années, l’édifice est vendu par le gouvernement québécois en 1996 à une société immobilière et hôtelière espagnole. Celle-ci entreprend en 2000 la rénovation complète de l’immeuble afin de le transformer en établissement hôtelier. L’hôtel Saint-Paul ouvre ses portes en 2001 et se voit attribué un prix de mise en valeur du patrimoine pour son aménagement intérieur par la Ville de Montréal et ses partenaires.
",1906,1908,-73.5567,45.5003
0039-38-3297-00,Magasin-entrepôt Jesse-Joseph V,magasin-entrepôt,373,373,rue,373,,Saint-Paul,Ouest,Ville-Marie (Montréal),"Ce bâtiment fait partie d'un ensemble formé de cinq unités situées rue LeMoyne et deux unités contigües rue St-Paul O. Jesse Joseph possède déjà depuis cinq ans un bâtiment commercial à l'emplacement de l'actuel 373 St-Paul O., lorsqu’il décide en 1858 de le faire démolir et de construire ce magasin-entrepôt comptant trois étages et un attique. Le nouveau bâtiment accueille son premier occupant en 1859 : le commerce en gros de quincaillerie Foley & Co. louera l'immeuble jusqu’en 1862. 

Malgré quelques années d’inoccupation, les activités de commerce de gros vont dominer les premières années de ce magasin-entrepôt. De 1885 jusqu’aux années 1930, la fabrication caractérise davantage le bâtiment qui accueille plusieurs entreprises de la fourrure et de secteurs connexes. La plus importante est probablement Chevalier Laberge & Co., manufacturier et commerçant en gros de fourrures, qui s’installe en 1912 et demeure dans l’immeuble pendant une vingtaine d’années. Son arrivée coïncide avec des rénovations, entreprises après un incendie survenu en avril 1910. On remplace aussitôt, ou peu après, l'ancien attique par un étage complet revêtu de pierre en façade. 

À partir de la Deuxième Guerre mondiale, on assiste à la disparition de la fonction manufacturière et à l’émergence de nouvelles activités. Ainsi, entre 1940 et 1960 environ, le bâtiment accueille les bureaux administratifs et probablement les entrepôts de deux chaînes de commerces de détail, dont le Continental 5 cents to 1$ Stores. En 1980, une rénovation du 373 St-Paul O. entraîne la multiplication du nombre de bureaux dans l’immeuble. Depuis les années 1990, de nouvelles transformations lui confèrent une vocation résidentielle.
",1858,,-73.5567,45.501
0039-38-4336-00,Immeuble  Harline-Kimber,magasin-entrepôt,400,400-402,rue,402,,Saint-Paul,Ouest,Ville-Marie (Montréal),NULL,1888,,-73.5566,45.5004
0039-38-5657-00,Magasin-entrepôt George-Hagar,magasin-entrepôt,378,378-384,rue,384,,Saint-Paul,Ouest,Ville-Marie (Montréal),NULL,1855,,-73.5564,45.5007
0039-38-7079-01,Maisons-magasins Catherine-Peck,maison-magasin,368,368-372,rue,372,,Saint-Paul,Ouest,Ville-Marie (Montréal),,1835,,-73.5564,45.5009
0039-38-7079-02,Immeuble Ward,indéterminé,361,361-363,place,363,,D'Youville,,Ville-Marie (Montréal),"Cet immeuble est construit en 1905-1906 par Joseph Ward, grossiste en alimentation et échevin de la Ville de Montréal entre 1904 et 1918. Conçu par l’agence d’architectes J. Wright and Son, il loge à l’origine les bureaux de la Joseph Ward Company Limited, un commerce de fournitures électriques et un fabricant d’articles de papier. La Joseph Ward Company Limited quitte en 1924, mais la succession de Joseph Ward conserve les titres de propriété jusqu’en 1994. En 2005, on entame la transformation de l’immeuble en copropriétés (Europa Place d’Youville).",1905,1906,-73.5562,45.5008
0039-38-7893-00,Immeuble Beaver,non applicable,358,358-364,rue,364,,Saint-Paul,Ouest,Ville-Marie (Montréal),,1910,1915,-73.5562,45.5009
0039-39-0911-00,Magasin-entrepôt Jesse-Joseph I,magasin-entrepôt,370,370,rue,370,,Le Moyne,,Ville-Marie (Montréal),"Ce magasin-entrepôt fait partie d’une série de cinq bâtiments construits en 1857 par Jesse Joseph, marchand et consul de Belgique, d'après les plans de l'architecte James H. Springle. C’est en 1853 que Jesse Joseph s’est porté acquéreur d’un terrain sur la rue Le Moyne sur lequel se trouvaient alors des hangars en bois entourant une cour intérieure. Le magasin-entrepôt compte à l’origine trois étages complets et un quatrième étage attique. Trois autres magasins-entrepôts compléteront ensuite l'ensemble dont Jesse Joseph demeurera  propriétaire jusqu’à sa mort, en 1904. Le premier locataire, Stephen H. Thompson, occupe le bâtiment le bâtiment en entier en 1858. Il est alors représentant pour la  Chance Bros. & Co., une entreprise de fabrication de verre. Après avoir hérité de la Chance Bros. Co. en 1860, Stephen Hamilton et son frère Benjamin fondent l’entreprise B. & S. H. Thompson, marchands quincailliers. Ils occupent les lieux jusqu'en 1871. 

De la fin du XIXe siècle aux années 1960, plusieurs entreprises liées au secteur du cuir s’installent dans le magasin-entrepôt. Par exemple, dans les années 1880 et 1890, un fabricant et négociant en cuir expose ses produits dans l'immeuble et y gère son entreprise, alors que la production se fait ailleurs. Des années 1900 jusqu’aux années 1950, l’entreprise Duclos & Payan, grossiste en cuir, occupe les lieux. C’est au cours de cette période que l'attique disparaît au profit d’un étage de brique. Il y a désormais un quatrième étage entier. L’arrivée de la compagnie Empire Trading, qui se spécialise dans l'importation de verrerie et de vaisselle, amène un changement de secteur commercial pour le magasin-entrepôt. L’entreprise regroupe ses activités dans trois des bâtiments de l’ensemble magasins-entrepôts Joseph, sur les rues Le Moyne (actuels 370 et 376) et Saint-Paul (377 Ouest). Elle y demeure jusque dans les années 1980. 

Au tournant du XXIe siècle, le bâtiment, restauré à la fin des années 1990 avec le bâtiment voisin (376), est utilisé à des fins résidentielles.",1857,,-73.557,45.5011
0039-39-1121-00,Magasin-entrepôt Jesse-Joseph VII,magasin-entrepôt,366,366,rue,366,,Le Moyne,,Ville-Marie (Montréal),"Jesse Joseph, un important homme d’affaires montréalais, acquiert, en 1853, un terrain au coin des rues Le Moyne et Saint-Pierre. Sur ce terrain se trouvent alors quatre bâtiments en pierre dont deux qui sont réunis. Sur le terrain, Jesse Joseph entreprend, en 1863-1864, la construction du 366 Le Moyne. Ce bâtiment forme, avec six autres magasins-entrepôts, l’ensemble Joseph. Le magasin-entrepôt est construit sur le même modèle que les bâtiments voisins sur Le Moyne, ce qui nous porte à croire qu'il a été construit d'après les plans de l'architecte James H. Springle qui ont servi à la construction de ces bâtiments. À l’origine le magasin-entrepôt compte trois étages complets et un quatrième étage attique. Le tout premier occupant est McIntyre, Denoon & Co., une entreprise de vente en gros de <i>dry goods</i> (tissus, articles de mercerie et peut-être d'autres produits). La compagnie demeure dans le bâtiment pendant deux ans, de 1865 à 1867. 

Le bâtiment est occupé au fil du temps par un, deux, trois et même quatre locataires simultanément. La variété des occupants du magasin-entrepôt est certainement sa principale caractéristique. Par exemple on y trouve dans les années 1880 une manufacture de bottes et chaussures, dans les années 1900, une compagnie d’importation de cuir et, dans les années 1940, une autre de fabrication d’ornements. L'immeuble perd son attique avant 1938 puis un étage complet, en brique, est ajouté entre 1940 et 1950. Plus le XXe siècle avance, plus le magasin-entrepôt accueille des entreprises liées au secteur des services. Ainsi, dans les années 1940, y trouve-t-on un service de messagerie et dans les années 1960, une agence de publicité. Dans les années 1990, l’ancien magasin-entrepôt est utilisé à de nouvelles fins puisqu’on le réaménage en logements.",1863,1864,-73.557,45.5012
0039-39-1528-00,360 rue Le Moyne ,indéterminé,360,360,rue,360,,Le Moyne,,Ville-Marie (Montréal),"Construit en 1901, cet immeuble est conçu par l’architecte C. B. Paterson pour l’homme d’affaires et consul de Belgique Jesse Joseph. Il remplace un immeuble détruit lors du gigantesque incendie qui frappe une partie importante du quartier Ouest du Vieux-Montréal dans la nuit du 24 janvier 1901. Le bâtiment est d’abord occupé brièvement par le grossiste de papier Canada Paper. ",1901,,-73.557,45.5013
0039-39-2034-00,356 rue Le Moyne ,indéterminé,356,356,rue,356,,Le Moyne,,Ville-Marie (Montréal),"Construit en 1901, cet immeuble est conçu par l’architecte C. B. Paterson pour l’homme d’affaires et consul de Belgique Jesse Joseph. Il remplace un bâtiment détruit lors du gigantesque incendie qui frappe une partie importante du quartier Ouest du Vieux-Montréal dans la nuit du 23-24 janvier 1901. Le nouvel immeuble est d’abord occupé brièvement par un grossiste de &laquo;&nbsp;marchandises sèches&nbsp;&raquo; (<i>dry goods</i>), puis, jusqu’au milieu des années 1950, par des entreprises oeuvrant dans le domaine des produits dérivés du cuir. À cette époque, l’industrie du cuir se concentre dans cette partie du Vieux-Montréal.",1901,,-73.5569,45.5013
0039-39-2542-00,350-352 rue Le Moyne ,non applicable,350,350-352,rue,352,,Le Moyne,,Ville-Marie (Montréal),"Le soir du 23 janvier 1901, un incendie éclate dans un immeuble au coin des rues Le Moyne et Saint-Pierre (site actuel du 350-352 Le Moyne). Pendant la nuit, le feu se propage et ravage une trentaine de bâtiments du quartier, dont trois immeubles contigus de la rue Le Moyne appartenant à l’homme d’affaires et consul de Belgique Jesse Joseph. Quelques mois plus tard, Joseph demande à l’architecte C. B. Paterson de concevoir trois bâtiments pour les remplacer. Terminé vers la fin de l’année 1901, le 350-352 Le Moyne est le plus imposant des trois. Il loge à l’origine une entreprise anglaise de fabrication de vêtements imperméables du nom de J. Mandleberg and Co. et les grossistes de vêtements S. F. McKinnon and Co. En 1922, l’immeuble est acheté par la compagnie d’importation de produits pharmaceutiques français Rougier Frères, laquelle occupe le bâtiment jusqu’en 1956.",1901,,-73.5568,45.5014
0039-39-3606-00,Magasin-entrepôt Donald-Ross II,magasin-entrepôt,367,367-369,rue,369,,Saint-Paul,Ouest,Ville-Marie (Montréal),"Ce magasin-entrepôt de trois étages a été construit en 1859-1860 par la succession Ross et par Donald Ross, un des co-héritiers de cette succession. La succession acquiert la propriété avant 1858 et amorce en 1859 un projet que Donald Ross mènera à terme l’année suivante. C’est la succession qui semble avoir fait démolir un bâtiment commercial situé sur ce terrain et qui aurait entrepris la construction d’un nouveau magasin-entrepôt. Donald Ross est toutefois propriétaire lorsque le premier locataire s’y installe en 1860. Ross n’occupe jamais l’immeuble mais en conserve la propriété jusqu’à son décès au début des années 1870. Plus tard, la propriété sera léguée au Trafalgar Institute, une école privée pour jeunes filles établie grâce à la générosité de Ross.

Le magasin-entrepôt accueille son premier locataire, les marchands en gros de tissus et d’étoffes (<i>dry goods</i> ) Stewart & MacIntyre, en 1860; cette société quitte après deux ans. Pendant les quinze prochaines années, le commerce en gros de <i>dry goods</i> ainsi que celui du cuir caractérisent les lieux. De 1880 à 1904, le bâtiment accueille la firme Shaw McLean & Co. et ses successeurs, entreprises de fabrication et de vente de chapeaux de fourrure. 

En 1904, les magasins-entrepôts construits par Donald Ross sont victimes d’un important incendie qui nécessite sa reconstruction presque complète. On profite de l’occasion pour ajouter deux étages à chaque unité. Après cet agrandissement, le bâtiment accueille un plus grand nombre de locataires, dont des entreprises spécialisées dans la fabrication et le commerce en gros de vêtements de fourrure. De 1920 à 1940, le bâtiment éprouve de la difficulté à trouver des occupants stables. Une exception est la manufacture de pantoufles, Oxford Slipper Manufacturing. Co. Inc. qui s’installe vers 1940 et occupe une partie des lieux pendant une vingtaine d’années. Pendant son séjour, elle partage l’espace avec un commerce en gros de fourrures, une manufacture de chaussures, un marchand général, une entreprise de produits de plastique et une manufacture de stylos. Cette dernière fait également preuve de longévité : on la retrouve dans l’immeuble jusqu’aux alentours de 1975, soit plus de vingt ans.

Vers la fin des années 1970, la vocation de l’immeuble est transformée; dorénavant, les bureaux et les logements cohabitent dans le bâtiment. Au tournant du XXIe siècle, la vocation résidentielle s’empare de tout le bâtiment. 

",1859,1860,-73.5567,45.501
0039-39-3832-00,410 rue Saint-Pierre ,indéterminé,410,410,rue,410,,Saint-Pierre,,Ville-Marie (Montréal),NULL,1901,,-73.5567,45.5013
0039-39-4015-00,Magasin-entrepôt Donald-Ross I,magasin-entrepôt,361,361-365,rue,365,,Saint-Paul,Ouest,Ville-Marie (Montréal),"Ce magasin-entrepôt de même que son voisin a été construit par l’homme d’affaires montréalais Donald Ross. Ross hérite d’un bâtiment commercial sis sur ce terrain, le fait démolir et entreprend la construction d’un nouvel immeuble de trois étages en 1860. Ross n’occupe jamais l’immeuble mais en conserve la propriété jusqu’à son décès au début des années 1870. Plus tard, il sera légué au Trafalgar Institute, une école privée pour jeunes filles établie grâce à la générosité de Ross.

En 1861, le magasin-entrepôt accueille son premier locataire, le commerce en gros de tissus et produits de mercerie (dry goods) de William & J. Smith & Co. Après leur départ en 1863, deux autres occupants s’y établissent à tour de rôle jusqu’au début des années 1880 : un second marchand de dry goods puis un marchand de cuir. Dans les prochaines années, cette orientation se maintient et le bâtiment est voué au commerce en gros de produits textiles et de vêtements, de même qu’à l’industrie de la confection. 

Il y a toutefois des exceptions à cette tendance. Ainsi, au tournant du XXe siècle, le bâtiment accueille un importateurs de cigares et de liqueurs. 

En 1904, un incendie cause d’importants dégâts à cet immeuble et à son voisin. Lors de la reconstruction des deux unités de l’ensemble Ross on ajoutera deux étages à chaque unité. Dès lors, le bâtiment tend à accueillir un plus grand nombre d’occupants. Dans les années suivantes, la Dominion Cord & Tassel Co., une entreprise de passementerie, occupe longtemps les deux étages supérieurs, tandis qu’une série d’entreprises vont se succéder aux trois premiers étages.

Des années 1930 à 1970, le bâtiment éprouve quelques difficultés à recruter des occupants stables. Malgré tout, la présence de commerces en gros des textiles et d’entreprises de la confection lui confère une certaine continuité.

Vers la fin des années 1970, la vocation de l’immeuble est transformée. Dorénavant, les bureaux de divers types, dont ceux de maisons de production, et les résidences cohabitent. Cette mixité caractérise toujours le bâtiment au début du XXIe siècle. 
",1860,,-73.5566,45.5011
0039-39-4272-00,Édifice Beardmore,non applicable,417,417-419,rue,419,,Saint-Pierre,,Ville-Marie (Montréal),"En 1899, la firme Beardmore & Co. se porte acquéreur d'un immeuble érigé sur un terrain, propriété de la succession James S. Evans. En 1901, un incendie détruit le bâtiment et les propriétaires mandatent l'architecte Howard Colton Stone pour la construction d'un entrepôt de sept étages, en pierre et en brique. Terminé en 1903, l'immeuble reprend les règles de la colonne antique : une structure en trois registres composée d'une base (socle), d'un fût (étages intermédiaires) et d'un chapiteau. Un modèle de référence qui s'impose à l'époque. Cette année-là, la Beardmore & Co. loge au rez-de-chaussée et au 1er étage. Les étages supérieurs sont tous occupés par des importateurs, des manufacturiers et des marchands de cuir et de produits dérivés du cuir.

En 1905, la Beardmore & Co. achète le lot vacant situé au nord de leur immeuble, et ce n'est qu'en 1910 que la compagnie l'utilise pour agrandir son immeuble. Les travaux sont majeurs et durent deux ans. L'entrepôt est considérablement agrandi, autant en largeur qu'en profondeur, et il est rehaussé d'un huitième étage. Ces ajouts s'harmonisent avec le style architectural adopté en 1901.

En 1936, la Beardmore Leathers Ltd vend l'immeuble. Il change dès lors plusieurs fois de mains et accueille de nombreux locataires qui sont majoritairement actifs dans le secteur du cuir. Durant les années 1980 et surtout 1990, la vocation de cet immeuble est modifiée : il attire désormais des restaurateurs, principalement au rez-de-chaussée, et bon nombre d'entreprises oeuvrant dans divers secteurs des communications.







",1902,1903,-73.5566,45.5017
0039-39-5123-00,Immeuble John-Fisher,maison-magasin,351,351-355,rue,355,,Saint-Paul,Ouest,Ville-Marie (Montréal),"Le marchand John Fisher fait bâtir cet immeuble en 1834. Propriétaire de l’emplacement avec deux vieilles maisons et leurs dépendances depuis 1832, Fisher engage les maçons entrepreneurs William Lauder et William Spiers ainsi que le charpentier Olivier Fréchette pour lui construire le nouveau bâtiment. Les épiciers Neil et Robertson McIntosh sont les premiers occupants de la moitié nord de l’immeuble. Ils y tiennent leur épicerie et, bien qu’aucune source n’ait pu le confirmer, ils habitent probablement dans des logements aux étages. En effet, l’utilisation à des fins résidentielles et commerciales de l’immeuble est attestée dans le rôle foncier de 1848, alors que près du tiers du bâtiment sert à l’habitation. James Smith en est alors le propriétaire.

Cette double vocation subsiste au cours des années 1850. L’immeuble comprenant deux magasins est principalement occupé par des marchands de poterie et des épiciers. À la fin des années 1870, le bâtiment à vocation commerciale sert aussi à la fabrication. La transformation de la fourrure y prend rapidement de l’importance. En 1901, un incendie détruit partiellement l’immeuble. La succession Smith, propriétaire jusqu’en 1905, fait reconstruire la partie arrière en brique rouge, alors que la façade en pierre de la rue Saint-Paul ainsi qu’une partie du mur du côté est sont sauvegardées. Jusqu’aux années 1960, la confection et la vente de vêtements de fourrures demeurent les principales activités exercées dans le bâtiment, comme dans plusieurs autres immeubles du voisinage. L’entreprise J. Kaufman Limited s’y établit notamment de 1925 jusqu’au début des années 1960. 

L’immeuble est occupé par une compagnie d’instruments de navigation pendant une vingtaine d’années dès la fin des années 1950. Il abrite en 2004 un restaurant au rez-de-chaussée et des bureaux aux étages.",1834,,-73.5565,45.5012
0039-39-6149-01,Magasin-entrepôt John-Ogilvy,magasin-entrepôt,325,325,rue,325,,Saint-Paul,Ouest,Ville-Marie (Montréal),NULL,1861,1862,-73.5564,45.5014
0039-39-6149-02,Magasin-entrepôt Pratt,magasin-entrepôt,315,315,rue,315,,Saint-Paul,Ouest,Ville-Marie (Montréal),NULL,1862,,-73.5562,45.5014
0039-39-7693-00,Immeuble Coristine,non applicable,290,290,rue,290,,Le Moyne,,Ville-Marie (Montréal),"Cet immeuble est construit en trois étapes. La première débute en 1901 pour se terminer en 1902, la seconde a lieu en 1904 et la troisième se déroule en 1907. L’architecte d’origine américaine Howard Colton Stone supervise l’ensemble des travaux. 

En janvier 1901, les bâtiments abritant le commerce de fourrures de la James Coristine & Co. passent au feu lors du grand incendie du quartier Ouest du Vieux-Montréal. Suite à la catastrophe, James Coristine décide de construire un nouvel immeuble où il pourra non seulement loger son entreprise, mais aussi louer des espaces de bureaux. 

La première section de l’immeuble est construite en 1901-1902 et forme un &laquo;&nbsp;U&nbsp;&raquo; longeant les rues Saint-Paul, Saint-Nicolas et Le Moyne. Elle est occupée par l’entrepôt et la manufacture de la James Corisitine Co. Limited de 1902 à 1904. En 1904, on construit une adjonction sur la rue Saint-Paul, jusqu’au court Evans. L’entreprise de James Coristine y déménage aussitôt, tandis que la section de l’immeuble de 1901-1902 accueille ses premiers locataires. Finalement, on agrandit l’immeuble du côté de la rue Le Moyne en 1907. Là encore, il s’agit d’espaces locatifs. Au total, l’immeuble compte 170 000 pieds carrés en superficie répartis sur six étages, ce qui en fait alors l’un des bâtiments les plus imposants à Montréal.

La James Coristine Co. Limited occupe une partie de l’immeuble jusqu’au début des années 1930. La section délaissée est aussitôt transformée en bureaux de location. Devenu exclusivement un immeuble de bureaux, il conserve ensuite cette fonction. En 2005, il loge des locataires de tous horizons.",1901,1902,-73.5562,45.5018
0039-39-8503-02,Magasin-entrepôt Snowdon,magasin-entrepôt,351,351,place,351,,D'Youville,,Ville-Marie (Montréal),NULL,1875,,-73.556,45.501
0039-39-8924-00,Maison-magasin François-Benoît,maison-magasin,320,320-326,rue,326,,Saint-Paul,Ouest,Ville-Marie (Montréal),"L'aubergiste François Benoît acquerrait ce terrain en 1843, mais il conserva les anciennes bâtisses (deux immeubles à deux étages dont une maison de pierre et une autre de brique) jusqu'en 1849. Cette année-là il engageait le maçon Vital Gibault pour construire un nouvel édifice de pierre taillée à trois étages. La mort subite de Gibault, à peine quelques semaines après la signature du marché, força Benoît à engager François-Xavier Boucher et Étienne Couturier dit Lajoie afin de compléter l'immeuble. Le tout était terminé en mai 1850, le rôle foncier indique cette année-là la présence de trois magasins et logements alors vacants.

L'édifice demeurera la propriété de Benoît et de sa famille pendant 50 ans, période pendant laquelle il fut occupé par divers commerçants. Durant cette période, mais avant 1872, les propriétaires firent construire une rallonge vers l'arrière, de même facture que l'immeuble principal. L'édifice occupa dès lors la superficie totale du lot. Vers 1890, James Fyfe, manufacturier de balances, s'établissait dans les locaux et, en 1901, il achetait la propriété des enfants de Benoît. Nommé inspecteur de balances pour le Canada, Fyfe quittait Montréal pour Ottawa vers 1906, année où il cédait sa propriété à Hiram Johnson, marchand de fourrures. Bien que Johnson occupa les lieux pendant seulement quatre ans avant son décès prématuré, cet achat inaugurait une période de 65 ans pendant laquelle la transformation des fourrures fut la principale activité exercée dans l'immeuble. Harry Richer, marchand fourreur, s'y installa entre la fin des années 1930 et le début des années 1970. En effet, l'immeuble de Johnson se trouvait au coeur d'un quartier où le commerce des fourrures était dominant.

Ayant vendu l'immeuble à William Albert en 1921, la fille de Johnson devait le reprendre par dation en paiement en 1935. S'ensuivirent deux transactions après lesquelles la succession de Charles Séraphin Rodier, l'ancien maire de Montréal, devenait propriétaire de l'édifice en 1941. Le nouveau propriétaire exerça son droit jusqu'en 1974 alors qu'il le céda à René Delbuguet, propriétaire du restaurant Chez la mère Michelle. Ce dernier a rénové la bâtisse en 1975 et en est toujours propriétaire. Depuis que les travaux sont terminés, la maison de production Via le Monde, du cinéaste Daniel Bertolino, occupe le troisième étage. Quant au rez-de-chaussée on note un va-et-vient de différents commerces et, actuellement, s'y trouvent un restaurant et un magasin d'antiquités.",1849,1850,-73.556,45.5012
0039-39-9740-00,312 rue Saint-Paul Ouest,non applicable,312,312,rue,312,,Saint-Paul,Ouest,Ville-Marie (Montréal),,1815,,-73.5559,45.5014
0039-46-8479-00, rue Soeurs-Grises ,non applicable,85,,rue,85,des,Soeurs-Grises,,Ville-Marie (Montréal),,2007,2008,-73.5549,45.499
0039-46-9193-00,84 rue McGill ,non applicable,84,84,rue,84,,McGill,,Ville-Marie (Montréal),,9999,,-73.5547,45.4991
0039-47-0728-00,Immeuble Jesse-Joseph V,non applicable,120,120,rue,120,,McGill,,Ville-Marie (Montréal),"L’homme d’affaires Jesse Joseph fait construire cet immeuble en 1884-1885. Entre 1885 et 1898, la confiserie James W. Tester and Co. occupe ce bâtiment ainsi que l’immeuble voisin au nord. La compagnie emploie environ 80 personnes dans ces deux bâtiments, produisant des produits chocolatiers, des caramels et autres confiseries. En 1903, l’immeuble subit d’importants dommages lors d’un incendie : le toit d’origine, en fausse mansarde, disparaît fort probablement à ce moment.",1884,1885,-73.5558,45.4995
0039-47-1523-00,Immeuble Jesse-Joseph IV,non applicable,116,116,rue,116,,McGill,,Ville-Marie (Montréal),,1883,1884,-73.5557,45.4994
0039-47-2219-00,Immeuble Jesse-Joseph III,non applicable,112,112,rue,112,,McGill,,Ville-Marie (Montréal),,1883,1884,-73.5556,45.4994
0039-47-3015-00,Immeuble Jesse-Joseph II,non applicable,110,110,rue,110,,McGill,,Ville-Marie (Montréal),,1883,1884,-73.5555,45.4994
0039-47-3711-00,Immeuble Jesse-Joseph I,non applicable,106,106,rue,106,,McGill,,Ville-Marie (Montréal),,1884,,-73.5554,45.4993
0039-47-4905-00,Édifice Baie d'Hudson,non applicable,100,100,rue,100,,McGill,,Ville-Marie (Montréal),,1877,1878,-73.5552,45.4993
0039-47-6466-00,Édifice des Douanes,non applicable,400,400,place,400,,D'Youville,,Ville-Marie (Montréal),"Au début des années 1910, le gouvernement du Canada obtient des soeurs Grises le terrain nécessaire pour ériger son nouvel édifice des douanes. Les bâtiments démolis en 1911 servaient à des marchands de grain et de charbon. On y retrouvait aussi un modeste édifice des douanes du gouvernement fédéral. Cet ensemble disparate avait été érigé au début des années 1870 au moment de l'ouverture de la rue Normand. Les travaux de construction du nouvel immeuble sont exécutés sous la direction du Ministère des travaux publics, mais les architectes E.L. Horwood et Alfred Hector Lapierre sont aussi associés au projet.

La première partie de l'édifice des douanes du Canada est inaugurée en 1915, confirmant ainsi le statut de Montréal comme porte d'entrée du Canada. À cette date, l'édifice occupe la moitié de l'îlot à partir de la rue d'Youville. La partie nord du site est alors un vaste terrain vague où l'on prévoit construire une extension au bâtiment. Entre 1934 et 1936 d'importants travaux d'agrandissement sont entrepris. Les architectes Thomas Fuller et Dalbé Viau sont responsables des travaux et s'assurent que la nouvelle section de l'édifice s'harmonise parfaitement avec la section initiale. Près de 20 ans après la première phase, et ce, en pleine récession, on rencontre les objectifs fixés : l'édifice s'étire dorénavant vers le nord jusqu'à la place D'Youville. Le bâtiment appartient toujours au gouvernement fédéral qui l'utilise comme immeuble de bureaux. Hormis les bureaux d'administration, l'immeuble comprend aussi des espaces d'entreposage. 

",1912,1916,-73.5554,45.4998
0039-48-7126-02,Ancien hôpital général de Montréal,non applicable,138,138-146,rue,146,,Saint-Pierre,,Ville-Marie (Montréal),"L'Hôpital Général se distingue comme étant le plus vieil immeuble dans l'arrondissement historique après le Vieux Séminaire. La survie du bâtiment ne fut cependant pas toujours assurée : la dissolution de la communauté fondatrice au début du XVIII<sup>e</sup> siècle, des incendies en 1765 et 1900 et l'expansion des activités commerciales reliées au port à partir du milieu du XIX<sup>e</sup> siècle ont tour à tour menacé l'existence de l'immeuble. En 1688, les seigneurs (les messieurs de Saint-Sulpice) accordaient un terrain de 4,5 hectares à François Charon de la Barre afin que ce dernier puisse réaliser son projet d'ouvrir une maison de charité destinée à soulager les plus démunis de la société. Située hors de la ville nouvellement palissadée, au sud de la Petite rivière et à l'ouest du site du fort de Ville-Marie, la propriété projetée serait deux fois plus grande que les autres terrains conventuels à l'intérieur de l'enceinte. 

Entre 1693 et 1696, la communauté fondée par Charon – les Frères hospitaliers de la Croix et de Saint-Joseph, ou Frères Charon – faisait construire un ensemble immobilier pour abriter son œuvre. Le noyau était formé de trois bâtiments ou ailes, dont il ne subsiste aujourd'hui que les deux premiers, construits en 1693-1694. D'ouest en est, les composantes étaient l'aile de la Communauté (un corps de logis presque parallèle à la rue Normand) et l'aile des Pauvres (perpendiculaire à la première). Les deux ailes comportaient deux étages en pierre et un troisième sous un toit mansardé. Une église construite entre 1695 et 1697 à l'est de l'aile des Pauvres complétait l'ensemble, mais elle fut démolie lors de l'ouverture de la rue Saint-Pierre en 1872. Ne possédant que les marchés de fourniture pour les matériaux de construction, on ignore l'identité de l'architecte et des artisans qui ont entrepris les ouvrages, mais on peut constater que l'ensemble avait la facture d'une architecture de prestige classique de la fin du XVII<sup>e</sup> siècle. À ce noyau central se sont ajoutés plusieurs bâtiments secondaires qui devaient assurer des revenus à l'Hôpital – manufacture de bas, brasserie, moulin et pressoir à cidre – tous disparus par la suite. 

N'ayant acquis le droit de se constituer en congrégation religieuse qu'en 1723 et victime d'une mauvaise gestion financière, la petite communauté des Frères Charon périclita à partir de 1720. En 1747, Marguerite d'Youville appuyée par la communauté qu'elle avait fondée, les Sœurs de la charité ou Sœurs grises, prit en charge l'hôpital. Les Sœurs firent réparer les immeubles lors de leur occupation mais les dommages causés par l'incendie de 1765 ont nécessité encore plus de travaux. Les ailes de la Communauté et des Pauvres furent reconstruites dans leurs murs originaux et on présume qu'à cette époque l'étage mansardé fut transformé en un étage de pierre surmonté par un toit à deux versants.

C'est toutefois au XIX<sup>e</sup> siècle que l'Hôpital a subi ses plus importants travaux d'agrandissement et de reconstruction. À partir de 1816, les Sœurs réussirent à récupérer des sommes importantes placées en France sous le Régime français et trouvèrent ainsi des ressources pour réaliser leurs projets. On entreprenait la rénovation de l'aile de la Communauté en 1820-1823 et de l'aile des Pauvres en 1831-1833; dans chaque cas les murs furent haussés afin de dégager l'étage des combles. À la suite de la construction d'une nouvelle aile des pauvres à l'est de l'église, les anciennes ailes des Pauvres et de la Communauté formèrent la nouvelle aile de la communauté. En 1847 l'ancienne aile de la Communauté fut rallongée vers le nord puis, en 1851, la même aile s'agrandissait vers le sud.

Ces travaux d'agrandissement ont modifié considérablement l'allure du terrain de l'Hôpital. Mais, ce dernier se trouvait aussi de plus en plus touché par les activités portuaires et commerciales propres au développement urbain. Dès les années 1840, l'ouverture des rues McGill et d'Youville a retranché des parties importantes du terrain. En 1872, les Sœurs déménageaient dans un nouveau bâtiment situé à l'angle des rues René-Lévesque et Guy. La communauté a conservé la possession de son ensemble à la pointe à Callière, mais l'ouverture des rues Saint-Pierre et Normand à travers le terrain a nécessité la démolition du bâtiment où se trouvait l'église et la nouvelle aile est. Quant aux immeubles d'origine, ils furent réaffectés en entrepôts et d'au moins 1885 jusqu'aux années 1950 on y retrouva l'entrepôt de la Dominion Wire Rope Company. Les immeubles servirent d'entrepôts jusqu'au milieu des années 1960 moment où ils furent abandonnés.

Ayant décidé de réintégrer leurs vieux immeubles, les Sœurs grises se sont engagées dans un programme majeur de restauration et de réaménagement de leur première maison-mère en 1971. Les travaux ont duré une décennie et assurèrent la conservation des murs de pierre, de la charpente et des planchers en planches larges ou en dalles de pierre. Quelques pièces reçurent une attention particulière afin de leur redonner leur apparence ou leur vocation d'origine : la chambre de Marguerite d'Youville, la salle des Pauvres, la cuisine, le réfectoire et la salle de la communauté. Dès février 1981, les Sœurs occupaient à nouveau les immeubles. Aujourd'hui la maison rénovée abrite l'administration générale de l'Institut des Sœurs de la charité de Montréal et le centre d'animation des œuvres de la congrégation.",1693,1694,-73.555,45.5003
0039-48-7126-03,Ancienne église de l’Hôpital-Général-de-Montréal,non applicable,124,,rue,124,,Saint-Pierre,,Ville-Marie (Montréal),,1831,1833,-73.5546,45.5004
0039-48-7126-04,Ancienne sacristie de l’Église-de-l’Hôpital-Général-de-M.,non applicable,120,,rue,120,,Saint-Pierre,,Ville-Marie (Montréal),,1831,1833,-73.5544,45.5003
0039-48-7126-05, rue Normand ,non applicable,119,,rue,119,,Normand,,Ville-Marie (Montréal),,9999,,-73.5545,45.5
0039-48-9183-00,Magasins des soeurs Grises I,magasin-entrepôt,127,127-147,rue,147,,Saint-Pierre,,Ville-Marie (Montréal),"En 1872-1873, les s&#339;urs Grises font construire, sous la supervision de l'architecte Michel Laurent, un bâtiment qui comprend 11 magasins-entrepôts mitoyens. Les six unités à partir de la place d'Youville sont réalisées en 1872 tandis que les cinq autres unités au sud sont complétées l'année suivante. Deux autres bâtiments, aujourd'hui démolis, sont construits en 1873 sur le terrain arrière.  

Pendant près de un siècle, de nombreux locataires oeuvrant dans divers secteurs d'activités occupent l'immeuble. Des cigariers, des entreprises d'alimentation, un marchand de peinture et de matériel de restaurant s'y sont entre autres succédés, certains y louant des espaces pendant des décennies.

En 1977, la Société centrale d'hypothèques et de logement (SCHL) acquiert la propriété, puis la revend en 1981 à un promoteur privé qui entreprend aussitôt son recyclage. Abîmée à la suite d'un incendie, l'unité du coin de la place d'Youville fait l'objet d'une attention particulière. Aujourd'hui, le bâtiment s'intègre aux Cours de Callière, un complexe multifonctionnel qui s'étend sur tout le côté est de la rue Saint-Pierre, depuis la place d'Youville jusqu'à la rue de la Commune. Près d'une cinquantaine de copropriétés y côtoient des commerces et des bureaux.",1872,1873,-73.5548,45.5008
0039-49-0515-00,Magasin-entrepôt Léandre-Chaput,magasin-entrepôt,355,355,rue,355,,Saint-Pierre,,Ville-Marie (Montréal),NULL,1871,1872,-73.5558,45.5012
0039-49-1233-00,Entrepôt Howe & McIntyre,non applicable,311,311-315,place,315,,D'Youville,,Ville-Marie (Montréal),,1906,,-73.5557,45.5013
0039-49-1759-00,Immeuble Henry-Stroud,magasin-entrepôt,296,296,rue,296,,Saint-Paul,Ouest,Ville-Marie (Montréal),NULL,1904,,-73.5557,45.5015
0039-49-2067-00,Immeuble Seybold,magasin-entrepôt,294,294,rue,294,,Saint-Paul,Ouest,Ville-Marie (Montréal),,1901,1902,-73.5556,45.5016
0039-49-2987-00,Immeuble Lyman,non applicable,285,285,place,285,,D'Youville,,Ville-Marie (Montréal),,1908,1909,-73.5555,45.5018
0039-49-4025-00,Caserne Centrale de pompiers,non applicable,335,335,rue,335,,Saint-Pierre,,Ville-Marie (Montréal),,1903,1904,-73.5554,45.5012
0039-49-8945-01,Entrepôt Bouthillier III,non applicable,300,300-310,place,310,,D'Youville,,Ville-Marie (Montréal),,1827,1828,-73.555,45.5012
0039-49-8945-02,Entrepôt Bouthillier I,non applicable,290,290,place,290,,D'Youville,,Ville-Marie (Montréal),,1827,1828,-73.5548,45.5015
0039-49-8945-03,Entrepôt Hubert-Paré,non applicable,130,130,rue,130,du,Port,,Ville-Marie (Montréal),"Le marchand Hubert Paré fait construire cet entrepôt vers 1843. Paré et son épouse, Justine Vinet dit Souligny, héritent de la propriété avec un entrepôt de deux étages en 1842. Un bail de février 1845 confirme la présence du bâtiment de quatre étages. Les marchands généraux J.& T. Gordon en sont, selon toute vraisemblance, les premiers occupants.

L'immeuble qui sert à des fins d'entreposage est brièvement utilisé par les douanes puis par des firmes de marchands au cours des décennies 1850 à 1870. Dans les années 1880, un raffineur d'huile, des marchands de quincaillerie et de machinerie, des marchands de céréales et des agents de transport et de douane occupent les lieux. Le bâtiment sert par la suite d'entrepôt de sel pour l'entreprise Verret, Stewart & Company pendant une vingtaine d'années. Vers 1910, une adjonction en pierre d'un étage remplace un ajout en bois du côté sud de l'immeuble. Entre 1918 et 1940, un cinquième étage est ajouté sur la partie arrière du bâtiment qui est probablement au même moment couvert d'un toit plat.

À partir de 1945, l'immeuble devient la propriété de lithographes qui y installent leurs entreprises. L'adjonction en pierre est rehaussée d'un étage vers 1950. Au début des années 1970 le nouveau propriétaire, Les Écuries Youville Ltée, entreprend des travaux de restauration qui transforment le bâtiment en immeuble de bureaux. L'adjonction est démolie. En 2004, trois cabinets d'avocats comptent parmi les occupants.  
",1843,,-73.5544,45.5016
0039-56-6927-00,Gare de la Montreal Southern Counties Railway Co.,non applicable,600,600,rue,600,,Marguerite-D'Youville,,Ville-Marie (Montréal),"Cette gare est construite en 1923 par le Canadien National pour les besoins d’une de ses filiales, la Montreal Southern Counties Railway (MSCRy). Elle remplace la première gare de la MSCRy, construite vers 1909. La MSCRy offre deux services distincts. D’une part, un train de banlieue relie Montréal et des villes de la Rive-Sud, dont Saint-Lambert, Longueuil et Greenfield Park. D’autre part, un interurbain assure la liaison avec Granby via un réseau de villes régionales. Les deux lignes ferroviaires terminent leurs trajets au terminus de la rue McGill après avoir franchi le pont Victoria. 

La MSCRy cesse ses activités en 1956. La gare sert ensuite de bureaux, puis on y aménage un restaurant au début des années 1980. Entre 2001 et 2003, des promoteurs font construire un complexe résidentiel de 56 copropriétés accolé à l’ancienne gare (Nouvel Europa Vieux-Montréal). Dans la foulée du projet, cette dernière est restaurée en 2004-2005 et héberge de nouveau un restaurateur.",1910,,-73.5542,45.499
0039-57-3693-00,Magasins des soeurs Grises IV,magasin-entrepôt,355,355-367,rue,367,,Marguerite-D'Youville,,Ville-Marie (Montréal),"Vers le milieu des années 1870, les soeurs Grises confient à l'architecte Michel Laurent l'élaboration de plans pour la construction d'un nouveau bâtiment dans les anciens jardins de la communauté. L'immeuble, dont la volumétrie est la plus importante de l'ensemble des magasins des s&#339;urs Grises, est construit en 1874-1875. Il comprend cinq magasins-entrepôts mitoyens, tous identiques hormis celui longeant la rue d'Youville, deux fois plus grand que les autres. Des ouvertures pratiquées dans les murs mitoyens permettent une communication entre les trois unités du côté de la rue d'Youville d'une part, et entre les deux unités du côté du couvent d'autre part.

Un coup d'&#339;il sur les premiers occupants, nous permet de rencontrer des grossistes en épicerie, des entreprises de transport, un fabricant de chaussures et de bottes et les bureaux des Commissaires du port de Montréal. À la fin du XIXe siècle, le fabricant de chaussures et de bottes, James McCready, occupe une partie des lieux durant environ 20 ans. Bien que l'on retrouve une variété d'occupants jusqu'aux années 1960, le secteur de la fabrication semble le plus présent. 

À partir des années 1960, l'immeuble est graduellement abandonné. En 1977, la Société centrale d'hypothèques et de logements achète le bâtiment et y entreprend d'importantes rénovations. Les deux étages supérieurs sont convertis en logements sociaux et le c&#339;ur de l'immeuble est dégagé sur une hauteur de deux étages, offrant ainsi aux locataires une cour intérieure. Les étages inférieurs sont alors loués à différents organismes, dont la Maison Jean-Lapointe et le Musée Marc-Aurèle-Fortin. 
",1874,1875,-73.5544,45.5
0039-57-7762-01,Édifice Allan,non applicable,333,333,rue,333,de la,Commune,Ouest,Ville-Marie (Montréal),,1858,1859,-73.5535,45.4998
0039-57-7762-02,366-368 rue Marguerite-D'Youville ,non applicable,366,366-368,rue,368,,Marguerite-D'Youville,,Ville-Marie (Montréal),,1867,,-73.5537,45.4996
0039-58-3853-00,Coopérative d’habitation Louis-Hector-de-Callière,non applicable,119,119-125,rue,125,,Saint-Pierre,,Ville-Marie (Montréal),,1981,1982,-73.5541,45.5005
0039-58-5857-00,Entrepôt John-Try VI,non applicable,321,321-323,rue,323,de la,Commune,Ouest,Ville-Marie (Montréal),,1854,1855,-73.5537,45.5006
0039-58-6532-01,117 rue Saint-Pierre ,indéterminé,117,117,rue,117,,Saint-Pierre,,Ville-Marie (Montréal),NULL,1927,,-73.5538,45.5004
0039-58-6532-02,Magasins des soeurs Grises II,magasin-entrepôt,329,329,rue,329,de la,Commune,Ouest,Ville-Marie (Montréal),"Ce magasin-entrepôt est construit d’avril à juin 1873 selon les plans de l’architecte Michel Laurent. Son premier locataire, la Hudson’s Bay Co., utilise les lieux comme entrepôt pendant un peu moins de 10 ans. Le bâtiment demeure ensuite plus ou moins occupé jusqu’à la fin du XIXe siècle. 

En 1896, le magasin-entrepôt connaît un changement important de fonction alors que le Catholic Sailors’ Club loue tout le bâtiment et aménage des salles de lecture, un club social, des bureaux et même un petit musée. L’institution occupe les lieux pendant plus de 70 ans, soit jusqu’en 1969, date où elle fusionne avec le Montreal Sailors’ Institute. En 1903, le Catholic Sailors’ Club devient propriétaire de l'immeuble ainsi que d’un bâtiment en brique adjacent du côté nord, sur la rue Saint-Pierre. Ce dernier est transformé en salle de concert deux ans plus tard et une large ouverture est alors pratiquée entre les deux bâtiments. En 1926, un incendie endommage sérieusement le magasin-entrepôt tandis que la salle de concert est réduite en cendres. 

En 1975, l’immeuble est racheté par les sœurs grises. Elles le revendent deux ans plus tard à la Société centrale d’hypothèques et de logement (SCHL) en même temps que d’autres bâtiments de la rue Saint-Pierre. En 1981, l’organisme fédéral vend l’immeuble à un promoteur privé qui le rénove et y aménage des espaces de bureaux. 
",1873,,-73.5537,45.5004
0039-59-1795-00,Entrepôt Gillespie-Moffatt I,non applicable,131,131,rue,131,du,Port,,Ville-Marie (Montréal),,1831,1832,-73.5544,45.5019
0039-59-3892-00,Entrepôt Robert-Gillespie III,non applicable,221,221,rue,221,de la,Commune,Ouest,Ville-Marie (Montréal),,1841,1842,-73.5541,45.5018
0039-59-4024-02,Entrepôt John-Try III,non applicable,301,305-307,rue,305,de la,Commune,Ouest,Ville-Marie (Montréal),,1846,,-73.5538,45.5009
0039-59-4024-03,Entrepôt John-Try II,non applicable,299,299,rue,299,de la,Commune,Ouest,Ville-Marie (Montréal),,1831,1831,-73.5539,45.5011
0039-59-4024-06,Entrepôt John-Try I,non applicable,295,295,rue,295,de la,Commune,Ouest,Ville-Marie (Montréal),,1831,1831,-73.5541,45.5013
0039-59-4024-07,281-283 rue Commune Ouest,non applicable,281,281-283,rue,283,de la,Commune,Ouest,Ville-Marie (Montréal),"En 1880, le bâtiment de la succession de Joseph Masson, donnant sur la rue du Port et quelque peu en retrait de la rue de la Commune, est en ruine. En 1881, la succession fait construire un nouvel immeuble avec une façade qui épouse cette fois parfaitement le tracé de la rue de la Commune. Pour la construction, on utilise fort probablement les matériaux de l’ancien bâtiment, si bien que le nouvel immeuble possède tous les attributs extérieurs que l’on associe aux bâtiments des années 1830-1840.",1881,,-73.5541,45.5016
0039-67-0353-00,Édifice des Commissaires,non applicable,357,357,rue,357,de la,Commune,Ouest,Ville-Marie (Montréal),"L'édifice des Commissaires a été érigé sur un terrain acquis par le gouvernement fédéral en 1870. Il est alors vacant à la suite d'un incendie qui a détruit des magasins-entrepôts. En 1873, l'architecte Henri-Maurice Perrault présente des plans pour la construction d'un immeuble destiné à recevoir les bureaux de l'administration du Port de Montréal. Les plans sont approuvés, mais un revirement de situation inexpliqué entraîne la tenue d'un nouveau concours. En août 1874, les travaux sont finalement confiés à deux firmes d'architectes qui doivent travailler en collaboration : A.C. Hutchison et Hopkins et Wily. La construction s'échelonne jusqu'en 1878, mais l'édifice est inauguré en 1876, après la vente du terrain et du bâtiment aux Commissaires du Port. En 1880, l'immeuble loge les bureaux des principaux responsables des activités portuaires et d'autres départements fédéraux. 

L'édifice demeure la propriété des Commissaires du Port de Montréal jusqu'en 1933, date de la création du Conseil des Ports Nationaux. En 1958, on agrandit l'immeuble vers le nord-ouest. Des garages sont alors installés au rez-de-chaussée et des bureaux à l'étage. Les bureaux administratifs du port y demeurent jusqu'à la fin des années 1960 et déménagent dans un pavillon de la Cité du Havre. Inoccupé, l'édifice des Commissaires est acquis en 1972 par une entreprise d'importation de meubles chinois qui le revend en 1997 à la Ferme du Mont Pinacle Inc. (devenue en 1999 les Propriétés Terra Incognita Inc.). Le bâtiment a fait l'objet d'importantes rénovations en 2000 et 2001 à la suite d'un incendie qui a détruit la mansarde et la tour octogonale en 1997. 
",1874,1878,-73.5533,45.4997
9839-18-3129-01,Maison Ernest-Cormier,Maison isolée,1418,1418,avenue,1418,des,Pins,Ouest,Ville-Marie (Montréal),,1930,1931,-73.585031,45.500370
9839-09-3108-01,Maison Jeffrey Hale-Burland,Maison isolée,1475,1475,avenue,1475,des,Pins,Ouest,Ville-Marie (Montréal),,1913,1926,-73.586576,45.498999
9839-86-4478-01,Club <i>Mount Stephen</i>,Maison isolée,1430,1430-1440,rue,1440,,Drummond,,Ville-Marie (Montréal),,1880,1883,-73.575756, 45.499076
9839-78-7402-01,Église Emmanuel Congregational,Édifice religieux,2085,2085,rue,2085,,Drummond,,Ville-Marie (Montréal),,NULL,NULL,-73.576792, 45.500125
9839-16-7526-01,<i>St Michael's Aimish Lutherian Church Home</i>,Maison isolée,1500,1500,avenue,1500,du,Docteur-Penfield,,Ville-Marie (Montréal),,NULL,NULL,-73.584518, 45.498607
9839-16-1242-01,Maison Joseph-Aldéric-Raymond,Maison isolée,1507,1507-1509,avenue,1509,du,Docteur-Penfield,,Ville-Marie (Montréal),,1929,1930,-73.585137, 45.498680
9839-18-2224-01,Maison Charles G.-Greenshields,Maison semi-détachée,1513,1513,avenue,1515,du,Docteur-Penfield,,Ville-Marie (Montréal),,1910,1911,-73.585306, 45.498450
9839-57-3000-01,Église Unie Erskine American,Édifice de culte,3407,3407-3419,avenue,3419,du,Musée,,Ville-Marie (Montréal),,NULL,NULL,-73.579799,45.499169
9839-57-0417-01,3415-3419 avenue Musée ,indéterminée,3415,3415-3419,avenue,3419,du,Musée,,Ville-Marie (Montréal),,NULL,NULL,-73.580228,45.499336
9940-48-6069-01,Église Saint-Jean-Évangéliste et Église Saint-Benoît-de-Nurs,Édifice de culte,137,137,avenue,137,du,Président-Kennedy,,Ville-Marie (Montréal),,NULL,NULL,-73.567941,45.509782
0042-18-9251-02,NULL,indéterminée,NULL,NULL,NULL,NULL,NULL,NULL,NULL,Ville-Marie (Montréal),,NULL,NULL,NULL,NULL
0042-99-4394-01,Bain Quintal,indéterminée,1550,1550-1552,rue,1552,,Dufresne,,Ville-Marie (Montréal),,1932,1933,-73.548968, 45.528848
0039-62-1199-01,Entrepôt Buchanan,Atelier / entrepôt / usine / garage,15,15-17,rue,17,,Duke,,Ville-Marie (Montréal),,1845,0,-73.553144, 45.495563
0042-98-7784-01,Maison de la Providence,indéterminée,1431,1471,rue,1471,,Fullum,,Ville-Marie (Montréal),,NULL,NULL,-73.548526,45.527868
0042-98-7784-02,Centre Émilie-Gamelin et Armand-Lavigne,indéterminée,1431,1471,rue,1471,,Fullum,,Ville-Marie (Montréal),,NULL,NULL,-73.548043,45.528361
0043-33-0937-01,Église Saint-Eusèbe,Édifice de culte,2151,2151,rue,2151,,Fullum,,Ville-Marie (Montréal),,NULL,NULL,-73.557198,45.531953
9839-70-5375-01,Couvent des Soeurs Grises,Hôpital ou clinique,1190,1190-1200,rue,1200,,Guy,,Ville-Marie (Montréal),,1869,1871,-73.576630,45.493616
9839-70-5375-02,Chapelle de l'Invention-de-la-Sainte-Croix,Édifice de culte,1190,1190-1200,rue,1200,,Guy,,Ville-Marie (Montréal),,1874,1878,-73.577000,45.493557
9839-70-5375-03,Couvent des Soeurs Grises,Édifice religieux,1175,1175-1187,rue,1187,,Saint-Mathieu,,Ville-Marie (Montréal),,1898,1900,-73.577110,45.492946
9839-70-5375-04,Université Concordia,indéterminée,1220,1220-1256,rue,1256,,Guy,,Ville-Marie (Montréal),,NULL,NULL,-73.577742,45.494582
9940-37-6903-01,Maisons John-Date,Maison en rangée,2020,2022-2024,rue,2026,,Jeanne-Mance,,Ville-Marie (Montréal),,1886,0,-73.569005,45.508320
9940-37-6008-01,Maison John L.-Jensen,Maison en rangée,2028,2028-2030,rue,2030,,Jeanne-Mance,,Ville-Marie (Montréal),,1887,0,-73.569115,45.508375
0039-76-4270-01,Pavillon des Écluses,non applicable,1,,jardins,1,des,Écluses,,Ville-Marie (Montréal),,1991,1992,-73.5521,45.4985
0039-76-4270-02, promenade Vieux-Port ,non applicable,1,,promenade,1,du,Vieux-Port,,Ville-Marie (Montréal),,9999,,-73.5534,45.5021
0040-00-0205-01,Édifice Greenshields,indéterminé,759,759,square,759,,Victoria,,Ville-Marie (Montréal),"L'édifice Greenshields, oeuvre de l'agence d’architectes Hutchison and Wood, est construit en deux phases : la première est réalisée en 1899 et la seconde en 1906-1907. L'homme d'affaires Duncan McIntyre acquiert d'abord le lot appartenant à l'homme d'affaires William Clendinneng en 1885. L'immeuble qui s'y trouvait est incendié vers la fin de l'année 1898. Jane A. Cassils, la veuve de Duncan McIntyre, y fait alors construire un bâtiment de sept étages. En mars 1906, elle achète quatre lots adjacents dont les bâtiments donnant sur la rue Craig ont été incendiés peu de temps auparavant. Durant l'année qui suit, l'agence d’architectes Hutchison and Wood conçoit un agrandissement parfaitement intégré à l'édifice de 1899. 

Déjà présente dans l'ancien immeuble, la compagnie Greenshields Limited, l'un des plus importants distributeur canadien de <i> dry goods </i> (vêtements, articles de mercerie et produits divers) de l’époque, occupe tout le bâtiment entre 1900 et 1933. L'entreprise se fusionne avec deux autres compagnies en 1933 et déménage sur la rue Saint-Paul (Greenshields, Hodgson, Racine Ltd).  

L’immeuble est acheté en 1946 par l'armateur Canada Steamship Lines. Peu après, il est transformé partiellement en immeuble de bureaux et prend le nom de la compagnie maritime. Bien qu’en 2005 il abrite toujours les bureaux de l’armateur, la compagnie Power Corporation en est propriétaire depuis 1976. Cette dernière a entrepris, entre 1989 et 1991, d'importants travaux, dont l’ajout d’un étage, dans le cadre de la construction du Centre de commerce mondial. En 1997, l'Association des propriétaires et administrateurs du Québec a décerné à cet immeuble le titre d'édifice historique de l'année.
",1899,,-73.561,45.502
0040-00-0205-02,Magasin-entrepôt Duncan-McIntyre,magasin-entrepôt,751,751,square,751,,Victoria,,Ville-Marie (Montréal),NULL,1875,,-73.5609,45.5017
0040-00-5947-01,Immeuble du Centre de commerce mondial de Montréal,non applicable,359,359-413,rue,413,,Saint-Jacques,,Ville-Marie (Montréal),"Cet immeuble est construit entre 1988 et 1991. Conçu par plusieurs firmes d’architectes montréalaises, il abrite entre autres le Centre de commerce mondial de Montréal (CCMM).

Les promoteurs visent avec ce projet une clientèle associée au commerce international, qu’elle provienne de l’administration publique ou de l’entreprise privée. On construit à cette fin un immeuble de bureaux qui s’élève de part et d’autre de la ruelle des Fortifications. Les deux sections ainsi créées sont reliées par des passerelles de verre. Sur les rues Saint-Jacques et Saint-Antoine, l’immeuble intègre six façades d’anciens bâtiments.

On trouve dans l’immeuble une vaste place publique éclairée par une grande verrière fixée au sommet de la structure. La lumière du jour ainsi introduite donne un éclairage en constante transformation.  Dans cet atrium, on a installé un plan d’eau ainsi qu’une fontaine, que domine une immense sculpture française du XVIIIe siècle, et une relique du mur de Berlin. Le tracé de la ruelle des Fortifications est identifié sur le parquet par des couleurs contrastantes.",1988,1991,-73.5603,45.5022
0040-00-5947-02,Hôtel Inter-Continental,gratte-ciel,360,360,rue,360,,Saint-Antoine,Ouest,Ville-Marie (Montréal),"Cet hôtel est construit entre 1988 et 1991 par la chaîne hôtelière japonaise Inter-Continental. Les architectes Arcop, Provencher et Roy conçoivent cet édifice, lequel est relié au Centre de commerce mondial de Montréal (CCMM). Pour sa construction, on a démoli l’immeuble Mitchell.

Lorsque le projet du Centre de commerce mondial de Montréal (CCMM) est présenté au public en 1987, on met de l’avant la multifonctionnalité de ce complexe en y intégrant un hôtel luxueux. En 1989, après un an de négociations, les propriétaires du CCMM annoncent une entente de partenariat avec la chaîne hôtelière japonaise Inter-Continental. Celle-ci compte une centaine d’hôtels prestigieux dans plus de 48 pays. À Montréal, elle veut concurrencer les grands hôtels du centre-ville en offrant 300 chambres et suites. Des salles de bal et de conférence sont logées dans l’immeuble voisin, le Nordheimer, situé de l’autre côté de la ruelle des Fortifications et intégré à l’hôtel. 

L’hôtel Inter-Continental est une tour accolée et intégrée au complexe du CCMM. C’est le premier grand hôtel à s’installer dans le Vieux-Montréal depuis la construction de l’hôtel Viger, en 1896. Ce faisant, il relève le défi de dynamiser ce secteur alors négligé et de créer un lien avec le centre-ville.",1988,1991,-73.5602,45.5029
0040-00-5947-03,Édifice de la James C. Wilson Co.,non applicable,380,380,rue,380,,Saint-Antoine,Ouest,Ville-Marie (Montréal),"L'édifice Wilson, conçu par les architectes Edward C. et John W. Hopkins, est construit en 1888-1889. Le fabricant d'articles de papier James Crockett Wilson, qui a déjà pignon sur la rue Craig, achète cette propriété en 1884. Les trois maisons en brique de deux étages qui s’y trouvent, une sur la rue Craig et deux sur la ruelle des Fortifications, sont détruites en 1888 dès l'amorce des travaux de construction. L'édifice Wilson, constitue, avec son ascenseur pour passager et ses sept étages, l'un des édifices les plus hauts et les plus modernes de la métropole.

Tous les étages sont occupés au début par la James C. Wilson Co. Des salles de montre et les bureaux de l'administration sont aménagés au rez-de-chaussée tandis que les étages supérieurs servent à l'entreposage et à la production de sacs, enveloppes et autres produits du papier.  

En 1914, la compagnie J.C. Wilson Co. déménage sur la rue Saint-Alexandre et est remplacée par la Gault Brothers and Co., des importants grossistes de tissus, d’articles de mercerie et de produits divers (<i>dry goods</i>). Le commerce des Gault occupe tous les étages de l'édifice. Après le départ de cette entreprise au début des années 1920, l’immeuble, vendu par la succession Wilson en 1942, abrite de nombreux locataires. 

Entre 1987 et 1991, l'édifice est presque entièrement démoli durant les travaux de construction du Centre de commerce mondial. Seule la façade est intégrée au complexe. Elle a fait l'objet d'une restauration complète, retrouvant entre autres sa tour pyramidale détruite vers la fin des années 1960.",1888,1889,-73.5607,45.5026
0040-00-5947-04,Édifice Nordheimer,magasin-entrepôt,363,363,rue,363,,Saint-Jacques,,Ville-Marie (Montréal),"En décembre 1886, un incendie ravage le Nordheimer's Hall, un bâtiment de trois étages en pierre qui abrite entre autres un amphithéâtre et le commerce d'articles de musique de A. S. Norheimer. Samuel Nordheimer, propriétaire du terrain depuis 1856, demande alors à l'architecte John James Browne de concevoir un magasin-entrepôt. Les travaux débutent au printemps de 1888 et se terminent vers la fin de la même année.

Le magasin A. S. Nordheimer occupe en partie les deux premiers étages du nouvel immeuble, le deuxième étant réservé à la salle de montre pour pianos. La firme aménage aussi une petite salle de concert, tandis que le dernier étage sert d'atelier de réparation. Le reste du bâtiment loge quelques commerces (rez-de-chaussée), mais surtout des bureaux, notamment celui de l'architecte John James Browne. En 1903, Samuel Nordheimer vend le magasin-entrepôt au marchand Alexander Fraser, dont le commerce de vins, spiritueux et articles de sport Fraser, Viger and Co. occupe les lieux depuis le début des années 1890. Fraser, qui demeure propriétaire jusqu'en 1919, s'engage lors de la vente à conserver le nom &laquo;&nbsp;Nordheimer&nbsp;&raquo; inscrit sur l'immeuble. 

Jusqu'à la fin des années 1970, des commerces occupent le rez-de-chaussée, dont un magasin à rayons Woolworth de 1945 à 1976, mais pour l'essentiel il s'agit d'un immeuble de bureaux. À la fin des années 1980, l'édifice Nordheimer est intégré au complexe du Centre de commerce mondial et à l'hôtel Inter-Continental.
",1888,,-73.5598,45.5026
0040-00-5947-05,Maison Hutchison,non applicable,373,373,rue,373,,Saint-Jacques,,Ville-Marie (Montréal),,1840,,-73.5597,45.5023
0040-00-5947-06,Édifice Crown Trust,indéterminé,393,393,rue,393,,Saint-Jacques,,Ville-Marie (Montréal),,1924,1925,-73.5599,45.5021
0040-00-5947-07,Immeuble Walton's Lunch,non applicable,411,,rue,411,,Saint-Jacques,,Ville-Marie (Montréal),"Construit en 1922, l'édifice du Walton's Lunch n'est plus aujourd'hui qu'un vestige incorporé au Centre du commerce mondial. En 1921, la Beaver Investment Company Limited, devenue plus tard la Walton's Limited, acquérait de la succession de John Hannan et de Thomas Spratt cette propriété de la rue Saint-Jacques (Hannan et Spratt avaient eux-même acquis cette propriété en 1909 à la suite d'une transaction avec Thomas Shaughnessy, président du Canadien Pacifique). Le bâtiment qui y était érigé fut démoli et un autre fut construit l'année suivante sous la direction des architectes Ross et MacDonald. Plutôt modeste, l'édifice présente un certain intérêt grâce au rapprochement que l'on peut faire avec certains modèles de l'École de Chicago, notamment les fenêtres en baie de la façade. Le restaurant Walton's Lunch allait occuper l'immeuble jusqu'à 1956, année où les propriétaires signeront un bail avec un autre restaurateur. L'année suivante, l'entreprise se défait de l'immeuble. La transaction ne modifie en rien la vocation de l'immeuble puisque des restaurateurs y séjourneront pendant les décennies qui suivront.",1922,,-73.56,45.5019
0040-00-5947-08,Maison Marie-Émilie-Berthelet,non applicable,413,413,rue,413,,Saint-Jacques,,Ville-Marie (Montréal),,1845,,-73.5601,45.5018
0040-10-0289-00,Édifice de la Merchants' Bank,non applicable,355,355,rue,355,,Saint-Jacques,,Ville-Marie (Montréal),"Les fortifications de Montréal sont démolies au début du XIXe siècle. Les lots ainsi dégagés peuvent être affectés à d’autres fonctions urbaines. Le terrain occupé aujourd’hui par l’édifice de la Merchants’ Bank, et au milieu duquel passait la muraille, est cédé à Louis Hector Le Fournier Dudivier. Ce terrain est limité au nord par la ruelle du Glacis (l’actuelle ruelle des Fortifications), au sud par la rue Saint-Jacques et à l’est par la rue de la Poudrière (le prolongement de la rue Saint-Pierre vers le nord). Pendant le régime français, un magasin à poudre se trouve au milieu de l’intersection des rues Saint-Pierre et Saint-Jacques. Il y a également un ancien cimetière autour de la poudrière, et par le fait même sous une partie de l’actuel édifice de la Merchants’ Bank. 

Après plusieurs ventes successives, la Commercial Bank achète le terrain en 1844 et y installe son siège social dans un édifice ayant pignon sur la rue Saint-Jacques mais ne couvrant que la moitié de la superficie du lot. La Commercial Bank change de nom pour la Merchants’ Bank en 1868. Le richissime montréalais Hugh Allan en est alors le président et le propriétaire. À la même époque, la banque loue une partie de son édifice à diverses institutions financières, dont la Bank of Toronto et la Royal Canadian Bank, ou encore le Trust and Loan Co. of Upper Canada et la Scottish Amicable Insurance Co. que l’on retrouve dans l’édifice de la Great Scottish Life en 1870. En effet, tous ces locataires doivent quitter les lieux car la Merchants’ Bank démoli le vieux bâtiment en 1869 et entreprend la construction d’un nouveau siège social de plus grande dimension.

Le nouvel édifice, conçu par les architectes Hopkins et Wily, est construit de 1870 à 1873. Jusqu’à la fin du XIXe siècle, la Merchants’ Bank occupe seule tout le bâtiment de quatre étages à toit mansardé. En 1899, sous la direction de l’architecte Edward Maxwell, la banque ajoute quatre étages au bâtiment initial, et loue des bureaux à diverses entreprises, dont l’agence de détectives Pinkerton.

En 1929, la Merchants’ Bank, intégrée dorénavant à la Banque de Montréal, vend l’édifice au courtier en valeurs mobilières Nesbitt Thomson. Ce dernier est déjà locataire de l’immeuble depuis le début des années 1920. Ainsi se termine la présence presque centenaire d’une institution bancaire sur cet emplacement.

C’est également en 1929 que l’on ajoute un dernier étage à l’immeuble. Pendant des décennies, Nesbitt Thomson occupe près de la moitié de l’édifice, le reste étant loué à différentes entreprises, dont plusieurs dans le domaine de l’hydroélectricité. À partir des années 1970, la firme de courtage occupe graduellement l’ensemble du bâtiment. Devenue Nesbitt Burns, l’entreprise vend l’immeuble en 1995 et quitte le Vieux-Montréal pour emménager sur l’avenue McGill College. L’immeuble, rénové à la fin des années 1980, est aujourd’hui intégré au Centre de commerce mondial. D’autres rénovations ont lieu en 2000 et 2001, notamment aux étages supérieurs de l’édifice.",1870,1873,-73.5597,45.5027
0040-10-1512-00,Magasin-entrepôt Joseph-Tiffin [1866-1867],magasin-entrepôt,380,380-384,rue,384,,Saint-Jacques,,Ville-Marie (Montréal),"L’édifice Savage and Lyman est construit en 1866 et non en 1871 comme l’indiquent plusieurs sources. En février 1866, Joseph Tiffin père achète le lot 171 de Marie Jeanne Hervieux. Ce lot, ayant front sur la rue Saint-Jacques (à l’époque Great Saint-James) au coin de Dollard, correspond à 60 % de la superficie au sol de l’édifice actuel (dans sa partie avant). Lors de la transaction, on trouve sur le lot 171 un bâtiment de trois étages abritant des logements et des magasins liés au secteur de l’édition. Dans la seconde moitié de l’année 1866, Joseph Tiffin démolit le vieux bâtiment et construit sur la totalité du lot 171 un immeuble commercial de quatre étages. L’architecte est William Tutin Thomas, dont les bureaux se trouvent exactement de l’autre côté de la rue Saint-Jacques.

Adélard Boucher, marchand d’instruments et de feuilles de musique, est le premier locataire répertorié en juin 1867. Les manufacturiers de pianos Gould and Hill Co. le rejoignent l’année suivante. De 1869 à 1871, les locataires sont le tailleur Samuel Goltman et l’imprimeur Louis Perrault, propriétaire du journal Le Pays. En 1872, ce dernier déménage à côté de la Banque du Peuple, à l’est de la place d’Armes, car en février de la même année, Joseph Tiffin signe un bail avec un nouveau locataire : Savage and Lyman Co. En fait, l’immeuble demeure vide jusqu’en novembre 1872, le temps de procéder à différents travaux : repeindre l’extérieur du bâtiment, enlever le grand escalier intérieur et deux toilettes, nettoyer les murs et les plafonds à l’intérieur et construire une annexe de deux ou trois étages à l’arrière du bâtiment, selon les plans de l’architecte W. T. Thomas (l’observation sur le terrain laisse plutôt supposer une annexe d’un étage). Cet ajout déborde sur la partie nord du lot 170 (pN-170).

En effet, le même mois où il signe le bail avec la Savage and Lyman Co., Joseph Tiffin achète le lot 170 de Marie Karine Hervieux, la sœur de Marie Jeanne. Le lot 170, de forme irrégulière, a front sur la rue Notre-Dame et est adjacent à la rue Dollard et à l’arrière du lot 171. Tiffin morcelle le lot 170 en deux, la partie nord étant dorénavant rattachée au lot 171 et à l’édifice Savage and Lyman. Sur la partie sud du lot 170, Joseph Tiffin fait construire l’édifice Alexander Murphy (voir ce nom). Le lot pN-170 fait 43 pieds le long de la rue Dollard : 35 pieds sont alloués à l’annexe arrière de l’édifice Savage and Lyman, et huit pieds à un passage commun donnant sur la rue Dollard.

La Savage and Lyman Co. se spécialise depuis 1818 dans la vente de bijoux, montres, horloges et autres produits de luxe. L’entreprise aménage à ses frais l’intérieur de l’édifice de Joseph Tiffin et y ouvre ses portes le 1er novembre 1872. Le nouveau plancher et les majestueux comptoirs font l’envie de plusieurs. La Savage and Lyman Co. occupe environ les trois quarts du bâtiment, le reste étant loué à différents commerçants et professionnels, dont le pharmacien S. Jones Lyman et le juge W. Badgley. Toujours en 1872, la Savage and Lyman Co. installe sur la devanture de l’édifice une horloge qui, bien que déplacée quelques fois, indiquera l'heure sur cette portion de la rue Saint-Jacques pendant près de 100 ans. 

La bijouterie fait faillite en 1877, et la New-York Piano Co. (ou ses agents) devient le principal locataire de l’édifice jusqu’à la fin du siècle. Le marchand d’articles de bureau Charles F. Dawson occupe les lieux au tournant du siècle, pour ensuite s’installer pendant 70 ans dans la propriété adjacente de la famille Tiffin, l’édifice Alexander Murphy.

Entre-temps, une saga judiciaire de 20 ans s’engage entre les héritiers de Joseph Tiffin, décédé en 1882, au sujet de l’immense fortune léguée par ce dernier. Finalement, après plusieurs conventions, négociations et cessions, l’édifice Savage and Lyman échoit aux mains des petites-filles du défunt, Emily Louisa et Eliza Sarah Tiffin. Ces dernières vendent l’édifice en 1906. S’ensuit une série de ventes au cours desquelles on projette de démolir l’édifice et de construire un gratte-ciel de 10 étages. Le projet n’aboutit pas, et la propriété est finalement acquise en 1910 par MacKenzie Mann and Co. Ltd. Cette entreprise entreprend d’importants travaux de rénovations dont les résultats les plus visibles sont la transformation des espaces commerciaux en bureaux, et l’agrandissement de l’édifice vers l’arrière jusqu’à la ruelle en intégrant l’annexe construite en 1872. L’immeuble a maintenant l’apparence qu’on lui connaît aujourd’hui.

L’édifice est vendu de nouveau en 1914 au Canadien Nord, nationalisé par le gouvernement fédéral en 1917 et intégré au Canadien National. Ces entreprises ferroviaires installent dans l’édifice Savage and Lyman leurs services de messagerie, d’assurances, de télégraphie et d’édition. L’hôtel de ville de Ville Mont-Royal, une municipalité créée par la volonté du Canadien Nord, y occupe temporairement des locaux vers 1915. Le Canadien National conserve l’édifice pendant 50 ans avant de le vendre en 1962. Dès lors, l’édifice est occupé au rez-de-chaussée par le Pub Saint-Jacques et aux étages supérieurs par différentes entreprises liées au monde de la finance, de la comptabilité et de l’impression.
",1866,1867,-73.5595,45.502
0040-10-4639-00,Banque Royale,gratte-ciel,360,360,rue,360,,Saint-Jacques,,Ville-Marie (Montréal),"En 1907, la Banque Royale du Canada déménage son siège social de Halifax à Montréal. En pleine expansion, elle se sent vite à l’étroit dans son immeuble de la rue Saint-Jacques. Pour régler ce problème chronique d’espace, le conseil d’administration de la banque la plus importante du Canada commande en 1926 un édifice prestigieux à une agence réputée d’architectes new-yorkais : York & Sawyer. Cette firme, qui se spécialise dans l’architecture bancaire, s’associe à l’architecte attitré de la banque, S. G. Davenport. Ensemble, ils conçoivent un gratte-ciel qui exprime l’opulence et la prospérité de l’institution. Érigé entre 1926 et 1928, cet édifice est à l’époque le plus élevé de l’Empire britannique.

La Banque Royale achète tous les immeubles du quadrilatère que forment les rues Saint-Jacques, Saint-Pierre, Notre-Dame et Dollard entre 1920 et 1926. Par la suite, on démolit tous les bâtiments sur le site, notamment l’ancien Mechanics’ Institute et le gratte-ciel de dix étages de la Banque d’Ottawa. La pierre angulaire du nouvel édifice est posée en avril 1927 et, au printemps suivant, les employés s’installent dans le nouvel immeuble. 

Le siège social, les bureaux des différents services administratifs et la monumentale salle des guichets de la Banque Royale occupent les cinq premiers étages que constituent le socle de ce gratte-ciel. Le personnel bénéficie de tout le confort moderne : salles de repos, fumoir, magnifiques salles de réunions et de réceptions, infirmerie, salles à dîner et cafétéria. Les chambres fortes sont logées au sous-sol. Les bureaux situés dans la tour sont offerts en location et des compagnies de multiples horizons, autant canadiennes qu’américaines, s’y installent.

En 1962, après avoir passé 34 ans au même endroit, la Banque Royale déménage son siège social dans un autre édifice-phare de Montréal : la place Ville-Marie. Elle conserve toutefois une succursale dans l’édifice de la rue Saint-Jacques. En 2005, l’impressionnante salle des guichets accueille toujours des clients de la Banque Royale.",1926,1928,-73.5591,45.5023
0040-10-6087-00,Édifice de la Banque-Molson,non applicable,278,278-288,rue,288,,Saint-Jacques,,Ville-Marie (Montréal),,1864,1866,-73.5589,45.5027
0040-10-8190-00,Édifice de l'Insurance Exchange,gratte-ciel,272,272-276,rue,276,,Saint-Jacques,,Ville-Marie (Montréal),"L’édifice Insurance Exchange est construit en 1923-1924 selon les plans de l’architecte David Jérôme Spence. La compagnie Insurance Exchange Corporation Limited achète au début des années 1920 cinq lots contigus dans le quadrilatère formé des rues Saint-Jacques, Notre-Dame, Saint-Jean et Saint-Pierre. Près d’une dizaine de bâtiments sont détruits pour la construction de ce gratte-ciel. Parmi ceux-ci, on compte plusieurs magasins-entrepôts sur la rue Notre-Dame qui furent occupés, jusqu’en 1912, par l’immense magasin S. Carsley & Co. 

Avec plus de 20 000 mètres carrés d'espaces de bureaux, l’édifice Insurance Exchange constitue à l’époque l’un des plus vastes immeubles du Canada. Il est également le premier immeuble montréalais qui compte onze étages, un de plus que la limite fixée par l’ancien code du bâtiment, modifié en 1924. À l’origine, l’édifice loge de nombreuses firmes oeuvrant dans le domaine des assurances et de nombreux bureaux d’entreprises commerciales et financières. Bon an mal an, il loge plus d’une centaine de locataires.

L’immeuble est vendu en 1973, mais gardera par la suite sa fonction d’immeuble de bureaux. En 1998, l’intérieur de l’édifice Insurance Exchange fait l’objet d’importants travaux de rénovation. ",1923,1924,-73.5587,45.5028
0040-10-9826-00,Immeuble Toronto General Trust,non applicable,350,350-354,rue,354,,Notre-Dame,Ouest,Ville-Marie (Montréal),,1947,1948,-73.5585,45.5021
0040-11-0582-00,Édifice Montreal Star III,non applicable,250,250,rue,250,,Saint-Antoine,Ouest,Ville-Marie (Montréal),"Depuis la deuxième guerre mondiale, le Montreal Star, journal distribué en après-midi, est en pleine expansion.  En plus d’être le journal anglophone le plus important à Montréal, il est considéré comme étant l’un des grands journaux du monde.  Au fil des ans, le Star, qui loge dans de vieux édifices de la rue Saint-Jacques, modifie régulièrement l’organisation intérieure de ses locaux afin de s’adapter aux exigences de l’augmentation constante de sa production.  Dans le milieu des années 1950, les édifices de la rue Saint-Jacques ne répondent plus aux besoins du personnel, ni aux exigences en espace pour une machinerie de plus en plus lourde et performante. À cette époque, malgré un équipement désuet, le Star publie 170 000 journaux quotidiennement.

En 1954, les dirigeants du journal planifient de construire un nouvel édifice qui puisse répondre à la demande grandissante et qui corresponde aux besoins d’un journal à la fine pointe de la technologie. C’est en octobre 1957 que commencent les travaux de construction de ce nouvel immeuble situé sur la rue Craig - l’actuelle rue Saint-Antoine. Ce secteur de la rue Craig est en pleine effervescence puisque le nouvel édifice de La Presse est alors en construction depuis un an.  Les deux plus grands journaux de Montréal auront pignon sur la même rue.

Des architectes de Montréal, Barott, Marshall, Merrit et Barott conçoivent les plans pour l’édifice. Les propriétaires du Star souhaitent un bâtiment qui innove autant au plan de la technologie que de l’architecture et du design. Les architectes réalisent un édifice spacieux de sept étages qui permettra à chaque service du journal de prendre de l’expansion.  On regroupe chacun de ces services dans des locaux plus fonctionnels, procurant ainsi un milieu de travail beaucoup plus confortable aux employés.  Point important et innovateur pour l’époque, l’édifice est climatisé, améliorant de beaucoup les conditions de travail des pressiers qui, à cause de la chaleur dégagée par les machines, devaient travailler dans des conditions très souvent pénibles.  Dans le nouvel édifice, la température de la salle des presses se maintient autour de 20 degrés Celsius. 

La construction d’un tel immeuble industriel dans le Vieux-Montréal présente plusieurs défis aux architectes.  Comme celui de La Presse, l’édifice du Star sera construit sur le lit de l’ancienne rivière Saint-Martin.  Toutefois, la solution envisagée par le Star est différente de celle qui a été retenue par La Presse.  Au lieu d’ancrer l’édifice avec des piliers qui s’accrochent au sol à 50 pieds sous le niveau de la rue, le Star construit un lit de béton de 5 pieds d’épaisseur sans compter les poutres de béton, le tout constituant une sorte de radeau à 18 pieds sous la surface du sol.  Cette base devra soutenir 600 tonnes de presses et de plieuses en action qui feront subir à cette fondation un stress énorme.  Pour amortir les vibrations produites par ces machines, on sépare les presses du lit de l’édifice par un matelas de liège de haute densité.

Comme le Star doit continuer de fonctionner pendant les travaux, les architectes imaginent la construction en deux phases.  Au lieu d’élever le bâtiment rectangulaire dans son ensemble, on monte d’abord une première partie qui prend la forme d’un L. Le nouveau bâtiment entoure un ancien édifice qui abrite les chaudières ainsi que de la sous-station électrique, éléments indispensables au fonctionnement des presses rotatives.  Quand cette première phase se termine en 1959, le Star met ses nouvelles presses en fonction. C’est alors que l’on démolit l’ancienne chaufferie et que la deuxième phase du projet est entreprise.  Les travaux se terminent en 1961.

Le design extérieur du bâtiment est l’œuvre des architectes-conseils de New York, Ballard, Todd et Snibbe. Ils créent un effet de damier irrégulier sur les façades : le marbre blanc d’Italie y alterne avec des surfaces de briques vernissées vertes et des fenêtres teintées de la même couleur.  Ces fenêtres recouvrent 40 % de la surface des façades.  L’aluminium anodisé teinté brun-gris encadre les fenêtres des étages et alors que les vitrines du rez-de-chaussée sont insérées dans le bronze. De plus, du granit noir de Belgique complète les matériaux utilisés. Du côté de la rue Saint-Antoine, l’édifice repose sur des colonnes de 45 centimètres de diamètre recouvertes de mosaïque ce qui donne une impression de légèreté au bâtiment.  Ces colonnes encadrent chacune des vitrines qui sont de triple épaisseur afin d’éviter la condensation due à la chaleur dégagée par les machines. Comme dans l’édifice de La Presse, on rend évidente la fonction du journal grâce aux grandes fenêtres du rez-de-chaussée qui permettent aux passants de bien voir les presses en action.

Le Montreal Star occupe cet édifice jusqu’en 1979.  Suite à une longue grève, le Star disparaît en septembre de cette année après avoir dominé la scène journalistique anglophone pendant 110 ans. C’est à ce moment que la chaîne de journaux Southam Inc. achète le Star et son équipement et y installe le journal The Gazette dont elle est propriétaire.  The Gazette, qui avait été le concurrent du Star pendant toutes ces années, devient alors le seul journal anglophone à fort tirage de Montréal.
",1957,1961,-73.5596,45.5037
0040-11-1613-00,Édifice de la Canada Life,gratte-ciel,275,275,rue,275,,Saint-Jacques,,Ville-Marie (Montréal),"En 1894-1895, la compagnie d'assurance-vie Canada Life fait ériger un gratte-ciel de huit étages sur la rue Saint-Jacques. Elle confie le projet à l'architecte Richard A. Waite, un Américain qui a déjà réalisé pour la compagnie dans les années 1880 le siège social de Hamilton et la succursale de Toronto. 

La Canada Life choisit le site voisin du prestigieux Temple building (démoli en 1907). Pour son nouvel édifice, un bâtiment de trois étages qui s'y trouvait est démoli vers le début de l'année 1894 et vers la fin de 1895 l'édifice de la Canada Life est terminé. Au dire d'un journal local, il s'agit d'un édifice des plus modernes dans le Dominion. Sur le plan technique, et ce pour une des premières fois au Canada, il s'élève grâce à une structure d'acier. Waite emprunte à divers styles, si bien que l'édifice fait écho à l'éclectisme victorien tout en annonçant le retour au classicisme du début des années 1900. Il est en outre ornementé de nombreuses et fines sculptures réalisées par Henry Beaumont, tant à l'extérieur que dans ses espaces intérieurs.

La Canada Life s'installe au deuxième étage tandis que la Banque canadienne de Commerce (aujourd'hui CIBC) aménage son bureau-chef montréalais au rez-de-chaussée. Les autres espaces locatifs de l'immeuble sont au départ loués principalement à des cabinets d'avocats et à d'autres assureurs, une clientèle qui reste fidèle dans les décennies qui suivent. En 1954, l'édifice est vendu à la Federation Assurance Co. of Canada, une compagnie nouvellement formée. Son départ au milieu des années 1980 met fin à près d'un siècle de présence continue de compagnies d'assurances dans l'édifice. Durant les années suivantes, la plupart des locaux se retrouvent sans locataire. En 2003-2004, l'édifice est transformé en copropriétés. ",1894,1895,-73.5595,45.5029
0040-11-2737-00,Édifice Canadian Imperial Bank of Commerce,non applicable,265,265,rue,265,,Saint-Jacques,,Ville-Marie (Montréal),"Cet édifice est érigé entre 1907 et 1909 afin de loger les bureaux montréalais de la Canadian Bank of Commerce, une banque fondée à Toronto en 1867 et qui porte le nom de Canadian Imperial Bank of Commerce (CIBC) depuis 1961. La conception de la banque est confiée à l’agence d’architectes torontoise Darling and Pearson. 

L’édifice est le deuxième chantier majeur sur ce site en moins de 20 ans. En 1888-1889, on démolissait en effet l’église méthodiste St. James pour ériger l’immeuble Temple. Cet immeuble de bureaux de sept étages était l’un des édifices les plus prestigieux de la métropole. Vingt ans plus tard, au printemps 1907, on décide pourtant de le démolir pour le remplacer par l’édifice de la Canadian Bank of Commerce. Deux ans de travaux sont nécessaires pour réaliser le nouvel édifice qui ouvre ses portes au début de l’été 1909. Fait à noter, ce n’est seulement qu’à la toute fin des travaux que la Canadian Bank of Commerce se porte acquéreur de la propriété auprès de la congrégation méthodiste St.James.

L’édifice, avec son architecture monumentale, affirme de façon non équivoque le prestige de la banque. À l’intérieur, on y trouve entre autres une immense salle de guichets illuminée par une verrière, des bureaux répartis sur six étages (du côté de la rue Saint-Jacques) et cinq chambres fortes. En 2005, la CIBC occupe toujours l’édifice. 
",1907,1909,-73.5594,45.5031
0040-11-3857-00,Immeuble Metropolitan,non applicable,261,261,rue,261,,Saint-Jacques,,Ville-Marie (Montréal),"En janvier 1902, l'immeuble de la Guardian Fire and Life Assurance Company, construit en 1874-1875 par la Citizens Insurance Company of Canada, est complètement détruit par un incendie. La compagnie décide cependant de construire son nouveau siège social canadien sur un autre terrain de la rue Saint-Jacques et elle retient une solution quelque peu inusitée pour l'utilisation de son terrain vacant. En 1903, elle accorde en effet un bail de 20 ans à la Metropolitan Bank à la condition que cette dernière y fasse rapidement construire un immeuble de bureaux. Les travaux pour ce bâtiment de sept étages &#8211; la partie arrière en compte seulement deux &#8211; débutent au printemps 1903 et se terminent durant l'été 1904 sous la direction de l'agence Finley and Spence.  

La Metropolitan Bank n'occupe pas l'immeuble, mais il est vraisemblable de croire qu'elle voit dans cet arrangement une opportunité d'augmenter ses revenus, tout comme la Guardian Assurance Company d'ailleurs. Parmi les locataires d'origine, on retrouve entre autres des compagnies d'assurance et une succursale de la Eastern Townships Bank au rez-de-chaussée. 

En 1917, le fabricant de plumes fontaines L. E. Waterman Company Ltd. acquiert la propriété et occupe une partie du bâtiment jusqu'en 1949. Un an plus tard, on entame des travaux sur la façade : les colonnes avec les chapiteaux ioniques du rez- de-chaussée disparaissent probablement à ce moment.  Plusieurs propriétaires se succèdent par la suite, mais l'immeuble conserve toujours la même vocation.
",1903,1904,-73.5592,45.5033
0040-11-4365-00,Édifice de la Hanson Brothers,non applicable,255,255,rue,255,,Saint-Jacques,,Ville-Marie (Montréal),"Cet édifice d’inspiration Art déco, oeuvre de l’architecte Harold Lea Fetherstonhaugh, est construit en 1928 par la compagnie Hanson Brothers, une maison de courtage en valeurs mobilières spécialisée dans les obligations. Un bâtiment &#8211; probablement une maison-magasin de trois étages et demi de la première moitié du XIXe siècle &#8211; est détruit pour faire place au nouvel immeuble.  

Les bureaux de la maison Hanson Brothers occupent à l’origine trois des quatre étages. En 1949, la Hanson Brothers loue les trois étages inférieurs à une importante compagnie d’assurances, mais elle demeure présente dans l’édifice, au dernier étage, jusqu’à sa vente en 1953. Un an plus tard, l’immeuble est acheté par la compagnie London Assurance Co. Elle l’occupe entièrement jusqu’en 1976. La vocation de l’immeuble reste ensuite inchangée. En 2005, il abrite toujours des bureaux.",1928,,-73.5592,45.5034
0040-11-4774-00,Édifice Jones-Heward,non applicable,249,249-251,rue,251,,Saint-Jacques,,Ville-Marie (Montréal),,1904,,-73.5591,45.5034
0040-11-5385-00,Édifice du Montreal Star I,non applicable,241,241-245,rue,245,,Saint-Jacques,,Ville-Marie (Montréal),"En février 1885, Hugh Graham, propriétaire du journal <i>Montreal Star</i>, se porte acquéreur auprès de Andrew Stewart Ewing d'un immeuble de trois étages situé sur la rue Saint-Jacques afin d'y installer les bureaux et les équipements de son journal. Vers la fin de 1893, Graham achète de son voisin à l'ouest, David Ross McCord, un immeuble de trois étages. Vers le printemps 1899, les deux immeubles sont démolis et Graham fait appel à l'architecte Alexander Francis Dunlop pour préparer les plans d'un immeuble plus spacieux qui répondrait mieux aux besoins grandissants de l'entreprise. Dunlop propose un immeuble de cinq étages de facture sobre, mais raffinée. Vers la fin de 1900, le <i>Montreal Star</i> emménage dans ses nouveaux locaux et occupe entièrement l'immeuble. Toute l'histoire de cet immeuble sera d'ailleurs liée à des activités journalistiques.

En 1904, Hugh Graham vend ses entreprises, la Graham & Co. et la Family Herald Publishing Co., et les bâtiments qui leur sont liés à la Montreal Star Publishing Co. dont il est d'ailleurs le président. Cette dernière demeure propriétaire de l'immeuble durant près de 75 ans. En 1960 et 1961, des travaux entraînent d'importantes modifications de l'intérieur et de l'extérieur du bâtiment. L'embrasure des deux portes d'entrée a notamment été modifiée, faisant disparaître l'&#339;il-de-b&#339;uf en pierre qui se trouvait au-dessus de chacune d'elle. Le sixième étage, qui couvre seulement la partie arrière du bâtiment, a aussi été rénové.

Le 25 septembre 1979, la Free Press Publications, propriétaire de la Montreal Star Publishing Co. depuis 1973, décide de cesser les activités du journal. Des négociations ont déjà eu lieu avec la compagnie Southam, propriétaire de <i>The Gazette</i>, et cette dernière achète tous les immeubles et équipements de la Montreal Star Publishing Co. en 1980. ",1899,1900,-73.559,45.5036
0040-11-9155-00,Édifice de la London and Lancashire Life,non applicable,244,244,rue,244,,Saint-Jacques,,Ville-Marie (Montréal),"En mai 1898, la compagnie d'assurance britannique London and Lancashire Life Assurance Company achète un lot vacant sur la rue Saint-Jacques pour y construire son siège social canadien. Ce terrain était auparavant occupé par une partie du &laquo;&nbsp;bloc Barron&nbsp;&raquo;, un bâtiment de quatre étages détruit par un incendie en décembre 1896. Selon toute vraisemblance, le nouvel immeuble de bureaux de sept étages est complété avant la fin de l'année 1898. De style beaux-arts, il est l'oeuvre de l'architecte Edward Maxwell assisté de son jeune frère William Sutherland.

La London and Lancashire s'installe d'abord aux deuxième et septième étages de l'édifice, tandis qu'une succursale de la Banque de Nouvelle-Écosse occupe le rez-de-chaussée pendant une dizaine d'années. Les autres locaux sont loués à des avocats, des courtiers ou des agents.

En 1920, la London and Lancashire vend l'immeuble à la Royal Securities Corporation Ltd, une compagnie de placements qui finance entre autres des sociétés de services publics en Amérique latine, aux Antilles et au Canada. Des années 1940 aux années 1960 &#8211; la Royal Securities Corporation vend l'édifice en 1965 &#8211;, plusieurs de ces compagnies, comme la San Salvador Electric Light Company et la Calgary Power Company, occupent un bureau dans l'édifice. En 1979, on réaménage complètement l'intérieur de l'immeuble.
",1898,,-73.5586,45.5033
0040-11-9227-00,Édifice de la Banque-d'Épargne,non applicable,262,262-266,rue,266,,Saint-Jacques,,Ville-Marie (Montréal),"En 1869, la Banque d'Épargne de la Cité et du District de Montréal achète un terrain au coin des rues Saint-Jacques et Saint-Jean pour y installer son siège social. Le petit bâtiment commercial qui s'y trouve est démoli et on confie à l'architecte Michel Laurent la construction d'un immeuble de quatre étages. Cette première section, occupée dès 1871, est un des rares exemples d'édifice bancaire canadien conçu par un architecte francophone.

En 1874, la Banque d'Épargne achète le lot voisin et entreprend, l'année suivante, un premier agrandissement. Un bâtiment de quatre étages y est construit et double ainsi la façade de l'immeuble. La banque loue alors des bureaux à divers professionnels et à des locataires prestigieux. Le siège social de la banque est de nouveau agrandi en 1889, à l'arrière vers la rue Notre-Dame. La nouvelle section du siège social est occupée principalement par la Banque d'Épargne.

La dernière modification a lieu en 1924, sur la rue Notre-Dame, à l'ouest de l'ajout de 1890. S'y trouve une annexe de l'ancien Hôtel Freeman's détruite et remplacée par un bâtiment de cinq étages. Ce troisième agrandissement, tout comme les précédents, est réalisé en respectant le style Second Empire de la section originelle de 1870, ce qui confère une unité architecturale à l'ensemble de l'édifice. 

La Banque d'Épargne vend son immeuble en 1977, mais demeure locataire jusque dans les années 1980. L'édifice, occupé quelque temps par la Ville de Montréal, change de mains plusieurs fois, pour être finalement acheté par les propriétaires actuels en 1997. De 1999 à 2001, il a fait l'objet de travaux majeurs de rénovation et a été transformé en hôtel.



",1870,1871,-73.5585,45.5031
0040-11-9970-00,Édifice de la Guardian Fire and Life,gratte-ciel,240,240,rue,240,,Saint-Jacques,,Ville-Marie (Montréal),"En janvier 1902, la compagnie d'assurance Guardian Fire and Life Assurance Company achète un terrain vacant sur la rue Saint-Jacques pour y construire son siège social canadien. Acquis auprès de Thomas Philippe Barron, ce terrain était auparavant occupé par une partie du &laquo;&nbsp; bloc Barron &nbsp;&raquo;, un imposant édifice de quatre étages qu'un incendie avait détruit en décembre 1896. La construction du nouvel édifice, un gratte-ciel de neuf étages d'inspiration beaux-arts, débute au printemps 1902 pour se terminer vers la fin de la même année. Il est l'oeuvre de l'agence Finley and Spence et de l'architecte américain Henry Yves Cobb. Étrangement, l'ancien immeuble de la compagnie d'assurance, situé à quelques pas sur la rue Saint-Jacques, brûle peu après qu'on ait décidé de construire le nouvel édifice. 

Au départ, la Guardian Assurance Company, qui vient de changer de nom, occupe le dernier étage de l'édifice. La Dominion Bank s'installe au rez-de-chaussée et les autres étages sont occupés entre autres par plusieurs compagnies d'assurances &#8211; la Sun Life occupe une bonne partie du deuxième étage &#8211; et des courtiers. Les architectes de l'édifice, l'agence Finley and Spence, occupent aussi un bureau.

Au cours des années, la Guardian Assurance Company occupe une partie de plus en plus importante de l'édifice. Elle vend l'immeuble et déménage dans le centre-ville en 1975. Quant à la Dominion Bank, devenue la Toronto-Dominion Bank en 1955, elle ne ferme sa succursale qu'à la fin des années 1970. En 1983, d'importants travaux de rénovation ont été exécutés.
",1902,,-73.5585,45.5034
0040-12-6101-00,Édifice du Montreal Star II,gratte-ciel,231,231-235,rue,235,,Saint-Jacques,,Ville-Marie (Montréal),"En février 1922, un incendie ravage l’immeuble de la Standard Life, œuvre remarquée de l’architecte américain Richard Waite réalisée entre 1883 et 1885. Le propriétaire voisin, le quotidien <i>Montreal Star</i>, manque alors d’espace : il saisit l’occasion et achète l’emplacement en 1923. À  la fin de 1926, on obtient les permis pour ériger un immeuble de bureaux de 15 étages mais, pour des raisons inconnues, seuls les fondations et les deux sous-sols seront réalisés dans un premier temps. Sans attendre la poursuite des travaux, les presses de la Montreal Star Publishing Co. s’installent dans les sous-sols. À l’autonome 1929, les travaux reprennent sous la direction de la réputée firme d’architectes Ross et Macdonald. Un an plus tard, au printemps 1930, le gratte-ciel Art déco de 12 étages est complété. 

Dès mai 1929, le <i>Montreal Star</i> et le <i>Montreal Standard</i>, un hebdomadaire propriété du  <i>Montreal Star</i>, signent un bail de 17 ans. Outre les sous-sols, le quotidien s’installe au 6e étage, lequel a préalablement été percé d’ouvertures communiquant avec le dernier étage de l’autre immeuble du <i>Montreal Star</i>. Les trois premiers étages, qui bénéficient d’une entrée séparée, sont loués aux agents financiers W. C. Pitfield & Co.

Jusqu’à la fermeture du quotidien en 1979, l’immeuble est largement occupé par les diverses productions gérées par le <i>Montreal Star</i> (propriété de Free Press depuis 1973). De 1980 à 2003, <i>The Gazette</i>, l’ancien concurrent du <i>Montreal Star</i>, est propriétaire de l’édifice. ",1929,1930,-73.5591,45.5037
0040-12-6813-00,Édifice National Trust,non applicable,225,225,rue,225,,Saint-Jacques,,Ville-Marie (Montréal),"
En 1903 la compagnie de fiducie National Trust fait l'achat de la propriété sur laquelle s'érigera quelques années plus tard l'édifice actuellement en place. Au moment de l'acquisition par le National Trust, le terrain est occupé par un immeuble appartenant à la Standard Life Insurance. En 1914, on procède à sa démolition. La compagnie requiert alors les services de l'architecte Kenneth Guscotte Rea pour la construction d'un immeuble de bureaux répondant spécifiquement à ses besoins. L'architecte a choisi d'offrir à la façade de l'immeuble, coincée dans une section étroite de la rue Saint-Jacques, un maximum de luminosité en mettant l'accent sur une riche fenestration. Il a de plus cherché à mettre en valeur l'entrée principale grâce à une ornementation très élaborée. Dans un souci d'intégration, l'architecte a respecté la hauteur des pilastres et la largeur de l'entablement de l'édifice voisin, la Banque Royale. La construction de l'édifice est complétée en 1915. 

Essentiellement occupé par la compagnie de fiducie, l'immeuble ouvre parfois ses portes à des locataires. La National Trust maintient sa présence jusqu'à la vente de l'édifice en juillet 1966 à la Compagnie Fiducie Prêt et Revenu, maintenant ainsi la vocation financière de l'immeuble. Le nouveau propriétaire occupe les lieux jusque dans les années 1990, époque où ses actifs sont cédés au Trust La Laurentienne. En 1998, le Trust La Laurentienne se départit de l'immeuble, mais les activités des occupants de ce dernier demeurent toujours reliées à la haute finance. 

",1914,1915,-73.5588,45.5038
0040-12-7525-01,Ancien siège social de la Banque Royale,non applicable,221,221,rue,221,,Saint-Jacques,,Ville-Marie (Montréal),"Cet édifice est construit en 1907-1908 pour héberger le siège social de la Banque Royale. Il est conçu selon les plans de l’architecte d’origine américaine Howard Colton Stone. Le sculpteur américain Henry Augustus Lukeman réalise quant à lui les quatre immenses statues qui ornent le bâtiment. 

La Banque Royale quitte l’édifice en 1928 pour s’installer un peu plus à l’ouest, dans son nouveau siège social de 22 étages. L’immeuble est alors vendu à la Banque Provinciale du Canada. Cette dernière y installe son siège social qu’elle agrandit en 1958 en achetant l’édifice voisin. Elle y loge jusqu’à sa fusion avec la Banque Canadienne Nationale en 1979. 

Deux projets de recyclage de l’édifice sont proposés dans les années 1980. La communauté urbaine de Montréal projette d’abord d’y établir le quartier général de la police, mais on abandonne finalement cette idée. On tente ensuite de le convertir en hôtel : hormis la façade, tout le bâtiment est alors détruit. Le projet est toutefois abandonné en cours de travaux. Dans les années 1990, on entreprend de sauvegarder les quatre statues de l’édifice. En 1999, le ministère de la Culture et des Communications leur octroie le statut d’oeuvres d'art reconnues. Elles sont peu après mises en valeur aux Archives nationales du Québec à Montréal sur la rue Viger. En 2005, un projet résidentiel qui intègre la façade de l’Ancien siège social de la Banque Royale est en cours de réalisation.",1907,1908,-73.5586,45.5039
0040-12-7525-02, rue Saint-Jacques ,indéterminé,221,,rue,221,,Saint-Jacques,,Ville-Marie (Montréal),NULL,1990,,-73.5588,45.5039
0040-12-8750-00,Édifice Dominion Express,gratte-ciel,201,201-215,rue,215,,Saint-Jacques,,Ville-Marie (Montréal),"En 1907, le prestigieux St-Lawrence Hall, un hôtel situé à l'angle des rues Saint-François-Xavier et Saint-Jacques, est vendu à la Compagnie du chemin de fer Canadien Pacifique. Trois ans plus tard, le Canadien Pacifique revend l'hôtel à une de ses filiales spécialisée dans l'expédition de colis. La Dominion Express reçoit le mandat de faire construire un nouvel immeuble de bureaux sur cet emplacement de choix. Les travaux de démolition du St-Lawrence Hall débutent en juillet 1910 et la construction du nouvel immeuble suit immédiatement. L'exécution du projet est confiée aux frères Edward et William Sutherland Maxwell. En 1912, l'édifice accueille ses nouveaux occupants.

L'immeuble de bureaux répond tout d'abord aux besoins de la Dominion Express et du Canadien Pacifique qui occupent le rez-de-chaussée et l'étage en sous-sol dans la pente de la rue Saint-François-Xavier. Conçu aussi pour assurer des revenus à la Dominion Express, l'immeuble accueille de nombreux locataires dont la St-Lawrence Sugar Refineries Ltd qui sera présente durant près de 50 ans et le Montreal Club, un prestigieux club privé qui accueille avocats et gens d'affaires montréalais. La présence de ce club est d'ailleurs soulignée par un balcon continu au 9e étage.

La Dominion Express devenue la Canadian Pacific Express demeure propriétaire jusqu'en 1948, alors qu'elle cède ses titres de propriété au Canadien Pacifique. À la fin des années 1950, la Banque Provinciale du Canada devient propriétaire et sera l'occupant principal jusque dans les années 1980. En 1992, des travaux de rénovation sont entrepris et deux étages sont ajoutés. À la fin des années 1990, l'édifice fait l'objet d'autres travaux de restauration.",1910,1912,-73.5586,45.5042
0040-20-0109-01,Édifice Moss,magasin-entrepôt,358,358-362,rue,362,,Notre-Dame,Ouest,Ville-Marie (Montréal),NULL,1875,,-73.5585,45.502
0040-20-0109-02,359 rue Récollets ,indéterminé,359,359,rue,359,des,Récollets,,Ville-Marie (Montréal),NULL,1860,,-73.5583,45.5019
0040-20-1714-00,Magasin-entrepôt Hugh-Thompson,magasin-entrepôt,355,355,rue,355,des,Récollets,,Ville-Marie (Montréal),NULL,1860,1861,-73.5582,45.502
0040-20-1766-00,284-288 rue Notre-Dame Ouest,indéterminé,284,284-288,rue,288,,Notre-Dame,Ouest,Ville-Marie (Montréal),"Bien qu'on ne dispose pas de source formelle concernant la date de construction de cet immeuble, les indices disponibles nous orientent vers 1847 comme date probable. Le docteur Pierre Beaubien acquerrait cette propriété, avec une ancienne maison en pierre à un étage, en 1842. Cinq ans plus tard, le rôle foncier indique que le lot était alors vacant. Cette même année Beaubien, « se disposant à bâtir prochainement », convenait avec sa voisine Marie-Amable Foretier de rectifier la ligne de séparation entre leurs deux lots et d'ériger un mur mitoyen. L'année suivante le rôle foncier indiquait la présence de deux magasins vacants dans le nouvel édifice en pierre à trois étages. On ne retrouve les premiers occupants qu'en 1849 - Charles Atkinson, fourreur et chapelier et Pat Muldoon, mercier - mais ni l'un ni l'autre n'y sont demeurés plus d'un an. 

En 1853, la propriété était saisie par le shérif et deux ans après le marchand Elijah Shelton en devenait le propriétaire pour une période de plus de 35 ans. Shelton n'occupa jamais l'immeuble, préférant plutôt louer les deux magasins, dont un sera occupé par divers marchands, un cordonnier, des tailleurs, des papetiers et autres. Dans l'autre, le pharmacien James A. Harte installait le Glasgow Drug Hall à partir d'environ 1860 jusqu'en 1911. À la suite d'une vente survenue en 1911, un roulement d'activités se poursuivit jusqu'à son acquisition par Walter F. Cummings, marchand de fourrures, en 1923. À partir de cette date l'occupation de l'immeuble fut relativement stable. Bien que Cummings cédait l'immeuble en 1936, son commerce y occupa une partie d'un étage supérieur jusqu'au début des années 1980. La compagnie de construction Cyclops occupa l'autre étage pendant 30 ans, tandis qu'au rez-de-chaussée un autre locataire de longue durée fut la taverne Strand de la Bourse entre les années 1930 et 1969. En 1969 cette dernière devenait propriétaire et ce jusqu'en 1984. Depuis ce temps-là l'immeuble a fait l'objet de cinq transactions et actuellement on y retrouve un magasin de chaussures au rez-de-chaussée et des bureaux aux étages. 

La façade et la toiture de ce bâtiment ont été grandement modifiées, probablement après 1950. En fait, seules les fenêtres du dernier étage rappellent encore vaguement la façade de 1847.
",1847,,-73.5582,45.5025
0040-20-2374-00,Immeuble  Peter-Redpath,indéterminé,282,282,rue,282,,Notre-Dame,Ouest,Ville-Marie (Montréal),"Cet immeuble de bureaux est construit en 1881 par Peter Redpath, un industriel dont le nom est associé à la raffinerie de sucre Redpath située sur le canal de Lachine. 

De 1882 à 1891, le bâtiment loge des bureaux de la Hudson’s Bay Company. À la fin des années 1880, l’hommes d’affaires et député Donald Alexander Smith (Lord Strathcona), très lié à la  Hudson’s Bay Company, y tient aussi un bureau. L’immeuble est vendu en 1892 au marchand Andrew Frederick Gault dont la succession détient les titres de propriétés jusqu’en 1928. L’immeuble conserve la même fonction durant tout le XXe siècle.",1881,,-73.5581,45.5026
0040-20-3557-00,Immeuble George-Washington-Stephens,non applicable,470,470,rue,470,,Saint-Alexis,,Ville-Marie (Montréal),"George W. Stephens fait construire cet immeuble en 1883. Stephens, avocat et député libéral de Montréal-Centre, achète ce terrain des héritiers de John Caverhill en janvier 1883. Au printemps, on démoli le bâtiment de bois qui s’y trouve, puis on érige cet immeuble de bureaux. À l’origine, George W. Stephens dispose d’un bureau au troisième étage, tandis qu’une dizaine de locataires se partagent le reste de l’immeuble. Fait à noter, l’importante firme comptable P. S. Ross and Sons loge dans ce bâtiment entre 1885 et 1895. Au début des années 2000, l’immeuble est transformé en condominiums.",1883,,-73.558,45.5024
0040-20-3794-01,Édifice Waddell,indéterminé,260,260-264,rue,264,,Notre-Dame,Ouest,Ville-Marie (Montréal),"En 1879, le marchand de matériel ferroviaire Samuel Waddell acquiert un lot de la Metropolitan Bank et d'Henry Hogan. Waddell fait démolir les bâtiments qui s'y trouvent au printemps 1884, puis on entame la construction d'un immeuble de bureaux de quatre étages. L'édifice, terminé vers la fin de l'année 1884, est l'oeuvre du duo d'architectes père-fils, John W. et Edward C. Hopkins.

La partie de l'édifice accessible par la rue Notre-Dame est d'abord occupée principalement par la Mutual Life Insurance Company, puis par la London Assurance Corporation de 1888 à 1914. Quant à la section donnant sur la rue Saint-Jean, elle est aménagée en de multiples espaces de bureaux. On y retrouve entre autres en 1885 la Compagnie canadienne de téléphone Bell, laquelle occupe presque entièrement le premier étage, et l'entreprise de Samuel Waddell. Bell quitte en 1897 et emménage dans son nouveau siège social construit de l'autre côté de la rue (disparu).

En 1897, les propriétaires de l'édifice voisin, la compagnie d'assurance-vie Sun Life, achète l'édifice Waddell. L'entreprise occupe une partie importante du bâtiment jusqu'à environ 1918 &#8211; année où elle inaugure son nouveau siège social sur la rue Metcalfe &#8211;, mais elle demeure propriétaire jusqu'en 1946. En 1978, un incendie détruit presque entièrement l'édifice. Un groupe de promoteurs fait son acquisition en 1981 et entreprend la restauration des façades ainsi que sa transformation en copropriétés de bureaux.",1884,,-73.5579,45.5028
0040-20-3794-02,Édifice de la Sun Life,non applicable,266,266,rue,266,,Notre-Dame,Ouest,Ville-Marie (Montréal),"L'édifice Sun Life est construit en 1890-1891. La compagnie d'assurance-vie montréalaise achète d'abord un lot des héritiers d'Alfred Larocque durant l'été 1889. On trouve alors sur le terrain une maison-magasin et des dépendances, lesquelles sont démolies pour le projet. La compagnie lance ensuite, à l'automne 1889, un concours d'architecture que remporte l'architecte Robert Findlay. Les travaux débutent vers le printemps 1890 et se terminent au début de 1891. Les nombreuses sculptures qui ornent les façades sont l'oeuvre de l'artiste Henry Beaumont. 

Deux étages du nouveau bâtiment sont réservés à la Sun Life, tandis que la Union Bank s'installe au rez-de-chaussée. Les autres étages sont notamment occupés, à partir de 1895, par l'importante firme comptable Philip. S. Ross and Sons. L'architecte de l'édifice Robert Findlay y a aussi son bureau pendant quelques années. 

À la fin du XIXe siècle, la Sun Life consolide sa présence dans le secteur en achetant deux bâtiments voisins, dont l'édifice Waddell. Les plans de la compagnie changent toutefois rapidement : dès la fin des années 1910, elle déménage son siège social dans le nouveau centre-ville. Néanmoins, la Sun Life continue d'occuper des locaux dans l'édifice jusque dans les années 1930. Elle vend finalement la propriété en 1946. En 1978, un incendie ravage l'immeuble de bureaux, détruisant irrémédiablement l'architecture intérieure. Un groupe de promoteurs acquiert l'édifice en 1981 et entreprend la restauration des façades ainsi que la transformation de l'édifice en copropriétés de bureaux.",1890,1891,-73.558,45.5027
0040-20-3844-00,457 rue Saint-Pierre ,magasin-entrepôt,457,457,rue,457,,Saint-Pierre,,Ville-Marie (Montréal),NULL,1865,1866,-73.5579,45.5023
0040-20-4739-00,455 rue Saint-Pierre ,magasin-entrepôt,455,455,rue,455,,Saint-Pierre,,Ville-Marie (Montréal),NULL,1865,1866,-73.5578,45.5023
0040-20-5635-00,451 rue Saint-Pierre ,magasin-entrepôt,451,451,rue,451,,Saint-Pierre,,Ville-Marie (Montréal),NULL,1865,1866,-73.5577,45.5022
0040-20-6275-00,468 rue Saint-Jean ,non applicable,468,468,rue,468,,Saint-Jean,,Ville-Marie (Montréal),,1960,,-73.5576,45.5026
0040-20-6524-00,445-449 rue Saint-Pierre ,magasin-entrepôt,445,445-449,rue,449,,Saint-Pierre,,Ville-Marie (Montréal),NULL,1885,,-73.5576,45.5021
0040-20-7109-00,Magasin-entrepôt Thomas-Philippe-Barron,magasin-entrepôt,439,439,rue,441,,Saint-Pierre,,Ville-Marie (Montréal),NULL,1862,1863,-73.5575,45.502
0040-20-8425-00,Immeuble Furness,non applicable,315,315,rue,315,du,Saint-Sacrement,,Ville-Marie (Montréal),"Cet immeuble est construit en 1921 par la Furness, Withy & Company Limited, une compagnie britannique spécialisée dans le transport maritime. Cette dernière achète d’abord le lot en 1920. Le bâtiment de cinq étages qui s’y trouve, l’immeuble Fraser, est démoli au printemps 1921.  

En 1922, la Furness, Withy & Company Limited et des filiales de la compagnie occupent les deux premiers étages. On y retrouve entre autres la Manchester Line, dont les océaniques relient l’Angleterre au Canada depuis les années 1890, et la Furness Bermuda Line, anciennement la Quebec Steamship Company, qui assure une liaison avec les Antilles. Les étages supérieurs hébergent d’autres entreprises, dont un assureur maritime et des marchands de céréales.

La Furness, Whity & Company Limited vend l’immeuble en 1946, mais elle y demeurera comme locataire jusque dans les années 1970. À cette époque, le bâtiment loge encore principalement des entreprises oeuvrant dans le transport maritime. Restauré en 1988, il est encore un immeuble de bureaux en 2005. Toutefois, des firmes d’avocats l’occupent maintenant en grande partie.
",1921,,-73.5574,45.5021
0040-20-9193-00,Édifice Lewis,gratte-ciel,459,459-465,rue,465,,Saint-Jean,,Ville-Marie (Montréal),"En 1913, un nouvel immeuble de bureaux, situé à l'angle des rues Saint-Jean et de l'Hôpital accueille ses premiers occupants. Il s'élève sur des lots remembrés où avaient été érigés au XIXe siècle de plus petits bâtiments occupés par des marchands et divers représentants. William Francis Lewis a graduellement acquis ces lots avant d'en transférer la propriété à la Lewis Building Co. qui, en 1912, fait construire le nouveau gratte-ciel. L'architecte Kenneth Guscotte Rea est le concepteur de cet imposant immeuble de 10 étages.

La Lewis Building Co. se réserve des locaux situés au 10e étage et offre en location les nombreux bureaux dont elle dispose. Dès son inauguration, on y retrouve une clientèle diversifiée, mais les compagnies d'assurance et leurs représentants constituent plus de la moitié des locataires. Cette présence marquée de compagnies d'assurance caractérise d'ailleurs l'immeuble durant une cinquantaine d'année. 

En février 1947, la Lewis Building Co. vend l'immeuble à la Prudential Assurance Co. qui occupe dès lors tout le deuxième étage. En avril 1960, la compagnie maritime Cunard devient propriétaire et y installe son siège social canadien. Pour ses besoins, Cunard occupe plusieurs étages de l'édifice et cette présence attire de nouveaux locataires en ses murs. En 1970, de nombreuses compagnies d'assurances ont quitté et sont remplacées par des entreprises liées au commerce maritime. Certaines de ces entreprises demeurent dans l'immeuble même après le départ de la Cunard. Au début des années 1990, des travaux de rénovation et de restauration de l'immeuble ont été entrepris. 




",1912,1913,-73.5573,45.5027
0040-20-9351-00,Édifice Lake of the Woods,non applicable,261,261,rue,261,du,Saint-Sacrement,,Ville-Marie (Montréal),,1909,1910,-73.5572,45.5024
0040-21-1597-00,220-236 rue Saint-Jacques ,non applicable,220,220-236,rue,236,,Saint-Jacques,,Ville-Marie (Montréal),,1989,,-73.5582,45.5037
0040-21-2662-01,Magasin-entrepôt Thomas-Philippe-Barron [1866],magasin-entrepôt,235,235-239,rue,239,,Notre-Dame,Ouest,Ville-Marie (Montréal),,1866,,-73.5581,45.5034
0040-21-2662-02,Magasin-entrepôt Charles-Wilson,magasin-entrepôt,241,241-243,rue,243,,Notre-Dame,Ouest,Ville-Marie (Montréal),,1866,,-73.5581,45.5033
0040-21-3478-00,231-233 rue Notre-Dame Ouest,magasin-entrepôt,231,231-233,rue,233,,Notre-Dame,Ouest,Ville-Marie (Montréal),,1864,,-73.558,45.5035
0040-21-4393-00,Immeuble Geoffrion et Pérodeau,non applicable,221,221-229,rue,229,,Notre-Dame,Ouest,Ville-Marie (Montréal),"Cet immeuble Art déco est construit en 1930 pour les courtiers Henri Geoffrion et Horace Pérodeau. Sa conception a été confiée à l’architecte Henri S. Labelle. À l’origine, la firme de courtage Geoffrion & Cie occupe le rez-de-chaussée en entier, tandis que les étages supérieurs logent des sociétés oeuvrant dans le même domaine. Geoffrion et Pérodeau vendent l’immeuble dès 1934, en pleine crise économique.   En 1945, il est acheté par une autre firme de courtage, la L. G. Beaubien & Cie. Cette dernière occupe tout l’édifice jusqu’au début des années 1960, puis s’en départit en 1973. L’immeuble loge ensuite des bureaux de professionnels.",1930,,-73.5579,45.5036
0040-21-7258-00,Édifice Allebone,indéterminé,230,230,rue,230,,Notre-Dame,Ouest,Ville-Marie (Montréal),NULL,1952,1953,-73.5575,45.5033
0040-21-7530-01,Édifice Pigeon Hole Parking,non applicable,244,244,rue,244,,Notre-Dame,Ouest,Ville-Marie (Montréal),,1955,1956,NULL,NULL
0040-21-7530-02,236 rue Notre-Dame Ouest,non applicable,236,236,rue,236,,Notre-Dame,Ouest,Ville-Marie (Montréal),,1955,,NULL,NULL
0040-21-7969-01,Maison-magasin Louis-Tancrède-Bouthillier [1836],maison-magasin,214,214-222,rue,222,,Notre-Dame,Ouest,Ville-Marie (Montréal),"L'inspecteur de potasse Louis-Tancrède Bouthillier fait construire cette maison-magasin en 1836. Bouthillier fait l'acquisition des biens de ses défunts parents en 1833, dont cet emplacement avec une maison en pierre, un entrepôt et autres dépendances. Trois ans plus tard, il engage le maçon et entrepreneur Louis Comte pour construire le bâtiment. Cette maison-magasin, comme d'autres immeubles semblables, possède au départ une double vocation résidentielle et commerciale. Ainsi, au printemps 1837, l'épicier Edward Howell installe son commerce dans le magasin du côté est et réside dans un logement au-dessus. En 1841, Bouthillier s'oblige à construire une adjonction au-dessus du passage menant à la cour situé du côté est de la maison-magasin.

Jusqu'à la fin des années 1870, le bâtiment se divise en trois magasins avec des logements au-dessus. Les locataires se partagent l'usage dans la cour d'un hangar à bois bâti en 1837, alors que les occupants du magasin du côté ouest bénéficient de l'utilisation à l'arrière d'une aile en brique et d'une dépendance en pierre. Ces locataires sont principalement des marchands, des cordonniers, des tailleurs et des modistes.   

À compter de 1880, cinq adresses sont attribuées à l'immeuble et ses dépendances. Sa vocation résidentielle disparaît au début du XXe siècle. Les étages supérieurs servent dès lors de bureaux notamment à des négociants et à des courtiers. Parmi ses occupants, on retrouve par ailleurs le fabricant de tabac William C. Macdonald pendant plus de trente ans. Acheté par William Walker en 1910, le bâtiment abrite un restaurant au rez-de-chaussée à partir des années 1920. Une nouvelle adjonction en brique est ajoutée à l'arrière vers 1930. Dès 1945, un centre de services photographiques occupe une partie de l'immeuble. Celui-ci est coiffé d'un toit plat vers 1960. En 2004, le commerce de la photographie anime toujours les lieux. 
",1836,,-73.5575,45.5035
0040-21-7969-02,Entrepôt Bouthillier,non applicable,NULL,NULL,NULL,NULL,NULL,NULL,NULL,Ville-Marie (Montréal),"Jean Bouthillier ou son fils Louis-Tancrède font construire ce bâtiment ente 1825 et 1837. Ce dernier, situé dans la cour arrière de l'emplacement, sert dès le départ de dépendance à l'immeuble principal donnant sur la rue Notre-Dame. Au moins dès 1837, les deux bâtiments sont reliés par une aile en brique.

Dans les années 1840 et pour le siècle à venir, cette dépendance est louée à l'occupant du magasin du côté ouest de la maison-magasin rue Notre-Dame. Elle sert d'atelier comme d'entrepôt à des marchands, à des fabricants notamment de coffres, à des courtiers et à des tailleurs. Depuis les années 1940 et encore en 2004, le bâtiment, augmenté d'un étage et couvert d'un toit plat, sert au tirage des épreuves pour un centre de services photographiques, l'occupant de l'immeuble de la rue Notre-Dame.
",1830,,-73.5573,45.5034
0040-21-8891-00,Édifice de l'Exchange Bank,non applicable,200,200-210,rue,210,,Notre-Dame,Ouest,Ville-Marie (Montréal),"En 1873, Charles S. Rodier vend un terrain à la Exchange Bank of Canada par l'intermédiaire d'un membre du conseil d'administration, A. W. Ogilvie. La banque fait aussitôt démolir les immeubles commerciaux qui s'y trouvent et confie à l'architecte John William Hopkins le soin d'ériger son siège social. La construction de l'immeuble de bureaux de quatre étages débute vers le printemps de 1874 et se termine vers la fin de la même année. Lors de l'inauguration du bâtiment en 1875, les bureaux et la succursale de l'Exchange Bank occupent le tiers du nouvel immeuble, le reste étant loué à diverses entreprises, avocats, comptables et courtiers, dont le réputé Louis-Joseph Forget. 

En faillite dès 1884, l'Exchange Bank vend son immeuble à la British Empire Mutual Life Assurance Co. of London. Cette dernière s'installe dans une partie de l'immeuble et loue les autres locaux. De 1909 à 1947, l'édifice est la propriété de la Phoenix Assurance Co. Ltd. qui y installe aussi ses bureaux. Plusieurs locataires de l'immeuble sont alors liés au domaine du droit. Au tournant des années 1970, on observe un changement dans le type de locataires, les avocats cédant la place aux producteurs audiovisuels. Au début des années 1990, l'immeuble fait l'objet d'une rénovation importante. 
",1874,,-73.5573,45.5036
0040-22-2324-00,Édifice de la Yorkshire Insurance,gratte-ciel,210,210-212,rue,212,,Saint-Jacques,,Ville-Marie (Montréal),"La Yorkshire Insurance Co. inaugure en 1911 son nouvel immeuble de bureaux de 10 étages. En 1909, la compagnie d'assurances britannique a acheté de la succession E.J. Bourne, épouse du défunt Matthew Hamilton Gault, un petit terrain situé sur la rue Saint-Jacques et sur lequel se trouve un immeuble en pierre de trois étages et demi avec porte cochère menant à des dépendances. Ce vieux bâtiment, occupé par un fabricant de plumes et de crayons et quelques agents de compagnies ferroviaires, sont démolis en 1910 et les travaux de construction débutent aussitôt. La conception du nouvel immeuble est confiée aux architectes Saxe et Archibald. 

Dès juin 1911, l'immeuble est occupé par la Banque du Nouveau-Brunswick au rez-de-chaussée (elle n'y demeure que quelques années), la compagnie d'assurances Yorkshire se réserve les deux étages suivants et on retrouve des notaires aux étages supérieurs auxquels se joindront rapidement des comptables, des avocats, des courtiers, d'autres compagnies d'assurances et quelques administrateurs de successions. Ce profil de locataires ne change pratiquement pas jusqu'à la fin du XXe siècle, et ce n'est qu'au milieu des années 1970 que le rez-de-chaussée accueille non plus une institution financière, mais un restaurant.

La Yorkshire Insurance Co. fait faillite vers 1960. Le fiduciaire, le Royal Trust, vend la propriété en 1961. Cette dernière change ensuite plusieurs fois de mains. Au début des années 1980, d'importants travaux de rénovation ont été entrepris. L'immeuble locatif a alors été recyclé en copropriétés. 



",1910,1911,-73.5581,45.5039
0040-22-4429-01,Édifice Kaplan,gratte-ciel,200,200,rue,200,,Saint-Jacques,,Ville-Marie (Montréal),,1953,1954,-73.558,45.504
0040-22-4429-02,Édifice McDougall et Cowans,indéterminé,201,201,rue,201,,Notre-Dame,Ouest,Ville-Marie (Montréal),"Cet édifice Art déco est construit par la Anglo-American Trust Co. en 1929-1930. L’architecte James Cecil McDougall en dessine les plans, tandis que les bas-reliefs sont réalisés par Henri Hébert, le fils du sculpteur Louis-Philippe Hébert. Une ouverture permet d’accéder au bâtiment voisin de la rue Saint-François-Xavier, une propriété de la Anglo-American Trust Co. depuis 1925 (bâtiment disparu).

En 1930, la firme de courtiers McDougall & Cowans, dont les propriétaires possèdent également la Anglo-American Trust Co., s’installent au rez-de-chaussée et au deuxième étage. Quant aux autres étages, ils trouvent difficilement preneurs en ce début de crise économique. La firme McDougall & Cowans connaît d’ailleurs de sérieuses difficultés au début des années 1930. Elle est même accusée de malversations financières en 1931-1932, une affaire qui se rend jusqu’à l’Assemblée législative. Néanmoins, la firme de courtiers occupe des bureaux dans l’édifice jusqu’au début des années 1950.",1929,1930,-73.5577,45.5039
0040-22-4608-00,Magasin-entrepôt Thomas-Jenkins II,magasin-entrepôt,215,215,rue,215,,Notre-Dame,Ouest,Ville-Marie (Montréal),NULL,1866,1867,-73.5579,45.5038
0040-22-5412-00,Magasins-entrepôts Thomas-Jenkins I,magasin-entrepôt,203,203-209,rue,209,,Notre-Dame,Ouest,Ville-Marie (Montréal),NULL,1866,1867,-73.5578,45.5038
0040-22-6465-00,Édifice de la Banque-Canadienne-Nationale,gratte-ciel,500,500,place,500,d',Armes,,Ville-Marie (Montréal),"La construction atteint des chiffres records à Montréal en 1965.  On y investit pour 300 millions de dollars, dépassant ainsi les 244 millions de l’année précédente.  Montréal est en pleine ébullition et, depuis dix ans, les nouveaux édifices changent rapidement le profil de la ville : l’hôtel Queen Elizabeth, l’aérogare de Dorval, l’édifice d’Hydro-Québec, la Place des Arts, la place Ville-Marie,  la place Victoria,  l’Expo 67 , Habitat 67, la place Bonaventure.  De plus, de grandes voies rapides de communication sillonnent maintenant Montréal et sa région : l’autoroute des Laurentides, la Métropolitaine, l’autoroute Ville-Marie, le pont tunnel Louis-Hippolyte Lafontaine, sans parler du métro ou de la voie maritime du Saint-Laurent.  Le Vieux-Montréal participe aussi à ce boom immobilier. La Presse et le Montreal Star rajeunissant leurs équipements, ces deux journaux y construisent des édifices modernes rattachés à leurs bâtiments déjà existants.  À quelques pas du nouvel édifice de La Presse, le chantier du nouveau palais de justice s’ouvre.

La tour de la Banque canadienne nationale est donc mise en chantier dans ce contexte d’effervescence économique et immobilière. Le dévoilement de la maquette de cet édifice se fait en janvier 1963. Ce gratte-ciel occupera le quadrilatère bordé par les rues Saint-François-Xavier, Saint-Jacques, Notre-Dame et la place d’Armes.  L’année suivante, la Banque canadienne nationale termine l’achat des terrains et bâtiments de ce secteur. Les travaux commencent au printemps 1965 et nécessitent la démolition de tous les édifices qui y étaient établis, dont celui de la Banque canadienne nationale qui était logée au coin de Saint-François-Xavier et Notre-Dame depuis 1875. Elle se nommait alors la Banque d’Hochelaga.  Plusieurs édifices presque centenaires disparaissent pour laisser place à celui de la Banque canadienne nationale.

Au moment où la banque décide de construire cette tour, elle est la plus importante banque canadienne dominée par des intérêts canadiens-français. La BCN voulait se donner une image de marque et ancrer sa présence dans le quartier des affaires. Elle n’a pas voulu suivre le mouvement amorcé d’un exode immobilier vers l’ouest estimant que cette nouvelle construction stimulera la rénovation dans ce secteur de la ville.

Édifice fonctionnel de &laquo;&nbsp;style international&nbsp;&raquo;, il se veut sobre pour ne pas détruire l’aspect historique du Vieux-Montréal.  Le coût projeté est de15 millions de dollars. Cette tour de 32 étages en verre et en panneaux de granit noir du lac Saint-Jean atteint une hauteur de 432 pieds, soit l’édifice le plus élevé du Vieux-Montréal.  La structure est montée au rythme de deux étages par semaine grâce, entre autres, à la standardisation des détails architecturaux, l’utilisation de formes de métal et l’apport d’une technique accélérée du coulage du béton. 

Cet édifice devient le siège social de la BCN qui occupe les 9 premiers étages; le rez-de-chaussée  est réservé au service à la clientèle. Les sous-sols logent des stationnements et aussi des boutiques.  Élément particulier, le coffre-fort recouvert de granit noir est situé hors de la structure de l'édifice.  Reposant sur deux colonnes, il ne peut être atteint que de l'intérieur.

Une pierre du côté de la rue Notre-Dame porte l’inscription &laquo;&nbsp;Pierre angulaire posée par le cardinal Paul-Émile Léger le premier décembre MCMLXVII &nbsp;&raquo;. C’est la dernière apparition officielle du cardinal avant son départ pour l’Afrique quelques jours plus tard.  L’édifice est inauguré officiellement le 26 octobre 1968.

",1965,1968,-73.5576,45.5043
0040-23-1979-00,Édifice de la Montreal Street Railway,non applicable,750,750,côte,750,de la,Place-d'Armes,,Ville-Marie (Montréal),"La construction de l'édifice de la Montreal Street Railway s'échelonne sur près de trois ans, entre le printemps 1893 et la fin de 1895. La Montreal Street Railway Company acquiert d'abord le terrain en mars 1893 de l'homme d'affaires George B. Burland. On retrouve alors sur cette propriété un immeuble de trois étages qu'occupe le rembourreur R. N. Tombyll depuis 20 ans. La compagnie fait démolir ce bâtiment peu après et elle embauche les architectes John William Hopkins et Edward C. Hopkins pour la construction de leur siège social. Ces derniers conçoivent un immeuble de bureaux de six étages avec une structure d'acier, l'un des premiers du genre au Canada. Le bâtiment est presque complété quand, le 9 novembre 1894, le toit et les planchers s'effondrent. Bilan de la catastrophe : trois morts et quelques blessés. Dès lors, le chantier passe sous la direction de l'architecte américain George B. Post. L'immeuble est finalement terminé à la fin de l'année 1895.

La Montreal Street Railway Company occupe à l'origine les deux premiers étages de l'édifice, tandis qu'une cinquantaine de locataires se partagent les autres étages. En 1911, la Montreal Street Railway Company est intégrée dans un nouvelle compagnie qui englobe toutes les entreprises de transport urbain à Montréal : la Montreal Tramways Company. Celle-ci acquiert l'immeuble et l'occupe en entier. En 1922, la compagnie engage la firme d'architectes Hutchison and Wood afin d'ajouter deux étages au bâtiment.

En 1929, la Montreal Tramways Company déménage dans son nouveau siège social de la rue Saint-Antoine. Elle vend alors l'édifice à la fiducie Royal Trust, le propriétaire de l'édifice situé juste à l'arrière (rue Saint-Jacques). Une passerelle est rapidement aménagée entre les deux immeubles, permettant ainsi à la fiducie d'agrandir ses locaux. En 1959, la Royal Trust vend l'édifice, lequel devient ensuite un immeuble strictement locatif.",1893,1895,-73.5582,45.5053
0040-23-2008-01,Banque de Montréal,non applicable,119,119,rue,119,,Saint-Jacques,,Ville-Marie (Montréal),"Fondée en 1817, la Banque de Montréal - la première banque canadienne - connaît une telle croissance de son chiffre d'affaires qu'elle doit quitter son premier immeuble de la rue Saint-Jacques, occupé depuis 1819, après seulement 25 ans . En 1845, la banque achète un terrain, alors utilisé comme cimetière, ainsi qu'un immeuble appartenant à la fabrique de la paroisse Notre-Dame et qui loge des bureaux, du côté nord-ouest de la place d'Armes. 

La Banque engage l'architecte John Wells pour concevoir son nouveau siège social. Le néoclassicisme déjà dominant à Montréal depuis quelques décennies atteindra ici un sommet, avec un bâtiment qui rappelle un temple de la puissante république romaine de l'Antiquité. Le bâtiment en imposera avec une colonnade colossale surmontée d'un fronton triangulaire et avec un dôme qui coiffe un toit à quatre versants coiffés. La Banque déménage dans son nouvel immeuble en novembre 1847, face à la place d'Armes réaménagée en square la même année. 

En 1859, on constate une détérioration du dôme qui a même causé des dommages au second étage. Devant le danger d'un accident plus grave, le dôme est enlevé et le niveau supérieur est complètement refait, ce qui fournit l'occasion d'ajouter un étage en attique, que l'on recouvre simplement d'un toit plat. Un autre agrandissement réalisé en 1885 et 1886 étire la partie arrière de l'édifice jusqu'à la ruelle des Fortifications. Au début du XXe siècle, alors que la Banque a acquis une stature internationale, elle fait presque entièrement reconstruire son siège social, en conservant toutefois la façade et le portique de l'édifice d'origine. Elle confie le projet à la très prestigieuse firme d'architectes américains McKim, Mead and White. La superficie intérieure est alors doublée. Le grand hall bancaire que l'on connaît aujourd'hui date de cette époque, de mème que le dôme actuel et la façade arrière de la rue Saint-Antoine. 

Cet édifice imposant et de grand style peut être considéré comme le prototype d'une tradition de classicisme dans l'architecture des édifices bancaires à Montréal et au Canada.

La Banque de Montréal occupe l'immeuble encore aujourd'hui.",1845,1847,-73.5583,45.505
0040-23-2008-02,Édifice du Siège-social-de-la-Banque-de-Montréal,gratte-ciel,129,129-155,rue,155,,Saint-Jacques,,Ville-Marie (Montréal),,1958,1960,-73.5585,45.5046
0040-23-4757-00,Édifice du Royal Trust,gratte-ciel,105,105-107,rue,107,,Saint-Jacques,,Ville-Marie (Montréal),"En 1908, la fiducie du Royal Trust fait l’acquisition auprès de la Alliance Assurance Company d’un emplacement sur lequel on retrouve alors l’Imperial Building, un immeuble construit en 1889 qui avait lui-même remplacé un bâtiment dont la construction remontait à 1846 (la City Bank). Pour la Royal Trust, le choix du site est stratégique, l’entreprise disposant de solides liens avec la Banque de Montréal, son voisin immédiat. En 1912, l’Imperial Building a à peine 20 ans, mais sa démolition et la construction du nouvel édifice sont aux yeux de nombreux observateurs de l’époque le symbole de la prospérité montréalaise. On fait appel aux architectes McKim, Mead et White — une prestigieuse firme d’architectes de New York — ainsi qu’à Ernest Barott de Montréal pour la conception du nouvel immeuble de bureaux de huit étages. La construction est terminée en 1913.

Dès le départ, les loyers exigés amènent des locataires fortunés. Des étages complets sont alors monopolisés par une seule firme : la Royal Trust occupe le rez-de-chaussée, la Banque de Montréal, le troisième étage, la Dominion Glass, le quatrième. Les autres espaces disponibles sont loués à des avocats et autres professionnels. Cependant, la Royal Trust s’approprie rapidement l’espace locatif. Avant qu’il ne quitte, à la fin des années 1960, pour s’installer sur le boulevard Dorchester (aujourd’hui boul. René-Lévesque), la Royal Trust occupe presque totalement l’immeuble. Dans les années qui suivent, la Banque de Montréal, qui devient propriétaire en 1983, occupe la majeure partie de l’édifice et un lien intérieur est créé entre les deux immeubles. 
",1912,1913,-73.5578,45.5051
9842-43-4020-01,Appartements Ville-Marie,indéterminée,4360,4360,rue,4360,,Saint-Denis,,Le Plateau-Mont-Royal (Montréal),,NULL,NULL,-73.581012,45.522800
9742-87-1306-01,École nationale de Théâtre du Canada,indéterminée,5030,5030,rue,5030,,Saint-Denis,,Le Plateau-Mont-Royal (Montréal),,NULL,NULL,-73.588896,45.526315
9742-64-4126-01,Église Saint-Enfant-Jésus du Mile-End,Édifice de culte,5037,5039,rue,5043,,Saint-Dominique,,Le Plateau-Mont-Royal (Montréal),,NULL,NULL,-73.591187,45.523483
9941-59-2363-01,3425-3427 rue Saint-Hubert ,indéterminée,3425,3425-3427,rue,3427,,Saint-Hubert,,Le Plateau-Mont-Royal (Montréal),,NULL,NULL,-73.567157,45.519522
9942-11-9079-01,3827-3829 rue Saint-Hubert ,indéterminée,3827,3827-3829,rue,3829,,Saint-Hubert,,Le Plateau-Mont-Royal (Montréal),,NULL,NULL,-73.571491,45.521491
9942-02-0426-01,3960 rue Saint-Hubert ,indéterminée,3960,3960,rue,3960,,Saint-Hubert,,Le Plateau-Mont-Royal (Montréal),,NULL,NULL,-73.573757,45.521958
9742-64-7515-01,Providence Saint-Enfant-Jésus,indéterminée,59,95,boulevard,95,,Saint-Joseph,Est,Le Plateau-Mont-Royal (Montréal),,NULL,NULL,-73.590633,45.523431
9742-64-7515-02,Résidence Saint-Dominique,indéterminée,95,95,boulevard,95,,Saint-Joseph,Est,Le Plateau-Mont-Royal (Montréal),,NULL,NULL,-73.590726,45.523511
9742-73-4087-01,École de l'Enfant Jésus,indéterminée,100,102,boulevard,102,,Saint-Joseph,Est,Le Plateau-Mont-Royal (Montréal),,NULL,NULL,-73.590083,45.523341
9742-74-2484-01,CLSC Saint-Louis du Parc,indéterminée,155,155,boulevard,157,,Saint-Joseph,Est,Le Plateau-Mont-Royal (Montréal),,NULL,NULL,-73.590110,45.524210
0040-23-6691-00,Édifice de la Life Association of Scotland,non applicable,701,701-711,côte,711,de la,Place-d'Armes,,Ville-Marie (Montréal),"En 1868, John Fraser, directeur de la compagnie d'assurances Scottish Life Association, achète deux lots vacants de la Trust and Loan of Upper Canada. Les bâtiments érigés sur ces prestigieux terrains bordant la Place d'Armes avaient été démolis peu de temps auparavant afin de permettre l'élargissement de la rue Saint-Jacques. Agissant au nom de la compagnie, Fraser mandate les architectes Hopkins & Wily pour la construction d'un immeuble de bureaux. L'édifice de quatre étages, inspiré du style Second Empire, est érigé en 1870. Dès l'origine, les bureaux de la Life Association of Scotland occupent une grande partie de l'immeuble, et ce, jusque dans les années 1890.

En 1891, l'immeuble est acheté par la banque Nationale qui souhaite profiter au maximum du potentiel offert par le site. En 1908, elle acquiert la propriété voisine sur la côte de la Place-d'Armes. L'année suivante, d'importants travaux d'agrandissement, confiés aux architectes Marchand et Haskell, sont entrepris. Deux étages sont ajoutés à l'immeuble qui est aussi agrandi jusqu'à la ruelle des Fortifications. Le tout est effectué dans le respect du modèle original.

En juin 1926, la banque Canadienne Nationale vend l'immeuble à la compagnie d'assurances La Prévoyance qui demeure propriétaire jusqu'en 1959. Principal occupant de l'immeuble, La Prévoyance loue certains espaces, notamment entre 1940 et 1944 alors que la firme de courtage L. G. Beaubien occupe trois étages. En 1975, les façades du Great Scottish Life Insurance sont classées monument historique. À la fin des années 1990, l'édifice est recyclé en hôtel.


",1869,1870,-73.5576,45.5054
0040-24-5438-01,Fonderie Garth,indéterminé,44,44-50,rue,50,,Saint-Antoine,Ouest,Ville-Marie (Montréal),,1904,,-73.5576,45.506
0040-24-5438-02,Fonderie Garth (annexe),indéterminé,54,54,rue,54,,Saint-Antoine,Ouest,Ville-Marie (Montréal),,1906,,-73.5577,45.5059
0040-24-7505-00,Banque du Peuple,gratte-ciel,53,53-57,rue,57,,Saint-Jacques,,Ville-Marie (Montréal),"L'édifice de la Banque du Peuple est construit en 1893-1894 selon les plans de la firme d'architectes Perrault, Mesnard et Venne. En 1893, la Banque du Peuple possède trois bâtiments contigus sur la rue Saint-Jacques, dont son siège social érigé en 1871-1872 (Henri-Maurice Perrault, architecte). Les deux autres, construits en 1869, furent acquis en 1890 auprès d'Alexander Cross. Ces trois immeubles sont démolis au printemps 1893, à l'exception de la façade du siège social de 1871-1872 qu'on intègre à un nouvel immeuble de bureaux de sept étages. À l'intérieur de l'édifice, un puits de lumière éclaire un grand atrium &#8211; une première à Montréal semble-t-il &#8211; entouré de bureaux.

À l'inauguration de l'édifice en 1894, la Banque du Peuple occupe tout le rez-de-chaussée et le sous-sol. Aux étages supérieurs, on retrouve entre autres de nombreux cabinets d'avocats, le consulat de France, les bureaux des architectes de l'édifice (Perrault, Mesnard et Venne) et des études de notaires, dont celle de Victor Morin. 

Contre toute attente, la Banque du Peuple fait faillite dès 1895. Elle vend sa propriété en 1899 à l'homme d'affaires et politicien Gaspard De Serres. Les anciens locaux de la Banque du Peuple logent ensuite la Banque d'Hochelaga jusqu'au milieu des années 1920, période durant laquelle l'édifice porte son nom.  En 1979, un incendie endommage gravement l'édifice, détruisant notamment l'atrium. Dix ans plus tard, on restaure la façade &#8211; classée monument historique en 1975 &#8211; et on rénove complètement l'intérieur.",1893,1894,-73.5575,45.5056
0040-24-8523-00,Édifice Alexander-Cross,indéterminé,43,43-51,rue,51,,Saint-Jacques,,Ville-Marie (Montréal),"L'avocat Alexander Cross acquiert en 1867 et 1868 trois lots contigus sur la rue Saint-Jacques. Ces lots sont vacants, car la Ville de Montréal a exproprié les deux édifices s'y trouvant afin d'élargir la Petite rue Saint-Jacques, dont l'immeuble où Alexander Cross avait son cabinet d'avocat. En lieu et place de ces bâtiments, Cross fait construire en 1869 un édifice multifonctionnel beaucoup plus imposant. Aux locataires de la première année, un encanteur et un grossiste en bijoux, s'ajoutent dans les années subséquentes divers occupants, dont une association orangiste loyaliste et le mess des Fusiliers du Prince de Galles. 

Vers les années 1880, le profil des locataires varie et de plus en plus de professionnels y louent des espaces. En 1885 et 1892 ou 1893, deux incendies causent des dégâts à l'immeuble. Dès la fin du XIXe siècle, un restaurant s'installe au rez-de-chaussée. Ce type d'activité commerciale sera présent dans l'immeuble durant tout le XXe siècle. Aux étages supérieurs, plusieurs professionnels du début du siècle sont peu à peu remplacés par des commerçants et des grossistes. 

La succession d'Alexander Cross vend l'immeuble en 1929 à Maxwell Cummings, courtier en valeurs mobilières, lequel demeure propriétaire jusqu'en 1977. C'est probablement pendant cette période que la mansarde est modifiée, à tout le moins avant le classement de la façade par le ministère de la Culture en 1976. 




",1869,,-73.5573,45.5057
9742-20-6217-01,Regent Theatre,Théâtre / auditorium / cinéma,5117,5117,avenue,5117,du,Parc,,Le Plateau-Mont-Royal (Montréal),,1915,0,-73.596061,45.520044
9642-90-8198-01,5300 avenue Parc ,indéterminée,5300,5300,avenue,5308,du,Parc,,Le Plateau-Mont-Royal (Montréal),,NULL,NULL,-73.599541,45.520699
9642-90-8198-02,5308 avenue Parc ,indéterminée,5300,5308,avenue,5308,du,Parc,,Le Plateau-Mont-Royal (Montréal),,NULL,NULL,-73.599783,45.520795
9642-91-2036-01,5352 avenue Parc ,indéterminée,5352,5352,avenue,5352,du,Parc,,Le Plateau-Mont-Royal (Montréal),,NULL,NULL,-73.600440,45.521105
9642-63-3684-01,5677 avenue Parc ,indéterminée,5675,5677,avenue,5679,du,Parc,,Le Plateau-Mont-Royal (Montréal),,NULL,NULL,-73.604217,45.523366
9642-54-8417-01,Cinéma Rialto,Théâtre / auditorium / cinéma,5711,5711-5723,avenue,5723,du,Parc,,Le Plateau-Mont-Royal (Montréal),,1923,0,-73.604747,45.523634
9642-35-1917-01,5944-5946 avenue Parc ,indéterminée,5944,5944-5946,avenue,5956,du,Parc,,Le Plateau-Mont-Royal (Montréal),,NULL,NULL,-73.608170,45.524523
9843-78-9555-01,2001-2017 rue Gilford ,indéterminée,2015,2001-2017,rue,2017,,Gilford,,Le Plateau-Mont-Royal (Montréal),,NULL,NULL,-73.576463,45.536565
9840-99-1096-01,Église luthérienne Saint-Jean,Édifice de culte,3594,3594,rue,3594,,Jeanne-Mance,,Le Plateau-Mont-Royal (Montréal),,NULL,NULL,-73.575017,45.510856
9742-88-7459-01,Église Saint-Denis,Édifice de culte,454,454,avenue,454,,Laurier,Est,Le Plateau-Mont-Royal (Montréal),,NULL,NULL,-73.588363,45.527706
9742-88-7459-02,Presbytère Saint-Denis,Édifice religieux,454,454,avenue,454,,Laurier,Est,Le Plateau-Mont-Royal (Montréal),,NULL,NULL,-73.588707,45.527482
9742-43-8044-01,Hôtel de ville de Saint-Louis du Mile-End,Hôtel de ville,1,1-5,avenue,5,,Laurier,Ouest,Le Plateau-Mont-Royal (Montréal),,1904,1905,-73.593214,45.523022
9741-29-4961-01,Banque royale,Banque,351,351-359,avenue,359,,Laurier,Ouest,Le Plateau-Mont-Royal (Montréal),,NULL,NULL,-73.596175,45.519582
9941-35-1223-01,3470-3476 avenue Laval ,indéterminée,3468,3470-3476,avenue,3476,,Laval,,Le Plateau-Mont-Royal (Montréal),,NULL,NULL,-73.569774,45.515629
0040-24-8997-00,Édifice La Presse,non applicable,750,750,boulevard,750,,Saint-Laurent,,Ville-Marie (Montréal),"En 1955,  La Presse, le plus grand quotidien de langue française en Amérique,  s’apprête à entrer dans une ère moderne d’automatisation de sa production grâce à la construction d’un nouvel édifice. Celui-ci sera situé sur la rue Saint-Laurent, entre la rue Saint-Antoine - la rue Craig de l’époque - et la ruelle des Fortifications. Pour réaliser ce projet, il faut démolir de nombreux bâtiments existant sur ce site, sans compter les vestiges des anciennes fortifications que l’on découvre lors des travaux d’excavation. 

L’architecte Jacques M. Morin prévoit  terminer les travaux en 1958, mais des problèmes techniques imprévus viennent causer des retards d’un an dans l’échéancier. En effet, on découvre que le futur édifice reposera sur le lit de la rivière Saint-Martin, située sous la rue Saint-Antoine. Le roc sur lequel l’édifice peut s’ancrer se trouve 60 pieds plus bas.  Les ingénieurs-conseils Surveyer, Nenninger et Chênevert doivent donc travailler à rendre étanches les fondations qui, de plus, devront supporter les vibrations des presses rotatives installées au niveau de la rue Saint-Antoine. Cet ancrage se fait à l’aide de 265 pieux accrochés au roc et, pour la première fois au Canada, une membrane étanche I.C .O.S.-Veber est utilisée pour protéger les fondations des effets destructeurs de la rivière souterraine.  Quelques années plus tard, on utilisera cette même technologie pour le Palais de justice situé de l’autre côté de la rue Saint-Laurent.

En octobre 1958, alors que le nouvel édifice est presque terminé, une grève éclair des journalistes secoue l’entreprise pendant 13 jours. Madame Angélina Berthiaume-Du Tremblay est alors propriétaire du journal.  Au moment où la grève prend fin, elle nomme Jean-Louis Gagnon chef de la rédaction.  Celui-ci amorce alors un renouveau dans l’orientation journalistique du quotidien. La première action du nouveau rédacteur en chef sera de travailler à une nouvelle page éditoriale.  Au même moment, il renouvelle l’image du journal en rafraîchissant la mise en page.  De plus, la façon d’aborder l’information change : la une traite maintenant en priorité des nouvelles régionales et locales plutôt que les nouvelles internationales.   Une typographie plus aérée, des articles signés, un caricaturiste régulier et l’introduction d’une tribune libre complètent ces changements.  

L’équipe de journalistes de Jean-Louis Gagnon prend possession des locaux avec enthousiasme en octobre 1959. L’aménagement intérieur souligne l’importance que l’on accorde à la &laquo; nouvelle &raquo;. L’immense salle de rédaction de 75 pupitres, les chambres noires et les bureaux des chefs de service de la rédaction accueillent le personnel relié à l’information.  Le 2e étage est réservé à la mise en page, caractères, linotypes et rangées de marbres.  Les machines rotatives à haute vitesse fournissent un débit de 100 000 exemplaires à l’heure. Dans les entrepôts souterrains, on emmagasine les rouleaux de papier-journal. 

À la structure de béton et aux deux cages d’escalier en granit et calcaire de l’Indiana du nouvel édifice vient s’accrocher un rideau de verre retenu par des moulures d’aluminium.   Au niveau de la rue Saint-Antoine, les larges baies inclinées vers l’intérieur permettent d’éviter la réflexion du soleil à ceux qui s’arrêtent pour observer le travail de la rotative ultra-rapide.  Elles alternent avec des montants en granit bleu minuit de Rivière-à-Pierre, sans compter que des blocs de granit gris de Saint-Sébastien servent de seuil pour ces mêmes vitrines.  Au moment où ce nouvel édifice est construit, il présente la plus grande surface vitrée à Montréal. Une passerelle au-dessus de la ruelle des Fortifications relie l’ancien bâtiment au nouveau. 

En 1959, la construction de cet édifice marque une évolution radicale dans la production du journal en plus de projeter une image moderne de l’entreprise.  Mais tout aussi importante que les transformations physiques, la nouvelle approche journalistique annonce des changements de mentalité qui bientôt amorceront la révolution tranquille.
",1958,1959,-73.5573,45.5064
0040-24-9642-01,Immeuble de la Caisse nationale d'économie I,non applicable,41,41,rue,41,,Saint-Jacques,,Ville-Marie (Montréal),,1938,1939,-73.5572,45.5058
0040-24-9642-02,Immeuble de la Caisse nationale d'économie II,indéterminé,33,33-35,rue,35,,Saint-Jacques,,Ville-Marie (Montréal),,1958,1959,-73.5572,45.5059
0040-30-0671-00,Immeuble Clegg,non applicable,455,455,rue,455,,Saint-Jean,,Ville-Marie (Montréal),"En 1903, la firme de courtiers d’assurances James J. Riley & Sons engage l’agence d’architectes Finley and Spence pour la construction d’un immeuble de deux étages. L’immeuble est vendu en 1949 à la Kerr Steamship Limited, une société maritime américaine dont le président est Alfred Clegg. La façade est alors totalement refaite, si bien que l’immeuble possède dorénavant les apparences d’un bâtiment de la fin des années 1940. En 1956, on y ajoute un étage. La Kerr Steamships Limited se départit de l’immeuble en 1977.",1949,,-73.5571,45.5026
0040-30-1663-00,Immeuble Robert Hampson & Son,non applicable,451,451,rue,451,,Saint-Jean,,Ville-Marie (Montréal),"Cet immeuble de bureaux est construit en 1926-1927. Robert Hampson, président de la Robert Hampson & Son, une compagnie d’agents d’assurances fondée en 1864, achète d’abord cette propriété en 1907. L’entreprise quitte l’édifice du Corn Exchange et s’installe dans le bâtiment de trois étages qui occupe l’emplacement. Pour répondre aux besoins de la compagnie, l’agence d’architectes Hutchison and Wood apporte alors des modifications à ce bâtiment. En 1926, il est démoli pour faire place à un nouvel immeuble Art déco. Encore une fois, l’agence d’architectes Hutchison and Wood en dessine les plans. 

La Robert Hampson & Son Limited, qui représente surtout des compagnies d’assurances américaines, occupe l’immeuble jusqu’en 1960. Ce dernier a été restauré en 1982 et sert encore d’immeuble de bureaux en 2005.",1926,,-73.557,45.5025
0040-30-2107-00,Édifice du Montreal Board of Trade,non applicable,300,300,rue,300,du,Saint-Sacrement,,Ville-Marie (Montréal),"L’édifice du Board of Trade est construit en 1902-1903. Son histoire remonte cependant au début des années 1890 lorsque le Montreal Board of Trade acquiert le terrain sur lequel est érigé l’édifice actuel. L’association d’hommes d’affaires lance alors un concours d’architecture remporté par l’agence d’architectes bostonnienne Shepley, Rutan and Coolidge. En 1892-1893, le premier édifice du Board of Trade est érigé.

Le 23 janvier 1901, un énorme incendie frappe le quartier Ouest du Vieux-Montréal. L’édifice du Board of Trade est complètement détruit. Peu de temps après, on engage l’architecte David R. Brown afin d’ériger un second édifice. Les travaux se déroulent entre les printemps 1902 et 1903. Le nouvel édifice épouse à peu près les mêmes proportions que le précédent &#8211; on utilise les mêmes fondations &#8211;, mais son architecture est mise au goût du jour : l’influence du style Beaux-Arts y est bien perceptible.

L’immeuble de bureaux loge dès 1903 le Board of Trade, qui y occupe un espace modeste, et environ une centaine de locataires, essentiellement des professionnels et des bureaux d’entreprises. Le Board of Trade demeure dans l’édifice jusqu’en 1967, mais en conserve la propriété jusqu’en 1983. En 2005, l’édifice héberge toujours de nombreux locataires.",1902,1903,-73.5569,45.502
0040-30-2178-00,Immeuble Walter-Benny,indéterminé,239,239,rue,239,du,Saint-Sacrement,,Ville-Marie (Montréal),"Le maître boulanger Walter Benny fait construire cet immeuble en 1834-1835. Benny acquiert en décembre 1833 l’emplacement avec une maison, une boutique et ses dépendances, la maison donnant sur la rue du Saint-Sacrement devant être enlevée par l’ancien propriétaire. Lorsque Benny loue l’emplacement en novembre 1835 pour le mois de mai suivant, il y a fait bâtir un nouvel immeuble en pierre de trois étages, incluant le rez-de-chaussée. Les épiciers de gros George D. Watson et John Black occupent les lieux jusqu’en 1847. Un autre épicier de gros, des commissaires-priseurs et des marchands leur succèdent. Possédant au départ une double vocation commerciale et résidentielle, comme le démontre le rôle foncier de 1849, l’immeuble ne sert plus qu’au commerce dès 1855.  

Walter Benny décède en décembre 1870 et sa succession demeure en possession du bâtiment pendant plus d’un siècle. L’immeuble est occupé par des marchands de vin au cours des décennies 1870 à 1890. Au tournant du siècle, il sert de bureaux à des agents et des importateurs et est aussi utilisé à des fins d’entreposage. L’entreprise Provincial Cotton & Fibre Company Limited, spécialisée dans la vente de textiles et de cordages, et la compagnie Canvas Equipment Limited, oeuvrant dans le commerce de la toile, marquent par la suite l’histoire du bâtiment pendant plus de soixante ans. Entre-temps, vers 1955, ce dernier est rehaussé d’un étage et est coiffé d’un toit plat. 

À la fin des années 1990, l’immeuble fait l’objet d’importants travaux de rénovation : les dépendances à l’arrière sont rehaussées de deux étages, intégrées au bâtiment principal et l’ensemble est recyclé en logements en copropriété.",1834,1835,-73.5569,45.5026
0040-30-7651-00,Immeuble John Lovell & Son,non applicable,423,423,rue,423,,Saint-Nicolas,,Ville-Marie (Montréal),"John Lovell, un des plus importants imprimeur et éditeur au Canada, fait construire cet immeuble en 1884. Depuis 1845, Lovell est propriétaire de l’emplacement de la rue Saint-Nicolas et y mène ses activités commerciales. Vers le début de l’année 1884, un incendie détruit les bâtiments qui s’y trouvent. On construit alors un nouvel immeuble pour loger la John Lovell & Son, une entreprise qui, comme les précédentes entreprises de Lovell, imprime un nombre impressionnant de publications comprenant entre autres des manuels scolaires, des périodiques littéraires et des bottins. 

Au milieu des années 2000, plus de 150 ans après l’achat de la propriété, le bâtiment de la rue Saint-Nicolas abrite toujours la compagnie fondée par John Lovell. La Lovell Litho & Publication Inc. y imprime entre autres les annuaires Lovell, une publication annuelle publiée sans interruption depuis les années 1840.",1884,,-73.5562,45.5024
0040-30-7797-00,Immeuble Joseph-Knapp,non applicable,212,212-214,rue,214,du,Saint-Sacrement,,Ville-Marie (Montréal),,1854,,-73.5562,45.5028
0040-30-9270-01,"420, rue  Saint-Éloi I",indéterminé,420,420,rue,420,,Saint-Éloi,,Ville-Marie (Montréal),NULL,1825,,-73.5559,45.5025
0040-30-9270-02,"420, rue Saint-Éloi II",indéterminé,420,420,rue,420,,Saint-Éloi,,Ville-Marie (Montréal),NULL,1825,,-73.556,45.5026
0040-30-9853-00,Magasin-entrepôt Edwin-Atwater [1864],magasin-entrepôt,417,417,rue,417,,Saint-Nicolas,,Ville-Marie (Montréal),NULL,1864,,-73.556,45.5023
0040-31-0291-00,Édifice James-Fairie,non applicable,480,480,rue,480,,Saint-François-Xavier,,Ville-Marie (Montréal),,1869,,-73.5571,45.5036
0040-31-1929-00,Magasin-entrepôt Henry-Judah,magasin-entrepôt,222,222,rue,222,de l',Hôpital,,Ville-Marie (Montréal),,1864,,-73.5569,45.5031
0040-31-2713-01,Maison Silvain-Laurent dit Bérichon,maison urbaine façon Nouvelle-France,221,221,rue,221,du,Saint-Sacrement,,Ville-Marie (Montréal),,1810,1811,-73.5566,45.5028
0040-31-2713-02,NULL,indéterminé,NULL,NULL,NULL,NULL,NULL,NULL,NULL,Ville-Marie (Montréal),NULL,1947,,-73.5567,45.5029
0040-31-4347-00,Édifice du C. P. R. Telegraph,gratte-ciel,204,204,rue,204,de l',Hôpital,,Ville-Marie (Montréal),"En 1900-1901, la compagnie ferroviaire Canadien Pacifique fait construire ce gratte-ciel afin de loger entre autres certaines de ses divisions, notamment son service de télégraphie. En mai 1900, deux membres de la haute direction de l’entreprise, le nouveau président Thomas Shaughnessy et Richard B. Angus, font l’acquisition de deux propriétés sur la rue de l’Hôpital. La première appartenait à George-Casimir Dessaulles, ancien maire de Saint-Hyacinthe pendant près de 25 ans, la seconde à la succession John James Arnton. Au début de l’été 1900, on démoli les bâtiments sur ces terrains et on débute la construction d’un gratte-ciel de huit étages sous la direction de l’agence d’architectes Hutchison and Wood. Il est terminé vers le début du printemps 1901. 

En 1901, plusieurs services du Canadien Pacifique s’installent dans l’édifice. Le C. P. R. Telegraph occupe à lui seul une bonne partie du rez-de-chaussée et du huitième étage. Le Montreal Club, club privé prestigieux d’hommes d’affaires qui occupait auparavant l’immeuble de la succession Arnton,  est un autre locataire important : il occupe tout le septième étage et une partie du huitième étage entre 1901 et 1912. Quant aux espaces de bureaux, ils attirent des courtiers, mais surtout des entreprises comme la Laurentide Paper Company, présidée par William Van Horne, ou la Lake of the Woods Milling Co. 

Angus et Shaughnessy cèdent les titres de propriété en 1922 au Canadien Pacifique, lequel occupe l’édifice jusqu’à sa vente en 1980. Des promoteurs lancent alors un projet d’envergure : la transformation du gratte-ciel en copropriétés. Terminé en 1981, ce projet est l’un des premiers du genre dans le Vieux-Montréal. En 1999-2000, l’édifice a fait l’objet d’importants travaux de restauration.",1900,1901,-73.5566,45.5032
0040-31-5036-00,Maison-magasin Frédéric-Auguste-Quesnel,maison-magasin,436,436-440,rue,440,,Saint-François-Xavier,,Ville-Marie (Montréal),"Cette maison-magasin de trois étages, y compris le rez-de-chaussée, est construite en 1842. Frédéric-Auguste Quesnel est propriétaire de cet emplacement depuis près de 30 ans, lorsqu’il décide de remplacer la vieille maison en pierre d’un étage qui s’y trouvait déjà lors de son acquisition. De 1844 à 1850, les libraires et imprimeurs Armour & Ramsay y installent leur commerce dans les deux magasins du rez-de-chaussée et Hew Armour habite dans un logement situé au-dessus, les étages supérieurs des maisons-magasins étant au départ consacrés à l’habitation. Un commissaire-priseur y établit aussi sa résidence pendant quelques années au moins à compter de 1847.  

Le commerce du livre occupe une part importante de l’espace locatif de l’immeuble pendant quelques décennies. Vers 1880, les libraires font place aux restaurateurs qui utiliseront une partie et plus tard tout le rez-de-chaussée du bâtiment. Pensons notamment au Brokers’ Restaurant qui restera en activité pendant plus d’un demi-siècle. Situé au cœur du quartier des bourses et à proximité du palais de justice, l’immeuble abrite aussi des bureaux qui, au cours du XIXe siècle et de la première moitié du XXe, sont loués à des commissaires-priseurs, des courtiers, des notaires, des avocats et des compagnies d’assurances. Désirant probablement augmenter le nombre de bureaux disponibles, la succession Cherrier, propriétaire de l’immeuble depuis 1885, fait ajouter en 1912 un étage en brique et transformer le toit à deux versants en toit plat. Au même moment, le restaurant est agrandi par l'addition d’une cuisine d’un étage à l’arrière du côté nord. Par ailleurs, la vocation résidentielle du bâtiment perd graduellement de son importance. En 1885, seul le gardien de la maison-magasin y réside au troisième étage. Il en ira de même jusqu’aux années 1960. 

En 2005, alors qu’un restaurant occupe toujours le rez-de-chaussée de la maison-magasin, les étages supérieurs ont en quelque sorte retrouvé leur vocation d’origine en servant d’hôtel.",1842,,-73.5564,45.5032
0040-31-5419-00,Édifice du Merchants' Exchange,non applicable,211,211,rue,211,du,Saint-Sacrement,,Ville-Marie (Montréal),,1866,1867,-73.5565,45.503
0040-31-5980-01,Ancienne Bourse de Montréal,non applicable,453,453-457,rue,457,,Saint-François-Xavier,,Ville-Marie (Montréal),"Le Montreal Stock Exchange (Bourse de Montréal) fait construire cet édifice en 1903-1904. À la suite de l’incendie de l’immeuble du Board of Trade en janvier 1901, le Montreal Stock Exchange se retrouve sans lieu d’échanges. Le conseil d’administration décide alors de se doter d’un édifice comparable aux grandes bourses du monde. En janvier 1903, après de longues négociations, le Montreal Stock Exchange acquiert des sulpiciens une propriété sur la rue Saint-François-Xavier. Pour la conception de l’édifice, on fait appel à l’Américain George B. Post, au moment même où celui-ci dirige les travaux de la prestigieuse Bourse de New York sur Wall Street. Deux architectes locaux, Edward et William S. Maxwell, sont nommés pour superviser le chantier. Les architectes doivent d'ailleurs respecter des consignes particulières : le contrat de vente avec les sulpiciens est en effet assorti d’une clause qui refuse tout droit de vue des acheteurs sur les jardins du Séminaire situés à l’arrière de la propriété. Les ouvertures devront donc être élevées à six pieds du sol ou comblées par un vitrage givré. 

Les premières transactions s’effectuent sur le nouveau parquet le 29 juin 1904. Le Montreal Stock Exchange poursuit ses activités sur la rue Saint-François-Xavier jusqu’en octobre 1966, date à laquelle il déménage dans la nouvelle tour de la Bourse au square Victoria. Durant toute cette période, on note peu de changements, si ce n’est l’ajout d’un étage sur une partie de l’aile sud de l’édifice. Ces travaux surviennent probablement en 1928-1929 lors de la construction par le Montreal Stock Exchange du Montreal Curb Market, un immeuble qui jouxte l’aile sud de l’Ancienne Bourse. 

En 1966, la Bourse de Montréal se défait de l’édifice. Un organisme tente alors de le convertir en centre culturel. D’importants travaux de réaménagement d’intérieur sont entrepris, tandis qu’on ajoute un étage sur l’aile nord de l’édifice. Le projet avorte, mais il reprend vie presque aussitôt avec la location de l’immeuble par le théâtre du Centaur. La première saison de la compagnie a lieu en 1968 et, en 1973, elle acquiert le bâtiment. Le programme de rénovation entrepris quelques années auparavant est alors complété. En 2004, le théâtre du Centaur a inauguré sa 36e saison.",1903,1904,-73.5565,45.5036
0040-31-5980-02,Édifice Montreal Curb Market,non applicable,449,449-451,rue,451,,Saint-François-Xavier,,Ville-Marie (Montréal),"Le Montreal Stock Exchange (Bourse de Montréal) fait construire l’édifice du Montreal Curb Market en 1928-1929. En 1903, le Montreal Stock Exchange avait acquis des sulpiciens une grande propriété sur la rue Saint-François-Xavier. On construisit alors l’édifice du Montreal Stock Exchange sur la majeure partie du terrain, mais on avait conservé la vieille maison de deux étages et demi au sud. En 1928, on décide de démolir cette maison afin de construire un immeuble pour loger le Montreal Curb Market, une bourse où l’on transige des jeunes titres et des valeurs spéculatives. Le nouvel édifice est inauguré au début du mois de mai 1929.

Outre le Montréal Curb Market, deux compagnies liées directement au Montreal Stock Exchange occupent l’immeuble : le Exchange Clearing House et le Exchange Printing Co. La première effectue les virements entre les membres et la seconde imprime quotidiennement les transactions du Montreal Stock Exchange et du Montreal Curb Market.

En 1953, le Montréal Curb Market devient la Bourse Canadienne. À l’instar de la Bourse de Montréal, à laquelle elle est étroitement liée, la Bourse Canadienne déménage dans la tour de la Bourse sur la place Victoria en 1966. En 1973-1974, le nouveau propriétaire de l’édifice, le théâtre du Centaur, procède au recyclage du bâtiment. En 2004, la compagnie théâtrale de langue anglaise a inauguré sa 36e saison.",1928,1929,-73.5562,45.5034
0040-31-7133-00,Maison-magasin James-Hutchison,maison-magasin,430,430-434,rue,434,,Saint-François-Xavier,,Ville-Marie (Montréal),"Cette maison-magasin en pierre de trois étages, incluant le rez-de-chaussée, avec un coin arrondi est construite en 1841-1842. En août 1840, James Hutchison achète cet emplacement au coin des rues Saint-François-Xavier et Saint-Sacrement avec une maison en pierre d’un étage et autres bâtiments. Un litige concernant un mur mitoyen et la présence des premiers locataires en mai 1842, en l’occurrence les marchands de <i>dry goods</i> (tissus, mercerie et peut-être autres produits) Robert Patterson & Company, confirment une construction au cours de 1841-1842. Cette maison-magasin, comme d’autres bâtiments semblables, possède au départ une double vocation commerciale et résidentielle. Par exemple, en 1849, un épicier et un marchand établissent leur commerce respectif au rez-de-chaussée et résident au-dessus.

Jusqu’au début du XXe siècle, des locataires aux professions variées occupent les lieux, généralement plus d’un à la fois, notamment un exportateur de grains, des marchands et un notaire. Situé au cœur du quartier des bourses, l’immeuble est plus spécialement utilisé, entre 1865 et 1890, par des imprimeurs, dont l’entreprise J. Starke & Company, et par des courtiers. Par ailleurs, la fonction résidentielle du bâtiment disparaît complètement à compter de 1880. 

En 1910, The Royal Exchange Assurance achète de la succession Hutchison l’immeuble qui abritera son siège social jusqu’en 1955. Le bâtiment est alors connu sous le nom The Royal Exchange Building. Par la suite, il change quelques fois de propriétaires. Après avoir été occupé par un restaurant, il abrite en 2005 une boutique d’encadrement et des logements en co-propriété aux étages supérieurs.",1841,1842,-73.5563,45.5031
0040-31-8618-00,Édifice de la Montreal Telegraph,non applicable,422,422-424,rue,424,,Saint-François-Xavier,,Ville-Marie (Montréal),"Cet édifice demeure la propriété de la Montreal Telegraph Co., qui y occupe des bureaux pendant près de 75 ans. En 1870, cette entreprise de communication par fils achète de la succession Valois le lot situé au coin des rues Saint-François-Xavier et Saint-Sacrement. La compagnie, déjà en activité dans un édifice adjacent au lot acheté, est en pleine croissance sous la férule de son richissime président, Sir Hugh Montagu Allan. En 1872, la Montreal Telegraph démolit les bâtiments acquis deux ans plus tôt, construit son siège social en 1873 et s’y installe en 1874. Les anciens bâtiments logeaient de petits manufacturiers, quelques bureaux de professionnels, une compagnie d’assurance et un logement. C’est essentiellement le même type de distribution que l’on retrouve dans le nouvel édifice, le logement en moins et la Montreal Telegraph en plus. Mais il faut attendre 1875 avant de voir un nombre significatif de locataires s’installer dans l’immeuble.

Andrew Allan devient président de la Montreal Telegraph au début des années 1880. C’est également à cette époque qu’apparaît la Great North Western Telegraph Co., locataire pendant près de 40 ans et qui donne son nom à l’édifice au début du XXe siècle. On note la présence de plusieurs compagnies de télégraphie, dont celle du Canadien National, locataire des années 1920 à 1957, et propriétaire de l’édifice de 1954 à 1957. Quelques autres entreprises sont liées au domaine maritime. La Dow Jones Ltd. occupe des bureaux entre les deux guerres mondiales (la Bourse de Montréal se trouve alors de l’autre côté de la rue Saint-François-Xavier).

Glenco Investment achète l’immeuble en 1957. Les années 1960 amènent du changement. Plusieurs entreprises de graphisme s’y installent. La fonction résidentielle réapparaît, un journal hongrois y est produit, et un disco-bar ouvre ses portes. L’arrivée d’un nouveau propriétaire au milieu des années 1980 permet la rénovation de l’édifice avec l’aide d’une subvention accordée en 1989-90. L’édifice est aujourd’hui occupé par diverses entreprises liées notamment au monde de la publicité.
",1873,,-73.5561,45.5029
0040-31-8654-00,Immeuble Joseph-Amable-Berthelot,non applicable,439,439-447,rue,447,,Saint-François-Xavier,,Ville-Marie (Montréal),"L’ancien juge de la Cour Supérieure Joseph-Amable Berthelot fait construire cet immeuble de bureaux en 1886. Conçu par l’architecte Victor Roy, le bâtiment remplace deux immeubles servant de cabinets à des membres des professions libérales. À l’origine, il compte trois étages (incluant le rez-de-chaussée) et un demi-étage sous les combles. 

Parmi les premiers occupants, on retrouve entre autres les importateurs de matières premières Winn & Holland, la compagnie d’assurances Fire Insurance Association of London, les bureaux de la Merchant’s Bank of Halifax et une compagnie de télégraphie. En 1905, la succession de Joseph-Amable Berthelot engage l’architecte Joseph O. Turgeon afin d’ajouter deux étages à l’immeuble. Le nombre de locataires augmente considérablement après cette transformation.

En 1954, l’immeuble est acheté par la Fédération des oeuvres de charité canadiennes-françaises, un des ancêtres de l’organisme de charité Centraide. La Fédération occupe une partie de l’immeuble jusqu’aux années 1970. Le rez-de-chaussée est ensuite aménagé en restaurant, tandis que de nombreux organismes sans but lucratif (groupes populaires, syndicats, etc.) louent les locaux des étages supérieurs. En 1998-1999, l’immeuble est restauré et transformé en établissement hôtelier.",1886,,-73.5561,45.5033
0040-32-1407-01,Édifice des Sulpiciens III,non applicable,140,140,rue,140,,Notre-Dame,Ouest,Ville-Marie (Montréal),"La construction de cet immeuble de bureaux, le dernier érigé par les sulpiciens sur leurs terrains vacants de la rue Saint-François-Xavier, est réalisée en 1874. L'un des premiers locataires du rez-de-chaussée est une succursale de la Banque d'Hochelaga, remplacée par la Merchants Bank of Halifax à la fin des années 1880, puis par la Dominion Bank au début du XXe siècle. Plusieurs compagnies d'assurances se retrouvent aux étages supérieurs ainsi que les architectes Théodore Daoust à la fin du XIXe siècle et Eugène Payette de 1911 à 1947. Cet immeuble se signale par la stabilité remarquable de plusieurs locataires. Le record de longévité appartient néanmoins au concierge Willie Laroche qui travaille et demeure dans l'immeuble pendant environ 60 ans. 

Au début des années 1970, le rez-de-chaussée est occupé par un restaurant. Plus récemment, diverses entreprises spécialisées en design, en publicité et en communications occupent les étages supérieurs.


",1874,,-73.5572,45.5039
9842-63-8186-01,École primaire Louis-Hippolyte-La Fontaine,École,4245,4245,rue,4245,,Berri,,Le Plateau-Mont-Royal (Montréal),,NULL,NULL,-73.578023,45.523390
9942-45-9090-01,École Primaire Supérieure Le Plateau,École,3696,3700,avenue,3710,,Calixa-Lavallée,,Le Plateau-Mont-Royal (Montréal),,1930,1931,-73.567418,45.525310
9943-53-3063-01,Maison Henriette-Moreau,Maison isolée,4100,4100,avenue,4100,,De Lorimier,,Le Plateau-Mont-Royal (Montréal),,1870,1873,-73.566987,45.532206
0040-32-1407-02,Édifice des Sulpiciens II,non applicable,465,465-471,rue,471,,Saint-François-Xavier,,Ville-Marie (Montréal),"Construit en 1870 par les sulpiciens sur un terrain vacant, cet immeuble de bureaux situé à deux pas de la place d'Armes est occupé dès l'année suivante par plusieurs professionnels, marchands et compagnies d'assurances, dont certaines spécialisées dans le domaine maritime. De plus, une succursale de la Banque Royale du Canada s'installe au rez-de-chaussée. Parmi les premiers occupants, notons la présence de l'arpenteur et architecte Henri-Maurice Perrault, rejoint en 1874 par son fils Maurice et, en 1880, par l'architecte Albert Mesnard. En 1884, la firme Perrault et Mesnard quitte la rue Saint-François-Xavier pour s'installer directement sur la place d'Armes.

Dès 1880 un restaurateur occupe le rez-de-chaussée (Exchange Restaurant). En 1895, ce service n'est plus offert dans l'immeuble et il faudra attendra 35 ans pour y retrouver à nouveau un restaurant (Harry's Restaurant, Henry Sandwich Shoppe, Restaurant Place d'Armes) De 1900 au début des années 1960, les courtiers d'assurances et les courtiers en valeurs mobilières sont les principaux locataires de l'immeuble. Parmi ceux-ci, la firme L. J. Forget & Co. occupe à elle seule pendant quelques décennies, d'environ 1925 à 1955, tous les étages supérieurs du bâtiment. À partir des années 1960, on observe l'arrivée de plusieurs entreprises &#339;uvrant dans le domaine de l'édition et des voyages.


",1870,,-73.5569,45.5037
9941-17-2580-01,Fusilliers Mont-Royal,indéterminée,300,300,avenue,300,des,Pins,Est,Le Plateau-Mont-Royal (Montréal),,NULL,NULL,-73.572216,45.517983
9742-39-0183-01,Monastère des carmélites,Édifice religieux,301,301-371,avenue,371,du,Carmel,,Le Plateau-Mont-Royal (Montréal),,1895,1896,-73.594977,45.528448
9842-35-0963-01,Pensionnat Saint-Basile,indéterminée,465,465,avenue,465,du,Mont-Royal,Est,Le Plateau-Mont-Royal (Montréal),,1895,1896,-73.582625,45.524902
9842-45-2179-01,Maison des Pères du Très-Saint-Sacrement,Édifice religieux,500,500A,avenue,530,du,Mont-Royal,Est,Le Plateau-Mont-Royal (Montréal),,1892,1897,-73.581550,45.525165
0040-32-1407-03,Édifice des Sulpiciens I,non applicable,459,459-461,rue,461,,Saint-François-Xavier,,Ville-Marie (Montréal),"Cet immeuble est érigé par les sulpiciens en 1861 sur un terrain vacant. Dès sa construction, l'immeuble est occupé par l'arpenteur et architecte Henri-Maurice Perrault et par le comptable Thomas Johnson. Le premier y conserve son bureau jusqu'en 1871, puis déménage dans l'édifice Sulpicien II que l'on vient de terminer sur le terrain voisin. Quant au second, il cède rapidement sa place à diverses entreprises liées au monde de la finance puis de la télégraphie. 

En 1872, l'immeuble est entièrement occupé par la Dominion Telegraph Co. Vers 1882, l'étage supérieur est transformé en logements après une probable modification de la toiture. Le reste du bâtiment est loué à divers professionnels, dont des courtiers en valeurs mobilières. Cette mixité bureaux-logements dure jusqu'au milieu des années 1930, date à laquelle des travaux modifient la vocation de l'immeuble. Dès lors, l'immeuble est occupé par une seule entreprise commerciale à la fois, notamment un marchand de produits chimiques, un restaurateur d'antiquités et, plus tard, un épicier.


",1861,,-73.5567,45.5037
9943-17-4797-01,Hôtel de ville De Lorimier et poste de pompiers,Hôtel de ville,2151,2151-2165,avenue,2165,du,Mont-Royal,Est,Le Plateau-Mont-Royal (Montréal),,1901,0,-73.571941,45.536051
9944-10-7177-01,Centre de transport Mont-Royal,indéterminée,2321,2321,avenue,2321,du,Mont-Royal,Est,Le Plateau-Mont-Royal (Montréal),,NULL,NULL,-73.570118,45.537903
9741-57-1989-01,4800 avenue Parc ,indéterminée,4800,4800,avenue,4800,du,Parc,,Le Plateau-Mont-Royal (Montréal),,NULL,NULL,-73.592701,45.518023
0040-32-7223-01,Vieux séminaire de Saint-Sulpice,non applicable,130,130,rue,130,,Notre-Dame,Ouest,Ville-Marie (Montréal),"Résidence, manoir seigneurial, presbytère .... Le plus vieil immeuble du Vieux-Montréal, l'ancien séminaire a répondu à divers besoins durant sa longue histoire selon le rôle que son propriétaire unique, la Compagnie des Prêtres de Saint-Sulpice, jouait dans la société montréalaise. Le bâtiment actuel est le second que les Sulpiciens ont fait construire. Le premier avait été érigé en 1657 sur la rue Saint-Paul sur le site de l'actuel entrepôt de la compagnie Frothingham & Workman. Après la construction de l'ancienne église paroissiale sur la rue Notre-Dame, inaugurée en 1683, les Sulpiciens décidaient de s'éloigner de la place du marché et choisissaient plutôt de s'établir sur un terrain vacant voisin de l'église qu'ils desservaient. La construction du séminaire a commencé en 1684, vraisemblablement selon les plans du supérieur François Dollier de Casson, et le tout était parachevé, y compris le toit couvert d'ardoise, en 1687. À l'origine le toit était mansardé, mais plus tard, peut-être lors de l'ajout des ailes, il fut transformé en toit à pignon.

À l'origine, le séminaire n'était formé que d'un bâtiment parallèle à la rue. Durant les premières années du XVIII<sup>e</sup> siècle, deux ailes, projetées depuis le début, furent ajoutées. Bien que certains auteurs avancent l'hypothèse que les pavillons latéraux aient été construits en deux temps, l'état actuel des connaissances ne nous permet que de constater que les ailes furent érigées entre 1704 et 1713, soit entre l'élaboration du plan de Jacques Levasseur de Néré (1704) et celui de Gédéon de Catalogne (1713). L'aile ouest abritait une chapelle et infirmerie au rez-de-chaussée et une bibliothèque aux étages supérieurs. Dans l'aile est, la procure et le parloir, où les Sulpiciens recevaient leurs invités, se trouvaient au rez-de-chaussée et des chambres étaient aménagées au-dessus. Des tours d'escaliers étaient installées aux deux angles intérieurs à l'endroit où les ailes rejoignaient le corps de l'immeuble. Mise à part la réfection d'une porte centrale en 1740, l'immeuble a conservé son apparence extérieure durant presque 140 ans. 

La Conquête fut lourde de conséquences pour les Sulpiciens de Montréal. Avant 1764, ils ne formaient en somme qu'une succursale de leur compagnie; la maison-mère de Paris était propriétaire de tous leurs biens. Mais, en février 1764, à la suite du changement de métropole la Compagnie des Prêtres de Saint-Sulpice cédait ses biens du Canada au séminaire de Montréal. Ce transfert de propriété suscita d'épineuses questions concernant le statut légal du séminaire. Le gouvernement britannique ne reconnut le séminaire comme organisme constitué juridiquement qu'en 1840. 

À la fin des années 1840, les Sulpiciens, confirmés dans leurs titres et fonctions, s'engageaient dans un vaste projet de construction où un seul immeuble aurait réuni les fonctions de résidence et de séminaire. Le projet, qui aurait dû être réalisé en trois étapes, prévoyait la démolition totale de l'ancien séminaire. Les travaux sur la partie orientale, occasionnant le remplacement de l'ancienne aile est par le presbytère actuel, progressaient au moment où les Sulpiciens reconsidéraient le projet et décidaient de faire construire le Grand séminaire à l'extérieur de la vieille ville, sur leur domaine de la montagne (rue Sherbrooke). Si la façade sur la rue n'a pas changé par la suite, du côté du jardin les Sulpiciens ont fait érigé une aile en brique de deux étages qui a servi de réfectoire et de résidence. Aujourd'hui, l'immeuble, qui n'a fait l'objet que de travaux d'entretien depuis le début du XX<sup>e</sup> siècle, sert de résidence pour les Sulpiciens à la retraite.

L'importance incontestable de l'ancien séminaire repose sur plusieurs faits. Avec le quadrillage des premières rues, l'immeuble est le seul survivant du XVII<sup>e</sup> siècle dans le Vieux-Montréal. Parmi les cinq institutions religieuses qui s'étaient établies à l'intérieur de l'ancienne ville fortifiée à partir du XVII<sup>e</sup> siècle et qui y avaient rassemblé de grands terrains pour les besoins de leur communauté, la Compagnie des Prêtres de Saint-Sulpice est la seule à occuper son immeuble d'origine. Autre chose remarquable, considérant tout le développement immobilier qui se faisait autour de la propriété, la communauté a résisté à la tentation de lotir son jardin et sa cour qui constituent actuellement les plus importants espaces verts privés dans la Cité.
",1684,1687,-73.557,45.504
0040-32-7223-02,Presbytère de la paroisse Notre-Dame de Montréal,non applicable,116,116,rue,116,,Notre-Dame,Ouest,Ville-Marie (Montréal),"À la suite d'une entente entre l'évêque de Montréal et la Compagnie de Saint-Sulpice en novembre 1840, les sulpiciens acceptaient « pour toujours et irrévocablement » la charge de former des aspirants au sacerdoce dans le diocèse de Montréal. Cet accord marquait la fondation du Grand Séminaire. Faute d'espace, il fallait loger la nouvelle institution dans l'immeuble du Collège de Montréal sur la rue Saint-Paul en attendant la construction d'un immeuble permanent consacré aux activités du séminaire. Vers 1848, les Sulpiciens choisissaient de réunir dans une seule maison les prêtres affectés au ministère pastoral et les séminaristes. Cette décision visait le remplacement complet de l'ancien immeuble de la place d'Armes par un nouvel édifice beaucoup plus grand. 

La direction du projet fut confiée à l'architecte John Ostell qui dessina alors un imposant immeuble d'inspiration néo-classique. Afin d'éviter le déplacement des sulpiciens durant les travaux, le projet de construction fut conçu en trois étapes. Seule la première étape, concernant la partie est, était commencée en 1848. Tandis que les travaux avançaient, les sulpiciens reconsidéraient le projet et, en 1854, décidaient de faire construire le séminaire sur leur domaine situé sur la montagne, l'actuel Grand séminaire de la rue Sherbrooke. À la suite de cette décision, la nouvelle aile érigée selon les dessins de Ostell fut parachevée, mais les travaux qui devaient compléter l'immeuble furent annulés.

La nouvelle aile abritait et continue d'abriter les fonctions reliées à l'&#339;uvre paroissiale des sulpiciens et à la gestion de leurs biens. Au rez-de-chaussée se trouvent des parloirs et les bureaux du presbytère, la procure occupe le deuxième étage et les chambres ont été aménagées aux troisième et quatrième étages.",1848,1850,-73.5565,45.5043
0040-32-7223-03,NULL,non applicable,NULL,NULL,NULL,NULL,NULL,NULL,NULL,Ville-Marie (Montréal),,9999,,-73.5559,45.5034
0040-32-7223-04,NULL,non applicable,NULL,NULL,NULL,NULL,NULL,NULL,NULL,Ville-Marie (Montréal),,9999,,-73.5555,45.504
0040-32-8983-01,Basilique Notre-Dame de Montréal,non applicable,100,100,rue,100,,Notre-Dame,Ouest,Ville-Marie (Montréal),"La basilique Notre-Dame de Montréal qui dresse fièrement ses deux tours sur le côté sud de la Place d'Armes est la propriété de la Fabrique de la paroisse Notre-Dame depuis 1693 alors que les prêtres de Saint-Sulpice lui cédaient la première église. Instituée en 1657, la paroisse Notre-Dame fut, jusqu'en 1865, la seule paroisse catholique de Montréal. Les sulpiciens firent construire six églises dans les différents quartiers de Montréal, mais l'église Notre-Dame demeura toujours leur joyau.

La première église Notre-Dame fut construite à partir de 1672 sur un emplacement déterminé par Dollier de Casson, dans l'axe de la rue Notre-Dame sur l'actuelle Place d'Armes. Peu à peu l'église ne suffit plus à répondre aux besoins de la population. La fabrique de la paroisse envisagea donc, au début du XIXe siècle la construction d'une nouvelle église. L'argument en faveur d'un besoin d'espace ne fut pas le seul invoqué pour mousser le projet. La construction de la cathédrale Saint-Jacques sur la rue Saint-Denis, projet mis en branle par l'évêque auxiliaire, Mgr Jean-Jacques Lartigue, fournit aussi un autre argument en faveur de l'édification d'une nouvelle église, les sulpiciens voulant éviter à tout prix le morcellement de la paroisse Notre-Dame. De plus, à la suite de la construction par les autorités britanniques du Palais de justice sur la rue Notre-Dame on jugeait important d'édifier un monument qui rappellerait sans équivoque la présence canadienne-française et catholique à Montréal

Le projet de construction fut confié à l'architecte new-yorkais d'origine irlandaise James O'Donnell à qui on demanda de réaliser la plus vaste et la plus belle église d'Amérique du Nord. O'Donnell arriva à Montréal en octobre 1823 et proposa un projet aux marguilliers qui l'acceptèrent rapidement. 

Le style gothique fut retenu pour l'église comme c'était alors de plus en plus souvent le cas aux État-Unis. Ce style trouvait ses racines au Moyen-Âge et était facilement reconnaissable par les arcs en forme d'ogive. Il contrastait fortement avec le néo-classicisme (inspiré de l'Antiquité), teinté des traditions de la Nouvelle-France, alors très dominant ici. Le projet de Notre-Dame représentait ainsi une première grande avancée montréalaise dans la mouvance néo-gothique, en voie de devenir un des grands courants stylistiques du XIXe siècle. La théorie et les règles allaient en être définitivement établies en Europe au cours des années 1840.

En mai 1824, les travaux débutèrent. Jusqu'à la fin des travaux, la première église fut conservée. On la démolit finalement en 1830, mais son clocher ne disparut qu'en 1843 lorsque les tours de la nouvelle église furent complétées. O'Donnell oeuvra à la fois comme architecte et intendant de la construction. Il surveillait tout et s'assurait que ses ordres étaient bien exécutés. Jusqu'à 250 ouvriers participèrent aux travaux durant la période estivale. La main-d'&#339;uvre, qualifiée ou non, ne manquait pas, mais tous les matériaux nécessaires à la construction de l'église, à l'exception de la pierre de taille fournie principalement par John Redpath, étaient commandés à l'extérieur de Montréal. 

À partir de mai 1824, on procéda à la démolition de quatre maisons et au déblaiement d'un cimetière qui occupaient l'emplacement désigné pour la nouvelle église. Les murs des fondations, en calcaire de Montréal et hauts de trois mètres, furent élevés en juillet et août 1824. Les années 1825 et 1826 furent consacrées à la construction des murs, d'une épaisseur de 1.5 mètres. Durant l'automne 1826, on érigea les 16 colonnes de la nef ainsi que le plancher de bois. Le toit ne fut installé qu'en 1827. Les travaux se poursuivirent et en juin 1829, l'église fut inaugurée même si les travaux de décoration intérieure ne furent terminés qu'en 1830. James O'Donnell mourut cette année-là sans avoir pu admirer son &#339;uvre terminée. Le manque d'argent força en effet le comité de construction à mettre fin aux travaux et l'érection des tours et des clochers ne reprit que dans les années 1840 sous la direction de John Ostell d'après les plans de O'Donnell. 

La décoration intérieure ne satisfaisait pas entièrement les marguilliers et les prêtres de la paroisse. Elle avait été effectuée avec des moyens réduits et ne réussissait pas à mettre adéquatement en valeur la beauté architecturale de l'édifice conçu par O'Donnell. Donc dès 1856, la fabrique fit appel à l'architecte montréalais Victor Bourgeau pour concevoir des plans de rénovation du décor intérieur. L'intérieur de l'église fut entièrement refait. Victor Bourgeau avait développé une expertise incomparable pour la conception d'églises, il était le principal architecte montréalais pour la construction et la décoration des églises. Les travaux de rénovation de l'intérieur débutèrent en 1872 et se poursuivirent jusque dans les années 1880. Le majestueux décor actuel de l'église Notre-Dame &#8211; qui comprend entre autres la chaire de 14 mètres de hauteur sculptée par l'artiste Louis-Philippe Hébert &#8211; date de cette époque. En 1890, la fabrique commandait à la maison Casavant de Saint-Hyacinthe, les grandes orgues qui furent inaugurées en 1891.

En 1888, le curé de la paroisse fit valoir aux marguilliers que l'église était trop vaste pour des cérémonies intimes. On décida de faire construire une chapelle de dimensions plus modestes ainsi qu'une nouvelle sacristie et des bureaux à l'arrière de l'église. La chapelle Notre-Dame du Sacré-C&#339;ur fut inaugurée le 8 décembre 1891.

Grâce à sa riche architecture, grâce à son décor intérieur somptueux, la basilique Notre-Dame a depuis toujours valeur de symbole pour les Montréalais. Elle n'est pas le siège de l'administration du diocèse, mais elle est un lieu de culte et de rassemblement privilégié. L'église fut élevée au rang de basilique mineure par bref apostolique le 21 avril 1982 et reçut la visite du pape en septembre 1984. À maintes occasions des milliers de personnes se sont rassemblées à l'intérieur ou sur son parvis pour rendre un dernier hommage à des personnalités importantes; pensons à Maurice Richard ou Pierre Trudeau en 2000. Elle connut aussi des heures plus joyeuses et somptueuses avec le mariage de Céline Dion et René Angelil ou celui, un peu plus discret, du hockeyeur Mario Lemieux. Depuis plus de 150 ans, la basilique Notre-Dame, mariage de l'art de O'Donnell et de Bourgeau, incarne l'âme du Vieux-Montréal.",1824,1829,-73.5562,45.5045
0040-32-8983-02,Chapelle Notre-Dame du Sacré-Coeur,non applicable,424,424-426,rue,426,,Saint-Sulpice,,Ville-Marie (Montréal),"Cet édifice est construit entre 1888 et 1891 par la fabrique de la paroisse de Notre-Dame de Montréal, selon les plans de l’agence d’architectes Perrault et Mesnard. Le sculpteur Arthur Vincent réalise de nombreuses statues et le retable de la chapelle, tandis que les peintures de cinq jeunes artistes ornent les murs du troisième niveau.

Adossée à l’église Notre-Dame, l’édifice compte plusieurs parties. Au centre, on retrouve la chapelle du Sacré-Coeur. Elle est conçue pour les mariages et les réunions des congrégations, l’église Notre-Dame étant désormais jugée beaucoup trop vaste pour ce genre de cérémonies. La chapelle peut accueillir 1000 personnes, une capacité surprenante que n’annonce  guère la modeste façade de la rue Saint-Sulpice. Autour de la chapelle, on trouve des espaces de bureaux  &#8211; que la fabrique de la paroisse occupe à partir du début du XXe siècle  &#8211;, des salles aux fonctions diverses et la nouvelle sacristie de l’église Notre-Dame. 

Le 7 décembre 1978, un incendie ravage la chapelle. Les travaux de reconstruction, réalisés sous la direction des architectes Jodoin, Lamarre, Pratt & Associés, débutent en 1979 et se terminent en 1982. Les deux premiers niveaux de la chapelle sont reconstruits en intégrant les fragments épargnés par l’incendie, soigneusement restaurés. En revanche, on construit une voûte moderne et on met en place un nouveau retable conçu par le sculpteur Charles Daudelin. Bon nombres d’oeuvres d’art sont aussi remplacées par des compositions plus récentes et un nouvel orgue est installé.",1888,1891,-73.5556,45.5043
0040-33-0573-00,Édifice de la New York Life Insurance,gratte-ciel,511,511,place,511,d',Armes,,Ville-Marie (Montréal),"La compagnie d'assurance-vie New York Life Insurance fait construire ce prestigieux immeuble de bureaux en 1887. La conception est confiée à la firme d'architectes Babb, Cook & Willard, de New York. Le chantier dure jusqu'au printemps 1889 et exige la démolition d'un immeuble de deux étages datant de la première moitié du XIXe siècle.

La compagnie propriétaire fait de cet immeuble son siège social pancanadien, mais n'en utilise qu'une petite partie, soit le 4<sup>e</sup> et le 8<sup>e</sup> étages, où elle installe sa bibliothèque. Une concurrente, la London and Lancashire, occupe au début des locaux situés à proximité de l'entrée, suivie peu après par la Quebec Bank qui s'installe au rez-de-chaussée. D'importants cabinets de notaires et surtout d'avocats forment une large partie de la clientèle. Mais l'éventail est large, on y retrouve des services professionnels variés et des bureaux d'entreprises et d'hommes d'affaires.

Présente dans l'immeuble jusqu'aux années 1940, la New York Life vend dès 1909 à la Quebec Bank, absorbée par la Banque Royale en 1917. La propriété de l'immeuble est ainsi transférée à la Banque Royale et au Montreal Trust qui devient pour longtemps l'occupant principal. Au cours des années 1960 et 1970, le bâtiment semble loger divers services d'entreprises financières en croissance. L'immeuble est rénové dans les années 1980 et ses principales composantes d'origine sont remises en valeur. L'édifice retrouve ainsi son lustre et l'une de ses clientèles privilégiées du début, des avocats. 
",1887,1889,-73.5571,45.5053
0040-33-1793-00,Édifice Versailles,gratte-ciel,60,60,rue,60,,Saint-Jacques,,Ville-Marie (Montréal),"En 1913, un nouvel immeuble de dix étages est érigé sur la rue Saint-Jacques, tout juste à l'arrière de l'édifice de la New York Life Assurance. Son propriétaire, Joseph Versailles, a acquis l'emplacement en 1910 et, dans le but d'y faire construire un immeuble locatif, y a fait démolir le bâtiment de trois étages utilisé alors comme auberge. Versailles confie le projet de construction aux architectes Ross et MacFarlane. L'immeuble est de facture modeste, mais pour la façade, les architectes adoptent néanmoins le modèle, alors très fréquemment utilisé, de la colonne antique : une base (socle) sur laquelle reposent les étages intermédiaires (fût), le tout couronné par un chapiteau. Ce gratte-ciel se conforme à la réglementation en vigueur qui limite la hauteur des bâtiments à 130 pieds et à 10 étages.

Le nouvel immeuble de bureaux accueille de nombreux occupants. La firme de courtage de Joseph Versailles y occupe d'abord les locaux du rez-de-chaussée jusqu'aux années 1930 et ensuite un bureau au 2e étage jusque dans les années 1950. De grands bureaux d'avocats et de notaires canadiens-français forment jusqu'aux années récentes la majeure partie de la clientèle. Quelques locataires viennent ici et là nuancer ce profil général. À titre d'exemple, l'Association catholique de la Jeunesse canadienne-française (ACJC), dont Versailles a fait partie, occupe des locaux de la fin des années 1910 aux années 1930. 

L'immeuble demeure la propriété de Joseph Versailles et de ses héritiers jusqu'au début des années 1950 même si l'homme d'affaires a recommandé à son épouse de le vendre après son décès, survenu en 1931. L'édifice Versailles changera de propriétaire plusieurs fois par la suite. 
",1913,1914,-73.5569,45.5055
0040-33-3473-00,Édifice Aldred,gratte-ciel,501,501-507,place,507,d',Armes,,Ville-Marie (Montréal),"Oeuvre de l'agence d’architectes Barott and Blackader réalisé entre 1929 et 1931, l’édifice Aldred est commandé par la société financière Aldred and Co. Limited qui est liée à l’importante compagnie d’électricité Shawinigan Water and Power Company. John Edward Aldred est alors président de ces deux compagnies. Pour ériger ce gratte-ciel de 23 étages, il choisit un site prestigieux : la place d’Armes. Les architectes et le propriétaire doivent relever un défi de taille : insérer un édifice monumental représentant la modernité du début du XXe siècle dans un environnement où trois siècles d’histoire et d’architecture se côtoient. 

Sur le site, on doit démolir plusieurs bâtiments dont ceux de la Banque provinciale du Canada &#8211; auparavant la banque Jacques-Cartier &#8211; et de la librairie Granger et Frères. La construction de cet édifice luxueux de bureaux, doté de tous les services modernes pour l’époque (ascenseurs ultra-rapides, système d’aspirateur central, incinérateur), commence en juillet 1929, avant le krach d’octobre. Malgré la situation économique difficile, l’édifice Aldred est terminé à la date prévue, soit 1931. Les bureaux sont loués, entre autres, à des compagnies d’assurances et à des bureaux d’avocats. La Aldred and Co. Limited, pour sa part, occupe tout le dix-septième étage, tandis que le rez-de-chaussée et le sous-sol ont une fonction commerciale, avec notamment la présence d’une banque et des bureaux de télégraphe.  

La Aldred and Co. Limited vend l’édifice en 1941 et deux compagnies d’assurances se succèdent comme propriétaires : la Prudential Insurance Company of America en 1941 et la Prévoyance en 1960. Au fil des années, l’édifice conserve son prestige et demeure un emplacement de choix pour les compagnies ou firmes locataires.",1929,1931,-73.5567,45.5052
0040-33-6340-00,Édifice Duluth,gratte-ciel,84,84-88,rue,88,,Notre-Dame,Ouest,Ville-Marie (Montréal),"En 1893 Joseph Ovide Gravel, Adolphe Roy et George H. Matthews font l'acquisition de la propriété de Duncan McEachran et associés. Ils sont alors propriétaires de deux bâtiments presque centenaires qui abritent des commerces et des logements. En 1910, Gravel achète les parts de ses partenaires. Deux ans plus tard, il entreprend la construction de l'immeuble Duluth, baptisé ainsi en l'honneur de Daniel Greysolon, dit sieur du Luth, tour à tour écuyer et explorateur et qui aurait vécu en ces lieux en 1675. Conçu par la firme d'architectes Hutchison, Wood and Miller, le bâtiment de dix étages est terminé en 1913. 

L'immeuble de bureaux attire une clientèle diversifiée et accueille plusieurs professionnels. Avant d'abriter des commerces, le rez-de-chaussée a été occupé par des bureaux, notamment par L.G. Beaubien et Cie, une firme de courtage canadienne-française installée à Montréal qui occupe l'immeuble des années 1920 aux années 1960. Gravel installe ses propres bureaux au dernier étage.

L'immeuble demeure la propriété de J. O. Gravel jusqu'à son décès en 1927. Sa succession, gérée par une fiducie, ne pourra le vendre qu'en 1948 alors que le Trust Général du Canada s'en porte acquéreur. À la fin des années 1980, l'édifice a fait l'objet de travaux de restauration, mais sa vocation n'a cependant pas changé. Cet immeuble de bureaux accueille toujours une clientèle variée qui inclut de nombreux professionnels.
",1912,1913,-73.5563,45.505
0040-33-7151-00,Maison-magasin Jean-Bruneau,maison-magasin,78,78-82,rue,82,,Notre-Dame,Ouest,Ville-Marie (Montréal),"La construction de cette maison-magasin peut être située entre 1837 et 1849. En février 1837, le marchand de vêtements Jean Bruneau acquiert cet emplacement rue Notre-Dame avec une maison en pierre de deux étages. Avant 1849 d’après des représentations du quartier dessinées par John Murray, il fait bâtir une maison-magasin en pierre de taille de quatre étages avec une aile en arrière du côté ouest reliant le bâtiment à un entrepôt sur la rue Saint-Sulpice. Bruneau utilise lui-même le premier étage du bâtiment à des fins commerciales et les étages supérieurs comme résidence. En 1849, pour un an, puis à compter de 1858, il loue le magasin du rez-de-chaussée à des marchands.  

Cette double fonction résidentielle et commerciale se perpétue, exceptionnellement, jusqu’à nos jours. À la suite du décès de Bruneau en 1863 et du règlement de sa succession, le bâtiment devient la propriété de la famille Donegani et est occupé par maints locataires à la fois. Quoiqu’il serve de résidence comme de lieu d’affaires, il est très rarement utilisé à ses deux fins par un même locataire. Par exemple, entre 1865 et 1915, le bureau du dentiste William H.D. Young occupe une partie du deuxième étage pendant 36 ans sans que jamais celui-ci n’y réside. Il en va de même du bijoutier Antoine A. Beauchamp qui loue un des magasins du rez-de-chaussée. Dans deux cas seulement, les locataires travaillent et résident dans les lieux loués; il s’agit de deux photographes. 

Parmi les principaux locataires de la maison-magasin au XXe siècle, on retrouve un architecte et un marchand de <i>dry goods</i> (tissus, mercerie et peut-être autres produits) qui y installent leur entreprise. En 2005, des boutiques de chaussures et de cadeaux occupent le rez-de-chaussée.",1845,,-73.5563,45.5051
0040-33-8040-00,Magasin-entrepôt John-Donegani,magasin-entrepôt,461,461,rue,461,,Saint-Sulpice,,Ville-Marie (Montréal),NULL,1866,1867,-73.5561,45.505
0040-33-8163-00,Immeuble Desmarais-Robitaille,non applicable,70,70,rue,70,,Notre-Dame,Ouest,Ville-Marie (Montréal),"Cet immeuble, conçu par l’architecte Georges-Alphonse Monette, est construit en 1929 pour la maison Desmarais & Robitaille, une entreprise spécialisée dans la vente d’articles religieux et d’ornements liturgiques. Il remplace une maison-magasin de deux étages avec combles datant du début du XIXe siècle. Pour répondre à ses besoins, Desmarais & Robitaille achète également en 1929 le bâtiment voisin à l’est.

Desmarais & Robitaille gère son commerce d’articles religieux et aménage probablement des ateliers de fabrication de divers produits (statues, vêtements liturgiques, <i>etc.</i>) dans son nouvel immeuble. L’entreprise y loge pendant quatre décennies, puis elle vend la propriété en 1970. Le nouveau propriétaire, le Barreau du Québec, y installe quelques-uns de ses services jusqu’en 1984, tandis que Desmarais & Robitaille poursuit ses activités dans le bâtiment voisin.

L’immeuble a fait l’objet de travaux de restauration en 1988. En 2005, on retrouve un commerce au rez-de-chaussée et des bureaux aux étages supérieurs.
",1929,,-73.5561,45.5052
0040-33-9074-00,Magasin-entrepôt Merrill,magasin-entrepôt,60,60,rue,60,,Notre-Dame,Ouest,Ville-Marie (Montréal),"En 1866, Hyacinthe et Henry Merrill, sociétaires de H. & H. Merrill, font construire ce nouveau magasin-entrepôt de quatre étages qui remplace deux maisons-magasins qui n'étaient plus habitées mais seulement utilisées à des fins d'affaires. Le nouvel immeuble est terminé au début de 1867. Il a été conçu par l'architecte T. Fahrland et le contrat de décoration intérieure des deux premiers étages est confié à M. Andrea Molinelli, maître meublier et sculpteur. La société H. & H. Merrill occupera elle-même le magasin-entrepôt et, de 1867 à 1885, y pratique le commerce de <i>dry goods</i>; ils importent notamment des soieries, velours et autres tissus fins. On dira aussi &laquo;&nbsp;magasin de nouveautés&nbsp;&raquo;.

Entre 1885 et la veille de la Première Guerre, l'immeuble connaît une période de relative instabilité, alors que se succèdent les locataires éphémères et les années d'inoccupation. L'immeuble accueille des commerces auxquels se greffe parfois une activité manufacturière. Il n'a toutefois pas vraiment de vocation précise pendant cette période et son espace est souvent partagé par plus d'un locataire. En revanche, les propriétaires sont plus stables. Vers 1915, la compagnie Delorimier SA, fondée en 1859 et oeuvrant dans le commerce des vêtements, de la bonneterie et de la lingerie pour homme, s'y installe.

En 1929, Desmarais & Robitaille acquiert l'immeuble et y installe une partie de son commerce d'articles religieux et d'ornements d'église, alors qu'elle fait construire un nouvel immeuble à côté. Elle délaissera plus tard le bâtiment voisin pour ne plus occuper que celui-ci. Elle l'occupe toujours en 2005, et en entier, à l'exception d'une partie d'étage utilisée par un graveur. Au cours des dernières décennies du XXe siècle, Desmarais & Robitaille a ainsi parfois partagé son immeuble avec plusieurs artisans: verriers, orfèvres, etc.",1866,1867,-73.5561,45.5053
0040-33-9583-00,Magasin-entrepôt Masson,magasin-entrepôt,54,54-56,rue,56,,Notre-Dame,Ouest,Ville-Marie (Montréal),NULL,1868,1869,-73.556,45.5054
0040-33-9895-00,Magasins-entrepôts Beaudry,magasin-entrepôt,46,46-50,rue,50,,Notre-Dame,Ouest,Ville-Marie (Montréal),NULL,1868,1869,-73.5559,45.5055
0040-33-9940-00,Maisons-magasins de l'Hôtel-Dieu,maison-magasin,457,457-459,rue,459,,Saint-Sulpice,,Ville-Marie (Montréal),"Les maisons-magasins de l'Hôtel-Dieu, dont il ne reste plus que des vestiges, sont construites en 1843. À partir des années 1820, les Religieuses hospitalières de Saint-Joseph de l'Hôtel-Dieu de Montréal décident de faire bâtir des immeubles locatifs sur le périmètre de leur terrain pour soutenir financièrement leurs œuvres au cœur du Vieux-Montréal. À l'été 1843, elles font ainsi construire six maisons-magasins de deux étages et demi sur la rue Saint-Joseph (rue Saint-Sulpice). Les maisons-magasins actuellement aux 457-459, rue Saint-Sulpice représentent les deux unités les plus au nord et les seules survivantes de cette rangée d'immeubles. Le commissaire-priseur Thomas-Henry Bridge loue en octobre 1843 un premier magasin avec le logement en haut et, six mois plus tard, il devient le locataire du second magasin avec les étages au-dessus. Cette double vocation commerciale et résidentielle ne subsiste que brièvement. Des locataires, principalement des marchands, occupent l'un ou l'autre des magasins à des fins uniquement commerciales dès 1855. 

Entre 1912 et 1918, l'immeuble est rehaussé d'un étage et son toit à deux versants est remplacé par un toit à mansarde. Avant 1940, il est augmenté d'un autre étage et est couvert d'un toit plat. En 1941, C.X. Tranchemontagne & Cie Limitée, oeuvrant dans le domaine des textiles, achète des religieuses le magasin au 459, rue Saint-Sulpice où se trouve son siège social depuis 1913. Trois ans plus tard, l'entreprise acquiert le 457, rue Saint-Sulpice, loué à la compagnie Samuel Fisher Registered. 

À la suite d'un incendie survenu en 1992 et ayant endommagé les bâtiments aux 451, 457, 459 et 461 rue Saint-Sulpice, connu sous le nom Les Galeries de la place D'Armes, l'immeuble est rénové. Cependant, en 2004, seule sa façade est intégrée à un nouveau projet de copropriété. 
",1843,,-73.5561,45.5049
0040-34-0557-00,Édifice Alexandre-Bourgeau,non applicable,31,31,rue,31,,Saint-Jacques,,Ville-Marie (Montréal),"La construction de cet immeuble de bureaux, oeuvre de l’architecte Alphonse Raza, débute en 1888 pour se terminer au début de l’année 1889. Le marchand et fabricant de produits alimentaires Alexandre Bourgeau acquiert d’abord le terrain en 1886  et y fait construire un premier bâtiment. Ce dernier est détruit lors d’un incendie durant l’hiver 1888. Bourgeau et le propriétaire voisin, l’imprimeur Louis Perrault, commandent alors à Raza la construction de deux immeubles identiques de six étages. Lors de leur inauguration, ils figurent parmi les édifices de bureaux les plus élevés à Montréal. De ces deux bâtiments, il ne reste que l’édifice de Bourgeau, celui de Perrault ayant été remplacé par l’immeuble de la caisse nationale d’économie en 1938-1939. 
 
Parmi les locataires d’origine, peu nombreux. on retrouve les bureaux de l’entreprise pharmaceutique anglaise A. J. White and Co. et le quotidien de Québec <i>L’Électeur</i>, l’ancêtre du journal <i>Le Soleil</i>. D’autres quotidiens occupent l’édifice par la suite, profitant manifestement de la présence d’une imprimerie dans l’immeuble voisin. Le quotidien <i>La Presse</i> y loue un espace considérable de 1891 à 1900  ; il déménage ensuite dans son propre bâtiment un peu plus à l’est. Entre 1910 et 1914, l’immeuble loge les premiers bureaux du quotidien <i>Le Devoir</i>. Au cours des décennies suivantes, l’édifice héberge une clientèle nombreuse et diversifiée, une caractéristique qui se vérifie encore au début des années 2000.",1886,1889,-73.5571,45.506
0040-34-2286-00,Édifice La Presse,non applicable,7,7-21,rue,21,,Saint-Jacques,,Ville-Marie (Montréal),"L’édifice du quotidien <i>La Presse</i> est construit en 1899-1900 selon les plans de l’agence d’architectes Hutchison and Wood.  Trefflé Berthiaume, propriétaire du journal <i>La Presse</i> depuis 1894, achète en 1898 un lot à l’angle de la rue Saint-Jacques et de la côte Saint-Lambert (aujourd’hui le boulevard Saint-Laurent). Pour faire place au nouvel édifice, on détruit les quatre bâtiments qui s’y trouvent. Construit dans la pente de la côte Saint-Lambert, il compte quatre étages à l’avant (rue Saint-Jacques) et cinq à l’arrière (ruelle des Fortifications). Sur la façade donnant sur la côte, on a percé le soubassement d’embrasures assez larges pour permettre aux passants d’observer les grosses presses en opération.  

Durant l’été et l’automne 1900, le quotidien s’installe dans son nouvel édifice. Les bureaux du journal sont situés aux deuxième et troisième étages, tandis que les presses sont installées au sous-sol. D’autres locataires, dont des avocats et des agents d’assurances, occupent une partie du rez-de-chaussée et du premier étage. 

Le journal s’installe progressivement dans tous les locaux de l’immeuble. Vers la fin des années 1920, il l’occupe entièrement. Entre 1955 et 1959, <i>La Presse</i> fait construire un immense immeuble sur la rue Craig (Saint-Antoine). La plupart des activités y sont transférées, dont les presses, mais on continue d’utiliser le vieil édifice qu'on relie au nouveau bâtiment par une passerelle. Dans les années 1970, des rénovations majeures sont effectuées à l’intérieur de l’immeuble. En 2005, <i>La Presse</i> l’occupe toujours.",1899,1900,-73.5568,45.5064
0040-34-2405-00,50-54 rue Saint-Jacques ,indéterminé,50,50-54,rue,54,,Saint-Jacques,,Ville-Marie (Montréal),NULL,1928,,-73.5568,45.5056
0040-34-6520-00,37-39 rue Notre-Dame Ouest,magasin-entrepôt,37,37-39,rue,39,,Notre-Dame,Ouest,Ville-Marie (Montréal),NULL,1859,,-73.5563,45.5057
0040-34-6884-00,Immeuble Thémis,gratte-ciel,10,10-12,rue,12,,Saint-Jacques,,Ville-Marie (Montréal),"Le 5 avril 1927, l’architecte Jean-Julien Perrault acquiert quatre lots à l’angle des rues Saint-Laurent et Saint-Jacques. Deux jours plus tard, il vend le tout à Immeuble Themis ltée, une société qui entreprend les démarches pour construire un immeuble de bureaux. Elle engage à cette fin l’agence d’architectes Perrault et Gadbois dirigée par les architectes Joseph Roméo Gadbois et ... Jean-Julien Perrault. Tous les bâtiments sur le site sont détruits durant le printemps 1927 et le nouvel édifice est complété au début de l’année 1928. 

Comme le nom de la société immobilière l’indique &#8211; Thémis est la déesse de la justice divine chez les Grecs &#8211;, l’édifice est d’abord occupé principalement par des bureaux d’avocats et d’autres services légaux. La fonction de l’immeuble n’a rien d’un hasard puisque le nouveau palais de justice, situé tous près sur la rue Notre-Dame, vient tout juste d’ouvrir ses portes (édifice Ernest-Cormier, 1922-1926). L’édifice Thémis conserve d’ailleurs cette vocation jusqu’à sa transformation en copropriétés en 2005.",1927,1928,-73.5563,45.5062
0040-34-7129-00,29-35 rue Notre-Dame Ouest,magasin-entrepôt,29,29-35,rue,35,,Notre-Dame,Ouest,Ville-Marie (Montréal),NULL,1859,,-73.5563,45.5058
0040-34-7550-00,11-21 rue Notre-Dame Ouest,magasin-entrepôt,11,11-21,rue,21,,Notre-Dame,Ouest,Ville-Marie (Montréal),NULL,1859,,-73.5562,45.5059
0040-34-8564-00,7-9 rue Notre-Dame Ouest,magasin-entrepôt,7,7-9,rue,9,,Notre-Dame,Ouest,Ville-Marie (Montréal),NULL,1860,,-73.5561,45.5061
0040-34-9573-00,Immeuble Mussen,non applicable,1,1,rue,1,,Notre-Dame,Ouest,Ville-Marie (Montréal),"Cet immeuble est construit en 1904-1905 d’après les plans de l’agence d’architectes MacVicar and Heriot. Il a été commandé par la succession de Thomas Mussen. L’immeuble remplace le bâtiment qui abrita longtemps le commerce de gros de Thomas Mussen, un marchand de tissus, d’articles de mercerie et de produits divers (<i>dry goods</i>). 

Le nouvel immeuble comprend à la fois des bureaux et des espaces pour exercer des activités commerciales. Les principaux locataires d’origine sont les fabricants américains de caisses enregistreuses National Cash Register et les grossistes de produits pharmaceutiques et alimentaires Leeming Miles Co. Le président de Leeming Miles Co., Henry Miles, achète d’ailleurs le bâtiment en 1925. Cette entreprise quitte l’immeuble vers le début des années 1950. 
",1904,1905,-73.556,45.5061
0040-35-8365-00,Palais de justice de Montréal,gratte-ciel,1,1,rue,1,,Notre-Dame,Est,Ville-Marie (Montréal),"Dans les années 1950, le Barreau déplore l'exiguïté des locaux disponibles pour l’administration de la justice à Montréal. Ce manque d’espace crée des retards importants dans l'audition des causes.  Le &laquo;&nbsp;vieux palais de justice&nbsp;&raquo; (1851-1857), l'annexe du palais (1903-1905) et le &laquo;&nbsp;nouveau palais de justice&nbsp;&raquo; (1922-1926) ne fournissent effectivement plus à la tâche. En cent ans, la population est passée de 75 000 personnes à près de deux millions dans la région métropolitaine de Montréal. L'espace disponible pour l'administration de la justice n'a pas suivi cette expansion. De plus, le Barreau craint pour les archives judiciaires et pour la bibliothèque puisque le vieux palais, où sont conservés ces précieux documents, n'est pas à l'épreuve du feu.  

En 1960, le Barreau presse donc le gouvernement libéral de Jean Lesage, nouvellement élu, et son &laquo;&nbsp;équipe du tonnerre &nbsp;&raquo;, de hâter la réalisation d'un nouveau palais de justice à Montréal.  René Lévesque, alors ministre des travaux publics, prépare un vaste plan quinquennal de construction d’édifices gouvernementaux et administratifs.  Un palais de justice moderne à Montréal est intégré dans ce plan.  À cette époque, l'optimisme est tel que l'on prévoit le début des travaux pour 1961. En fait, en novembre 1961, seul le choix du site est arrêté. Il s’agit du quadrilatère formé par le boulevard Saint-Laurent, les rues Notre-Dame, Saint-Gabriel et Craig (l'actuelle rue Saint-Antoine).  Dans cet exercice, on ferait disparaître la rue Saint-Gabriel, la petite rue Saint-Jacques qui rejoint la rue Notre-Dame en faisant une courbe, ainsi que la ruelle des Fortifications - ce qui a été fait - et le vieux palais et son annexe - ce qui n'a pas été fait.  Dans la conception de ce nouvel édifice, il faut prévoir les besoins pour les cinquante années à venir.

L'Association des architectes avance alors l'idée d'un concours d'architecture avec jury.  Le gouvernement ne retient pas cette suggestion et, en mai 1962, il désigne une équipe d'architectes et d'ingénieurs, dont la firme d'architectes David et Boulva qui sera maître d'œuvre.  Toutefois, avant d'élaborer ces plans, une délégation, composée des concepteurs, des représentants du gouvernement québécois et des représentants du Barreau, visite d'autres palais de justice modernes aux États-Unis afin d'étudier les nouveautés en matière d'aménagement et afin de bénéficier de l'expérience acquise chez nos voisins du sud.  

Un projet d'édifice de 40 étages est proposé en août 1963.  La Commission Viger, nouvellement mise sur pied par le gouvernement du Québec et par la ville de Montréal afin de protéger le Vieux-Montréal, estime que la construction du gratte-ciel proposé serait une grave erreur ; des étudiants en architecture manifestent devant l'hôtel de ville, s'opposant à ce projet d'édifice jugé disproportionné dans ce secteur historique ; et les Amis du Vieux-Montréal s'inquiètent d'un tel précédent dans le quartier.  Le gouvernement renonce finalement à ce projet et les architectes élaborent de nouveaux plans qui seront rendus publics en avril 1964.  Cette fois, il s'agit d'un édifice de 30 étages entouré d’édifices de deux  ou trois étages chacun.  Avec cette proposition, le palais de justice sera l'édifice le plus élevé du Vieux-Montréal.  Ces plans semblent définitifs puisqu'on lève la première pelletée de terre le 12 juin 1965.  Toutefois, en mai 1966, le gouvernement de Jean Lesage arrête les travaux qui n'en sont encore qu'à l'étape de l'excavation.

Le gouvernement de Daniel Johnson père, élu en juin 1966, demande une révision des plans dans une perspective de politique d'austérité.  Les nouveaux plans qui sont soumis en 1967 changent complètement l'allure du projet : un seul édifice de 18 étages, avec une section plus basse du côté de la rue Notre-Dame, sera construit au coût de 35 millions, permettant une économie de 50 millions de dollars par rapport au projet de 30 étages proposé en 1964.  Après un arrêt des travaux de près deux ans, le chantier reprend et le palais tant attendu par le monde judiciaire est inauguré le 8 novembre 1971.  La concentration de tous les services juridiques dans un même édifice était enfin réalisée et les deux palais plus anciens sont utilisés à d’autres fins.

Cet édifice logera les cours de première instance ou d’appel, qu’elles soient criminelles ou civiles ainsi que les bureaux de juges, On y regroupera différents bureaux gouvernementaux reliés à l'administration de la justice ainsi que ceux du Ministère du Revenu. Vingt-six ascenseurs desserviront employés et usagés des services offerts dans cet édifice. Jusqu’à 1 400 personnes y travailleront dans un environnement moderne, dans lequel on remplace les pièces fermées traditionnelles par des îlots où chaque bureau est entouré d'un agencement de panneaux séparant les différents postes de travail.

<b>Granit de Rivière-à-Pierre</b>
Les imposants murs aveugles du palais de justice sont recouverts de plaques de granit en provenance des carrières de Rivière-à-Pierre.  La municipalité de Rivière-à-Pierre est située dans le comté de Portneuf à une centaine de kilomètres au nord-ouest de Québec. On y extrait du granit depuis 1885.

<b>Inscription</b>
Sur l'édifice du Palais de justice à l'angle de la rue Notre-Dame et de l'Allée des Huissiers, une inscription est gravée dans le granit qui se lit comme suit: 
&laquo;&nbsp; Allée des Huissiers.
Passage attribué en souvenir des premiers huissiers de la colonie et inauguré à l'occasion du XIIe congrès de l'Union internationale des huissiers de justice et officiers judiciaires.
Le 16 juillet 1985.
La Chambre des huissiers du Québec.

Maître Francis Aribaut, huissier de justice,
Président U.I.H.J. &nbsp;&raquo;

",1965,1971,-73.5561,45.507
0040-40-0838-00,Immeuble Harrison-Stephens,non applicable,235,235-239,rue,239,,Saint-Paul,Ouest,Ville-Marie (Montréal),,1848,,-73.5558,45.5023
0040-40-1247-00,Magasin-entrepôt Edwin-Atwater II,magasin-entrepôt,231,231,rue,231,,Saint-Paul,Ouest,Ville-Marie (Montréal),"Propriétaire depuis 1854 du bâtiment à vocation commerciale sis sur cet emplacement, Edwin Atwater le fait démolir pour construire un nouveau magasin-entrepôt en 1858. Cet immeuble fait partie d’un ensemble de trois bâtiments contigus construits à la même époque pour deux propriétaires différents. En 1859, le commerce en gros de <i>dry goods</i> (tissus et divers articles de mercerie) Donnely Cameron Co. s’installe dans l’immeuble et l’occupe jusqu’en 1867. De 1858 à 1900 environ, le magasin-entrepôt restera la propriété de Edwin Atwater et de ses héritiers.

Malgré des occupants plutôt instables, le commerce de <i>dry goods</i> prédomine dans l’immeuble jusqu’aux environs de 1875. Au cours des dix années suivantes, se succèderont une quincaillerie spécialisée dans la vente de fournitures pour les voitures à chevaux et des agents manufacturiers. 

De 1885 à 1965, l’industrie de la fourrure caractérise le magasin-entrepôt où les activités de confection et de commerce en gros dominent. Cette nouvelle phase est initiée par l’arrivée de John Martin &amp; Co, un marchand en gros de fourrures, de tissus et de fournitures militaires. De 1890 jusqu’en 1905 environ, il occupera le 225-227 et 231 St-Paul O. Au cours de la décennie 1920, les deux bâtiments seront également occupés par le propriétaire des lieux, N. Levinson &amp; Co. À partir des années 1950, le nombre de locataires augmente; pendant la prochaine décennie, la fourrure devra partager l’espace avec des entreprises de distribution et d’impression, avant de disparaître complètement. 

Vers 1980, la vocation de l’immeuble se transforme à nouveau. Désormais, les étages supérieurs accueillent des locataires résidentiels tandis que le rez-de-chaussée est occupé par une succession de commerces. Ces fonctions caractérisent toujours le bâtiment en 2005.",1858,,-73.5557,45.5023
0040-40-1554-00,Magasin-entrepôt Edwin-Atwater I,magasin-entrepôt,225,225-227,rue,227,,Saint-Paul,Ouest,Ville-Marie (Montréal),"Propriétaire depuis 1854 du bâtiment à vocation commerciale sis sur cet emplacement, Edwin Atwater le fait démolir pour construire un nouveau magasin-entrepôt en 1858. Le nouvel immeuble fait partie d’un ensemble de trois bâtiments contigus construits à la même époque pour deux propriétaires différents. De 1859 à 1864, le marchand de <i>dry goods</i>  (tissus, articles de mercerie et peut-être autres produits) Andrew Robertson & Co. est le seul locataire ; son très court séjour annonce une instabilité qui caractérisera l’immeuble pendant de nombreuses années. De 1858 à 1900 environ, le magasin-entrepôt restera la propriété de Edwin Atwater et de ses héritiers.

Entre 1864 et 1885, sept différents locataires spécialisés dans le commerce et liés à des secteurs aussi différents que la quincaillerie, les lainages et la papeterie vont se succéder dans le magasin-entrepôt. De 1890 jusqu’en 1905 environ, l’immeuble connaît un peu plus de stabilité grâce à la présence d’un commerce en gros de fourrures, de tissus et de fournitures militaires. Cette entreprise occupe à la fois le 225-227 et le 231 St-Paul O., une situation qui se reproduira dans les années 1920 lors du séjour d’un autre locataire. De 1920 à 1975 environ, le bâtiment devient un lieu de fabrication, dominé par  l’industrie de la fourrure.  La présence pendant près de 35 ans de l’International Fur Company témoigne bien de cette tendance. 

À partir de la fin des années 1970, la vocation de l’immeuble se transforme. Si le rez-de-chaussée accueille toujours des commerces ou des bureaux, les étages supérieurs servent désormais  principalement à des fins résidentielles. 

",1858,,-73.5557,45.5024
0040-40-1592-00,Maison-magasin Hutchison,maison-magasin,408,408-410,rue,410,,Saint-François-Xavier,,Ville-Marie (Montréal),,1845,,-73.5556,45.5028
0040-40-1861-00,Magasin-entrepôt John-Pratt [1858],magasin-entrepôt,221,221,rue,221,,Saint-Paul,Ouest,Ville-Marie (Montréal),"John Pratt, un important homme d’affaires de Montréal, acquiert le 221 St-Paul Ouest en 1858. Il fait démolir l’ancien bâtiment à vocation commerciale et résidentielle situé sur l’emplacement pour faire construire un magasin-entrepôt. Cet immeuble appartient à un ensemble de trois bâtiments contigus construits au même moment par deux propriétaires différents. Dès 1859, John Pratt occupe à lui seul le nouveau magasin-entrepôt. L’année suivante, il s’associe à Charles F. Pratt pour former John Pratt & Co., une société vouée au commerce en gros de cuir qui demeure dans le bâtiment jusqu’en 1870. De 1858 à 1951, le magasin-entrepôt restera la propriété de John Pratt et de ses héritiers.

Pendant les années 1870 et 1880, l’immeuble accueille une quincaillerie spécialisée dans les fournitures pour la sellerie et les voitures à chevaux, puis un grossiste en papeterie. À partir du milieu des années 1890 et pour les 40 années suivantes, le bâtiment abrite une manufacture de balances, la Warren Scale Co. Après le départ de cette entreprise, l’immeuble conserve sa vocation commerciale et industrielle jusqu’au début des années 1970. Il est en effet occupé pendant ces décennies par deux commerces en gros de fourrures ainsi qu’une maison d’édition. Pendant plus d’un siècle, le bâtiment aura donc toujours accueilli un seul occupant et il ne semble pas avoir connu de transformations physiques significatives.  

Au milieu des années 1970, le vent semble tourner au 221 St-Paul O. En effet, le nombre d’occupants s’accroît et les fonctions se modifient. Les étages supérieurs de l’immeuble accueillent dorénavant des locataires résidentiels tandis que le rez-de-chaussée est voué aux affaires. Cette nouvelle vocation résidentielle se maintient encore en 2005. Les occupants du rez-de-chaussée varient toutefois : on passe des bureaux d’une compagnie théâtrale en 1990 à une charcuterie en 2004. 
",1858,,-73.5556,45.5025
0040-40-2282-00,209 rue Saint-Paul Ouest,magasin-entrepôt,209,209,rue,209,,Saint-Paul,Ouest,Ville-Marie (Montréal),NULL,1910,,-73.5556,45.5026
0040-40-2471-00,Magasin-entrepôt John-Pratt [1865-1866],magasin-entrepôt,215,215,rue,215,,Saint-Paul,Ouest,Ville-Marie (Montréal),"En 1865, John Pratt, un important homme d’affaires de Montréal, achète le bâtiment situé sur cet emplacement et fait aussitôt démolir l’immeuble à vocation commerciale qui s’y trouve. Au courant de l’année 1865-1866, Pratt fait construire un magasin-entrepôt à l’image de sa propriété voisine, soit le 221 St-Paul O. Dès 1866, le marchand en gros de <i>dry goods</i> (marchand importateur de tissus et d’articles de mercerie) Joseph May s’installe dans l’immeuble jusqu’en 1869. 

L’activité de commerce en gros dominera au cours des dix premières années pour ensuite laisser une plus grande place à l’activité de fabrication. À partir de 1880 et pour les quinze prochaines années environ, les activités de l’immeuble sont marquées par la présence de trois entreprises liées à l’industrie de la chaussure. Entre 1895 et 1905, un épicier en gros et marchand de vin puis un manufacturier de savon vont se succéder dans l’immeuble. Pendant les quinze années suivantes, on note un retour du secteur de l’épicerie en gros, mais avec la présence d’activités de fabrication et de commerce. Vers 1930 et jusque dans les années 1950, les activités de fabrication et d’entreposage prennent le dessus avec la présence dans l’immeuble de son propriétaire, l’entreprise G.C. Hanford Mfg Co. Ltd. De 1960 à 1975 environ, deux fabricants et distributeurs de produits de beauté occuperont tour à tour les lieux.

Au tournant des années 1980, une reconversion fonctionnelle de l’immeuble s’amorce. Désormais, le rez-de-chaussée accueillera des commerces tandis que les étages supérieurs seront divisés en logements. Ce changement s’effectue toutefois sans que d’importants travaux ne soient requis, car l’immeuble a été peu transformé depuis sa construction.
",1865,1866,-73.5556,45.5025
0040-40-3084-00,205 rue Saint-Paul Ouest,magasin-entrepôt,205,205,rue,205,,Saint-Paul,Ouest,Ville-Marie (Montréal),NULL,1860,,-73.5555,45.5027
0040-40-3393-00,201 rue Saint-Paul Ouest,magasin-entrepôt,201,201,rue,201,,Saint-Paul,Ouest,Ville-Marie (Montréal),NULL,1860,,-73.5555,45.5027
0040-40-4528-00,Immeuble William-Hutchison,non applicable,224,224-234,rue,234,,Saint-Paul,Ouest,Ville-Marie (Montréal),"Le marchand William Hutchison fait bâtir cet immeuble en 1818, sur un emplacement qu'il a acquis l'année précédente avec une maison en pierre et ses dépendances. Il engage le maître maçon Moses Knapp pour lui construire, sous la supervision de l'architecte et entrepreneur John Try, un bâtiment comprenant une maison-magasin de trois étages sur la rue Saint-Paul et un entrepôt de quatre étages sur la rue des Commissaires (place D'Youville) avec une cour intérieure desservit par deux portes cochères. L'immeuble destiné au commerce et à l'habitation est en partie occupé par les marchands de <i>dry goods</i> (tissus, articles de mercerie et peut-être autres produits), Édouard Prégens ainsi que James McDonalds & Co. Vers 1820, Margaret Fisher, veuve de Hutchison, s'y établit avec des membres de sa famille puis avec son nouvel époux, William Lunn, qui est en charge des magasins de l'armée britannique. 

À compter de 1855, l'usage de l'immeuble devient exclusivement commercial. Les occupants sont essentiellement des marchands, entre autres de quincaillerie, de <i>dry goods</i> ou de céréales et, à partir des années 1880, de fourrures sur la rue Saint-Paul.

En 1908, le bâtiment, nouvellement acquis par James Coristine, est transformé en immeuble de bureaux de cinq étages comprenant toujours trois magasins sur la rue Saint-Paul. Nommé le St. Nicholas Building, il abrite au départ une soixantaine d'occupants dont certains seront locataires pendant plus de 30 ans. Les étages accueillent surtout des agents manufacturiers, notamment J.Alexander Allan, des agents de douane, dont Michael R. Cuddihy, et des compagnies d'import-export, comme Robert Cox & Company. Les boutiques sont l'hôte de marchands de fourrures jusqu'aux années 1950. 

En 2004 et depuis une vingtaine d'années, l'immeuble abrite dans ses magasins de la rue Saint-Paul des boutiques d'artisanat et des galeries d'art, alors que ses bureaux, de plus grande dimension, sont occupés par des maisons de production et d'édition ainsi que des agences de communication et de design.  
",1818,,-73.5553,45.5022
0040-40-5143-00,Magasin-entrepôt Andrew-Macfarlane,magasin-entrepôt,220,220,rue,220,,Saint-Paul,Ouest,Ville-Marie (Montréal),NULL,1863,1864,-73.5552,45.5023
0040-40-5451-00,216-218 rue Saint-Paul Ouest,maison-magasin,216,216-218,rue,218,,Saint-Paul,Ouest,Ville-Marie (Montréal),"Bien qu'on ne dispose pas de preuve définitive concernant la date de construction de cet immeuble, les indices disponibles nous orientent vers 1845 comme date probable. En 1841, le marchand Hosea Smith acquerrait la plus grande partie de ce terrain, sur lequel étaient érigés une ancienne maison en pierre à trois étages faisant face à la rue Saint-Paul et un magasin en brique, construit en 1828, sur la rue de la Commune. Quatre ans plus tard Smith faisait l'achat d'un triangle de terre qui s'insérait à l'intérieur de son lot et, en même temps, avait convenu avec son voisin de la construction d'un pignon de briques à trois étages, une indication claire que des travaux étaient planifiés pour un proche avenir. On attribue la conception de la bâtisse à l'architecte William Footner mais là encore l'information n'est pas prouvée. Chose certaine, en 1847 l'immeuble valait £250 sur le rôle foncier et était occupé par le magasin de porcelaine et de verrerie de son propriétaire. 

Sous le nom de E. Hagar & Company, ce commerce poursuivit ses affaires dans le même immeuble après la mort de Smith, à la fin des années 1860, et ce jusqu'à environ 1895. Si le début du siècle annonçait un changement de vocation avec l'installation de la Canada Screw Company, on note une forte stabilité par la suite. En 1927, James Stowell Parkes, le représentant de cette compagnie, alors connue sous le nom de Stowell Screw Company, achetait la propriété de la succession Smith. Il la garda jusqu'à son propre décès en 1943, période pendant laquelle sa compagnie occupa toujours les lieux. Cette stabilité, autant dans sa propriété que dans sa fonction, prouve que cet édifice n'a jamais servi de bureau de poste comme certains auteurs l'ont affirmé.

À la suite de cinq transactions survenues entre 1943 et 1955, J. Sternfeld acquerrait l'immeuble et en demeurait propriétaire jusqu'à sa mort en 1972. Alors que Sternfeld était propriétaire, la British Industrial Hardware Company était l'occupant principal. Depuis 1980, les lieux ayant un accès sur la rue Saint-Paul sont aménagés en bureaux, tandis que l'ancien local de la place d'Youville, occupé par une casse-croûte pendant les années 1960 et 1970, demeure toujours vacant.",1845,,-73.5552,45.5024
0040-40-5860-01,Maison-magasin Louis-Tancrède-Bouthillier [1837],maison-magasin,206,206,rue,206,,Saint-Paul,Ouest,Ville-Marie (Montréal),"Cette maison-magasin est construite en 1837. Louis-Tancrède Bouthillier, inspecteur de potasse, devient en 1833 propriétaire des biens de ses défunts parents comprenant cet emplacement de la rue Saint-Paul avec une maison en pierre de deux étages et dépendances. Quatre ans plus tard, le maçon Louis Comte est engagé pour y ériger une maison-magasin divisée en deux parties inégales. Le premier bail retrouvé de cet immeuble remonte à 1846, lorsque le papetier et relieur Robert Graham s’établit dans la partie est du bâtiment pour plusieurs années. Comme nous le montrent bien les rôles fonciers, le commerce de Graham occupe le rez-de-chaussée, tandis que sa résidence se trouve aux étages supérieurs; cette division de l’espace se répète sans doute dans la partie ouest du bâtiment. 

Cette double vocation commerciale et résidentielle se maintient quelques décennies, alors que des locataires aux professions diverses se succèdent rapidement: ils sont marchands, entre autres de fourrures, libraires, parfois fabricants, notamment de tabac. Au cours des années 1870 à tout le moins, les étages supérieurs perdent leur vocation résidentielle et ne servent plus qu’au commerce. Au moment où cette fonction commerciale s’impose, un agrandissement en brique de quatre étages est ajouté en arrière du bâtiment du côté ouest. En 1890, les héritiers Bouthillier vendent le bâtiment. 

Au cours des deux premières décennies du XXe siècle, l’immeuble change de vocation. Les fonctions de fabrication et d’entreposage s’y affirment nettement. Entre 1919 et 1946, la Stuart Brothers Company, entreprise manufacturière d’huiles essentielles, en devient le propriétaire-occupant. Possédant déjà le magasin-entrepôt voisin en arrière, la compagnie unifie ses deux propriétés en un seul ensemble avant 1940. Les bâtiments appartiennent ensuite au laboratoire vétérinaire du Dr. Léo Lorrain durant plus de 25 ans. 

En 1978, l’ensemble est recyclé sous le nom La Petite Cour regroupant des boutiques, des bureaux et des habitations en copropriété.",1837,,-73.5553,45.5025
0040-40-5860-02,Magasin-entrepôt Joseph-Tiffin [1866],magasin-entrepôt,203,203,place,203,,D'Youville,,Ville-Marie (Montréal),NULL,1866,,-73.555,45.5024
0040-40-6370-02,Magasin-entrepôt Paré,magasin-entrepôt,201,201,place,201,,D'Youville,,Ville-Marie (Montréal),NULL,1868,1869,-73.555,45.5025
0040-40-6799-01,Magasin-entrepôt John-Frothingham,magasin-entrepôt,180,180-194,rue,194,,Saint-Paul,Ouest,Ville-Marie (Montréal),,1850,1851,-73.555,45.5029
0040-40-6799-02,Immeuble Benjamin-Berthelet,indéterminé,363,363,rue,363,,Saint-François-Xavier,,Ville-Marie (Montréal),"Ce bâtiment est construit en 1834-1835. Le médecin Benjamin Berthelet obtient en juin 1833 cet emplacement avec deux maisons en pierre de deux étages par donation de sa mère, Marguerite Viger. À l’automne, Berthelet engage le maître maçon Jean-Baptiste Soubre dit Saint-Jean pour lui construire le nouveau bâtiment. Celui-ci est principalement conçu pour le commerce, quoiqu’il ait peut-être servi à des fins résidentielles pendant quelques années. La firme de marchands de Baltimore Thomas McAdam & Company en devient la première locataire.

Saisie par le shérif, le bâtiment est vendu au frère de Benjamin Berthelet, Antoine-Olivier, en 1839. Il reste entre les mains de cette famille jusqu’en 1924. Les rôles fonciers conservés à partir de 1847 nous permettent d’affirmer qu’au cours de cette période le bâtiment est employé qu’à des fins commerciales et est occupé essentiellement par des firmes marchandes. On y trouve aussi pour un temps la manufacture de vêtements des frères Moss. À leur arrivée en 1850, Berthelet propose d’ailleurs de modifier la façade du bâtiment rue Saint-Paul en remplaçant les quatre ouvertures existantes par deux grandes vitrines et deux portes. En regardant cette devanture aujourd’hui, il est difficile de croire que ces modifications ont été apportées.  

À compter de 1924 et pour presque quarante ans, la confection et la vente de fourrures animent l’immeuble, alors que le fourreur Samuel Wiseman en est le propriétaire-occupant. En 2004, un restaurant dont l’entrée principale donne sur la rue Saint-François-Xavier occupe le rez-de-chaussée du bâtiment et les étages supérieurs sont l’hôte de bureaux.",1834,1835,-73.5551,45.5027
0040-40-8076-00,Maison Pierre-Berthelet [1805],non applicable,185,185-187,place,187,,D'Youville,,Ville-Marie (Montréal),"Le marchand et propriétaire foncier Pierre Berthelet fait vraisemblablement construire cette maison entre 1805 et 1809. Berthelet acquiert en 1804 un emplacement au coin des rues de la Capitale et Saint-François-Xavier avec une maison et ses dépendances. Il achète la continuation de ce terrain des Commissaires pour le démantèlement des fortifications en 1805. Dans un bail de 1809, il loue à l’aubergiste Joseph Tourelle une maison en pierre de trois étages qui couvre tout le lot et qui semble bien être le bâtiment actuel. Jusqu’aux années 1860, la maison sert de résidence principalement à des aubergistes qui y tiennent également leur commerce, mais aussi à un brasseur et à un inspecteur de thé.

À la fin de la décennie 1860, l’immeuble perd sa vocation résidentielle au profit de sa fonction commerciale. Des marchands y établissent leur magasin, des courtiers y tiennent brièvement leurs bureaux. À compter des années 1880, les fonctions de fabrication et d’entreposage s’y affirment en outre. Par exemple, en 1912, le premier (rez-de-chaussée) et le deuxième étage sont utilisés comme magasin et entrepôt par l’entreprise Joseph Brown & Sons, marchands de fruits et de légumes, alors que le fabricant de voiles James W. Morris en occupe le troisième étage. Vers 1945, le toit en croupe de l’immeuble qui abrite toujours un magasin de fruits et de légumes est transformé en toit plat.

Le bâtiment fait l’objet de travaux de restauration au cours de la décennie 1980 et est par la suite vendu en copropriété. Il retrouve ainsi sa fonction résidentielle d’origine.",1805,,-73.5548,45.5026
0040-40-8482-00,Maison Joseph-Athanase-Normandeau,non applicable,181,181,place,181,,D'Youville,,Ville-Marie (Montréal),"Joseph-Athanase Normandeau fait construire cette maison en 1827. Ayant appartenu aux défunts Jean-Baptiste Deleigne et Geneviève Piette, cet emplacement sur lequel est bâtie une maison en pierre de trois étages devient en 1823 la propriété unique de Normandeau et de son épouse Thérèse Deleigne, fille des défunts. À la suite d’un incendie survenu à l’automne 1826 et ayant consumé tout le bâtiment, Normandeau engage les maçons Vital Gibault et Louis Tribot dit Lafricain pour le rebâtir. La localisation de la maison, située à proximité du port alors en face de la Pointe-à-Callière, favorise l’implantation d’auberges et de tavernes accueillant les voyageurs, marins et immigrants. Ainsi, de 1827 aux années 1860, des aubergistes y installent leur établissement et leur résidence. En 1844, alors qu’un commerçant et aubergiste loue l’immeuble, les Normandeau s’engage à faire « une grande porte et un grand chassis, sur le devant de la maison, propres à servir pour un magasin », transformant en quelque sorte le bâtiment en maison-magasin.

À la fin des années 1860, les auberges font place au commerce et à la fabrication. Le bâtiment devient essentiellement l’hôte de marchands et de manufacturiers, notamment de la Montreal Tent Awning and Tarpaulin Company. Entre 1912 et 1918, la succession Normandeau y fait ajouter un étage en pierre. En 1948, la Montreal Tent and Tarpaulin Company Limited devient propriétaire de l’immeuble qu’elle occupe depuis vingt-cinq ans.

À compter du début des années 1990, l’immeuble recyclé en copropriété a retrouvé sa vocation résidentielle.",1827,,-73.5548,45.5027
0040-40-9092-00,Station de pompage,non applicable,173,173,place,173,,D'Youville,,Ville-Marie (Montréal),"Au début des années 1910, la Ville de Montréal doit faire face à de criants problèmes d'eaux stagnantes et d'odeurs nauséabondes amplifiés depuis la construction d'une digue pour protéger le Vieux-Montréal des inondations. Elle décide de détourner l'égout collecteur qui se déversait aux abords du quai Alexandria et met en branle un projet de construction d'une station de pompage. En 1912, la Ville achète à cette fin les lots de Thomas S. Vipond et de Mary Birmingham sur la place d'Youville. On y retrouve alors une pension et un petit hôtel érigés dans les années 1870. L'année suivante, on procède à leur démolition. En 1913, la construction de la station de pompage dite du bassin Elgin débute. Le projet est dirigé par l'ingénieur-concepteur Stuart Howard. Les travaux sont terminés rapidement, mais la station Youville n'est inaugurée qu'en 1915. 

La station Youville, mise en service au printemps 1916, est la troisième station de pompage d'eaux usées à Montréal, mais la première à fonctionner à l'électricité. D'importants travaux d'agrandissement de la station sur sa partie nord-ouest sont effectués en 1960. En juillet 1990, elle devient inopérante. Le musée de Pointe-à-Callière, avec le support de la Société de développement de Montréal, donne une seconde vie à ce bâtiment en l'intégrant à son nouvel immeuble et le transformant en un lieu d'interprétation. La station est ouverte aux visiteurs depuis janvier 1999. 
",1913,,-73.5547,45.5028
9942-94-9369-02,Presbytère Sacré-Coeur,Édifice religieux,1471,1471-1495,rue,1495,,Ontario,Est,Ville-Marie (Montréal),,NULL,NULL,-73.560740,45.524246
0043-53-1290-01,JTI-Macdonald,indéterminée,2455,2455,rue,2457,,Ontario,Est,Ville-Marie (Montréal),,NULL,NULL,-73.553899,45.532205
0040-40-9905-00,Édifice William-Watson-Ogilvie,non applicable,224,224,place,224,,D'Youville,,Ville-Marie (Montréal),"En 1890, l’important homme d’affaires William W. Ogilvie achète cette propriété sur la place D’Youville et fait construire cet immeuble. Ce bâtiment, oeuvre de l’agence d’architectes Hutchison and Steele, remplace trois magasins construits vers le milieu des années 1850. Fait inusité, une partie de la façade d’un ancien magasin, donnant sur la rue du Port, est intégrée à la nouvelle construction. Il faut attendre l’année 1903 avant que le bureau d’architectes Hutchison and Wood harmonise la façade de cette section avec le reste du bâtiment.  
	
L’édifice est conçu pour loger les bureaux de la Ogilvie Milling Company, l’entreprise de la famille Ogilvie qui domine l’industrie meunière au Canada et qui est en voie de devenir la plus importante minoterie du Dominion. L’Ogilvie Milling Company, devenue la Ogilvie Flour Mills Company en 1902, occupe l’édifice jusque dans les années 1930, et s’en départit en 1946. Dans les décennies suivantes, l’immeuble abrite principalement des commerces au rez-de-chaussée et des bureaux aux étages. Vers la fin des années 1970, une partie des espaces réservés aux bureaux est transformée en logements.
",1890,,-73.5546,45.502
0040-41-4010-00,Magasin-entrepôt Harrison-Stephens II,magasin-entrepôt,191,191,rue,191,,Saint-Paul,Ouest,Ville-Marie (Montréal),"L’homme d’affaire montréalais d’origine américaine Harrison Stephens fait construire, en 1868, un ensemble formé de deux magasins-entrepôts au coin nord-est des rues Saint-Paul et Saint-François-Xavier. À cet endroit, se trouvait auparavant un bâtiment dont la fonction était commerciale. Il fut démoli pour faire place aux nouvelles constructions. Stephens est propriétaire de ce bâtiment et de son voisin jusqu’à sa mort en 1881. 

Ce magasin-entrepôt compte deux occupants d’origine qui se partagent l’espace pour une année seulement. En effet, de 1869 à 1870, le bâtiment accueille l’entreprise de Thomas Aubin un marchand en gros de <i>fancy dry goods</i> et la manufacture de chapeaux de M. Holland & Son. L’histoire fonctionnelle de ce magasin-entrepôt est marquée par la diversité des entreprises qui l’occupent. Après avoir accueilli une compagnie d’assurance, puis une entreprise de fabrication de cigares, le magasin-entrepôt est occupé par Chase & Sanborn, une entreprise américaine de torréfaction et de vente de café. L’entreprise étend ses activités au bâtiment voisin et y demeure jusque vers 1905. 

Par la suite, il semble que le bâtiment ait connu plusieurs périodes d’inoccupation entrecoupées de la présence, pour peu de temps, de quelques entreprises dont la nature des activités demeure inconnue. Dans les années 1940, des fabricants et grossistes en fourrure s’installent dans le magasin-entrepôt et il en demeure un jusque vers 1960. Après son départ, une entreprise de fontaines animées occupe le bâtiment. Dans les années 1970, le bâtiment connaît une importante réorientation. Les étages sont convertis en espaces résidentiels, alors que le rez-de-chaussée accueille une galerie d’art puis un bar jazz. En 2005 on y trouve un bistro.",1868,,-73.5554,45.5029
0040-41-4063-01,Magasin-entrepôt Frothingham and Workman,magasin-entrepôt,157,157-163,rue,163,,Saint-Paul,Ouest,Ville-Marie (Montréal),"Entre 1858 et 1868. John Frothingham et sa fille Louisa acquièrent deux lots sur lesquels on retrouve trois bâtiments en pierre de trois étages. John Frothingham décède en 1870 et ses enfants poursuivent le projet. Les trois bâtiments, occupés par diverses petites entreprises, sont démolis à l'été 1871 pour faire place au nouveau magasin-entrepôt, dessiné par George Browne et érigé en moins de deux mois. Ce nouveau bâtiment joint l’entrepôt Louisa Goddard situé à l’arrière.

La quincaillerie Frothingham & Workman Co. emménage ses bureaux et ses salles de montre du côté est de l’immeuble, afin de pouvoir communiquer plus facilement par l'intérieur avec l'entrepôt situé à l’arrière. Dans la section ouest, la Montreal Rolling Mills Co. installe son siège social canadien. 

En 1874, Louisa Goddard achète la part de ses frères et devient l’unique propriétaire de l’édifice. Vers 1887, Frothingham & Workman Co. occupe seule tout l’immeuble. La succession Louisa Goddard ne vend l’immeuble qu'en 1938 à Frederick Wragge en même temps que le fonds de commerce. Six ans plus tard, la quincaillerie ferme ses portes, mettant fin à la longue présence de la Frothingham & Workman Co. sur le site. 

Le nouveau propriétaire, Cameo Crafts Inc., une entreprise de design et de production d’étiquettes, occupe l’immeuble pendant 20 ans. En 1964, ce dernier est de nouveau vendu et un restaurant y est inauguré en 1965, le Métro-Bastille. Son principal attrait est la présence d’un authentique wagon de métro parisien introduit dans l’immeuble par une ouverture pratiquée dans le toit. L'entreprise fait faillite et le bâtiment abandonné pendant de nombreuses années change de main plusieurs fois. Acquis en janvier 1981 par Habitat Place Royale Ltée, le magasin-entrepôt est rénové et recyclé en copropriétés.
",1871,,-73.5553,45.5034
0040-41-4063-02,165 rue Saint-Paul Ouest,indéterminé,165,165,rue,165,,Saint-Paul,Ouest,Ville-Marie (Montréal),NULL,1981,,-73.5552,45.5032
0040-41-4063-03,NULL,indéterminé,NULL,NULL,NULL,NULL,NULL,NULL,NULL,Ville-Marie (Montréal),NULL,1984,,-73.5556,45.5034
0040-41-4418-00,Magasin-entrepôt Harrison-Stephens I,magasin-entrepôt,185,185,rue,185,,Saint-Paul,Ouest,Ville-Marie (Montréal),"En 1868, l’homme d’affaire montréalais Harrison Stephens fait construire un ensemble de deux magasins-entrepôts au coin nord-est des rues Saint-Paul et Saint-François-Xavier. Sur cet emplacement se trouvait auparavant un bâtiment commercial qui sera démoli pour faire place aux nouvelles constructions. Le propriétaire constructeur n’a jamais occupé lui-même ce magasin-entrepôt. Il l’a plutôt loué à diverses entreprises dont la première est celle d’Anthony McKeand, un agent manufacturier qui l’occupe seulement un an, de 1870 à 1871.

Au XIXe siècle, le magasin-entrepôt est occupé par quelques entreprises qui l’utilisent comme lieu de vente ou d’entreposage, la fabrication des produits étant réalisée ailleurs. On y trouve, par exemple, dans les années 1890 une entreprise de quincaillerie.  Au tout début du XXe siècle, une entreprise liée au secteur alimentaire est présente, la compagnie Chase & Sanborn. À cette époque, elle occupe aussi le magasin-entrepôt voisin construit par Stephens. Les deux bâtiments sont alors consacrés à la fabrication puisque le café y est moulu et torréfié, puis empaqueté pour la vente. 

Au début de la décennie 1910, le bâtiment subit une période d’inoccupation qui semble assez longue. Puis, des années 1920 aux années 1950, le magasin-entrepôt est occupé successivement par des entreprises du secteur de la fourrure dont une demeure dans le bâtiment jusque dans les années 1970. À partir des années 1960, le type d’entreprise qui occupe les lieux commence à varier et on y trouve de plus en plus de compagnies liées au secteur des services. Vers la fin des années 1970 d’autres transformations importantes ont lieu : un restaurant s’installe au rez-de-chaussée et les étages accueillent désormais des logements. L’espace est encore utilisé de cette manière au début du XXIe siècle. ",1868,,-73.5553,45.503
0040-41-4635-00,Maison-magasin John-McKenzie,maison-magasin,171,171,rue,171,,Saint-Paul,Ouest,Ville-Marie (Montréal),"Cette maison-magasin, telle que nous pouvons la voir aujourd'hui, date de 1829. Au printemps de cette année-là, le marchand John McKenzie, un des associés de la firme Hector Russel & Company (<i>dry goods</i>), achète l'emplacement avec une maison en pierre de deux étages et un autre bâtiment, ainsi qu'un lot contigu rue Saint-François-Xavier. Trois mois plus tard, il engage le maître maçon Louis Comte pour effectuer des transformations majeures à la maison: la façade est démolie et refaite en pierre de taille bouchardée et un étage est ajouté. Les recherches concernant d'autres bâtiments semblables indiquent que ce type d'immeuble combine deux fonctions : le commerce ou la fabrication artisanale, et l'habitation. Dans ce cas-ci, il s'avère impossible de déterminer si l'un ou l'autre des partenaires vit dans la maison-magasin ou si les espaces habitables sont loués à quelqu'un d'autre. À partir de 1846, première année où l'occupation des lieux peut être établie avec certitude, les locataires qui s'y succèdent occupent toutefois l'immeuble exclusivement à des fins commerciales, annonçant une tendance qui se généralisera dans le quartier au cours des décennies suivantes.

Vendu par le shérif en 1840 probablement à la suite de la dissolution de la société de Russel et McKenzie, l'immeuble passe entre les mains de la famille Vinet. Elle en fait don à l'évêché de Montréal en 1860, qui le conserve pendant près d'un siècle. Entre-temps, plusieurs locataires aux occupations variées s'y succèdent. À partir de 1875, alors que deux adresses sont attribuées à l'immeuble, plus d'un locataire s'y installent à la fois. Jusqu'à la fin du XIXe siècle marchands et manufacturiers s'y établissent, dont la firme Mulholland & Baker. Des imprimeurs prennent la relève en début du XXe siècle, notamment Pierre Arbour et ses associés. Le commerce des fourrures marque l'histoire du bâtiment dans les années 1940. Une imprimerie occupe à nouveau l'ancienne maison-magasin à partir des années 1950 alors que Sam Jason, imprimeur, l'achète. 

À compter de 1989, l'immeuble, entièrement restauré, abrite une auberge.",1829,,-73.5553,45.5031
0040-41-4825-00,Maison Pierre-Berthelet [1822],maison-magasin,177,177-179,rue,179,,Saint-Paul,Ouest,Ville-Marie (Montréal),"Cette maison-magasin est bâtie en 1822. À la suite d'un incendie, Pierre Berthelet, propriétaire de l'emplacement depuis 1784, engage le maçon et entrepreneur Joseph Godard dit Lapointe pour rebâtir deux maisons en pierre de trois étages. L'une d'elles, celle se trouvant du côté nord-est du lot, est aujourd'hui l'immeuble au 177-179, rue Saint-Paul Ouest. Le marchand Isidore Malo en devient vraisemblablement le premier locataire. Même si les vitrines du rez-de-chaussée datent probablement de rénovations effectuées dans les années 1840, l'utilisation du terme &laquo;&nbsp;maison&nbsp;&raquo; pour désigner l'immeuble comme la présence d'un magasin mentionné dans un bail de 1824 suggèrent une utilisation mixte des lieux, résidentielle et commerciale, à l'instar des autres maisons-magasins. Malo devait tenir son commerce au rez-de-chaussée et habiter au-dessus.  

Le rôle foncier de 1849 montre que la maison-magasin conserve encore cette double vocation. Dès 1855 toutefois, alors qu'elle est occupée par un marchand de cuir, elle ne sert plus qu'à des fins commerciales. Jusqu'au début du XXe siècle, les locataires, surtout des marchands, s'y succèdent. La famille Berthelet en demeure propriétaire jusqu'en 1907.

Tout indique que le bâtiment est rehaussé en 1908. Ovide Tremblay achète l'immeuble cette même année. Il y établit un hôtel, un restaurant et, au troisième étage, sa résidence. Le quatrième étage est habité par certains de ses employés. Un incendie survient en 1917 et endommage l'intérieur de l'hôtel. Dans les années 1920, Tremblay, devenu marchand, loue son immeuble à un manufacturier de fourrures puis à un restaurateur. La confection de vêtements de fourrure devient la principale activité a y être exercée jusqu'au milieu des années 1960. 

En 2004, la maison-magasin a retrouvé ses vocations d'origine. Un dépanneur anime son rez-de-chaussée et trois logements occupent les étages. 
",1822,,-73.5553,45.503
0040-41-6678-00,Magasin-entrepôt Hiram-Seymour,magasin-entrepôt,149,149-151,rue,151,,Saint-Paul,Ouest,Ville-Marie (Montréal),,1852,1853,-73.555,45.5035
0040-41-7292-00,Magasin-entrepôt George-Peck,magasin-entrepôt,141,141-143,rue,143,,Saint-Paul,Ouest,Ville-Marie (Montréal),,1852,,-73.555,45.5036
0040-41-7335-00,"Magasin-entrepôt Jacob-Henry-Joseph [1863-1864, Saint-Paul]",magasin-entrepôt,164,164,rue,164,,Saint-Paul,Ouest,Ville-Marie (Montréal),NULL,1863,1864,-73.5549,45.5031
0040-41-7520-00,Maison-magasin René-Joseph-Kimber,maison-magasin,170,170-172,rue,172,,Saint-Paul,Ouest,Ville-Marie (Montréal),NULL,1839,,-73.5549,45.503
0040-41-7541-00,Maison-magasin Marguerite-Barron,maison-magasin,370,370,place,370,,Royale,,Ville-Marie (Montréal),"On ignore les circonstances entourant la construction de l'immeuble actuel. En 1842, Marguerite Barron, épouse en secondes noces de Charles M. Delisle, acquerrait la propriété de la succession de Pierre Foretier, propriété sur laquelle était érigée une ancienne maison de pierre à deux étages. De toute évidence, la construction du bâtiment actuel daterait de la période entre cette acquisition et la première mention de Benjamin Workman, pharmacien et chimiste, comme locataire en 1845 dans l'annuaire MacKay. Workman occupa le bâtiment jusqu'en 1855. Avec sa pierre taillée et son coin arrondi, cet immeuble ressemble à plusieurs bâtiments d'une même facture dont les dates de construction se situent pendant les années 1840-1845. 

Rodolphe Laflamme, avocat, membre de l'Institut canadien et ministre dans le gouvernement libéral de Alexander Mackenzie, achetait la propriété en 1859 et la conservait jusqu'en 1880 alors qu'elle était vendue par le shérif. Après deux transactions en deux ans, la succession de John Pratt en devenait propriétaire jusqu'en 1918. Bien que les administrateurs de la succession Pratt y installèrent leur bureaux, l'immeuble continua d'attirer divers occupants : marchands, restaurateurs et autres, tout comme cela se passait sous les anciens propriétaires. Mais l'achat par le négociant Frederick E. Connell en 1918 marqua une nouvelle étape dans l'utilisation de l'immeuble. Le commerce d'importation de F.E. Connell & Company occupa tout l'édifice &#8211; qu'il surélevait d'un étage, probablement pendant les années 1920, en respectant la facture précédente &#8211; et ce jusqu'aux années 1980. Ayant acquis l'immeuble en 1985, Raymond Paul Martin le rénovait vers 1987, créant un restaurant au rez-de-chaussée et des appartements aux étages supérieurs.",1842,,-73.5549,45.5032
0040-41-7826-00,Magasin-entrepôt Pierre-Delorme,magasin-entrepôt,168,168,rue,168,,Saint-Paul,Ouest,Ville-Marie (Montréal),NULL,1867,,-73.5549,45.5031
0040-41-8733-00,Édifice de la Commission-du-Havre,non applicable,360,360,place,360,,Royale,,Ville-Marie (Montréal),,1853,,-73.5548,45.5031
0040-41-9798-00,Maison-magasin Denis-Benjamin-Viger,maison-magasin,359,359,place,359,,Royale,,Ville-Marie (Montréal),"Acquise par Denis Viger vers 1780, cette parcelle demeura entre les mains de ses descendants pendant presque deux siècles et généra des revenus de location. À la suite du partage de la succession de Viger en 1814, son fils Denis-Benjamin devenait propriétaire de deux maisons en pierre à deux étages alors érigées sur le terrain. En 1841, il engagea Augustin Laberge, maître menuisier et entrepreneur, pour la construction d'une bâtisse en pierre taillée de trois étages qui occuperait entièrement le lot. Avec son coin arrondi, cet immeuble ressemble beaucoup à plusieurs bâtiments d'une même facture dont les dates de construction se situent pendant les années 1840-1845. En décembre 1841, l'immeuble était à peine terminé &#8211; des travaux de plâtrage au rez-de-chaussée devaient être complétés &#8211; mais le magasin était déjà loué, jusqu'en mai 1844, au marchand Joseph MacKay. 

À sa mort en 1861, Viger légua la propriété à son cousin, Côme-Séraphin Cherrier, qui la transmit à ses filles par la suite. Jusqu'au début du XXe siècle, le bâtiment fut occupé par divers locataires parmi lesquels on peut signaler des merciers, un marchand de cuir, un manufacturier de bottes et de chaussures, des épiciers, un cigarière et des fournisseurs pour les chemins de fer. À partir de 1900, le commerce de William H. Dunn Limitée établissait ses bureaux dans les locaux et y demeurait pendant plus de 60 ans. Cette entreprise vendait de la nourriture spécialisée comme le lait condensé Borden et la gélatine Knox. Locataire pendant des décennies, Dunn acheta finalement la propriété des descendants de Cherrier en 1956, mais la revendait neuf ans plus tard. L'immeuble a changé de mains plusieurs fois, des transactions impliquant des compagnies de cinéastes, avant d'être la propriété d'un groupe d'investisseurs immobiliers depuis 1983. Aujourd'hui la bâtisse est essentiellement utilisée comme immeuble à bureaux.",1841,,-73.5547,45.5036
0040-42-4600-01,Entrepôt John-Ostell,non applicable,147,147,rue,147,,Saint-Paul,Ouest,Ville-Marie (Montréal),"L’immeuble John Ostell occupe l’emplacement du premier séminaire des sulpiciens, appelé aussi Château de Maisonneuve, construit vers 1663. Vendu par les sulpiciens en 1716, ces derniers le rachètent en 1842, pour le louer aussitôt au quincaillier Frothingham & Workman Co. Ce vieux bâtiment est détruit à l'été 1852 dans un incendie qui dévaste le secteur de la rue Saint-Paul à l'est de la place Royale. Les sulpiciens font construire immédiatement un nouvel entrepôt, dessiné par John Ostell. En 1853 la quincaillerie Frothingham & Workman Co s’y installe de nouveau.

Le 13 janvier 1914, un incendie se déclare dans l’immeuble alors que des ouvriers dégèlent une conduite de gaz. En ruine pendant six ans, l'entrepôt est restauré vers 1920 non sans d’importantes modifications. Les sulpiciens traversent difficilement la Crise des années 1930 et en mai 1937, l’Assemblée législative du Québec fait adopter une loi qui prévoit le règlement d’une partie des dettes de la Compagnie de Saint-Sulpice par le Gouvernement. Des immeubles seront cédés en compensation de ces paiements. C’est ainsi que le Gouvernement provincial devient propriétaire des lieux de 1939 à 1945.

L'entrepôt est acheté vers 1949 par la Banque canadienne nationale qui en conserve la propriété jusqu’en 1985. Il est finalement recyclé en immeuble de bureaux vers 1987. Pour la première fois de son histoire, la fonction principale de l'immeuble John Ostell n'est plus l'entreposage.",1852,,-73.5552,45.5037
0040-42-4600-02,NULL,non applicable,NULL,NULL,NULL,NULL,NULL,NULL,NULL,Ville-Marie (Montréal),"À l'été 1852, un incendie détruit tout un secteur du Vieux-Montréal situé à l'est de la place Royale, de part et d'autre de la rue Saint-Paul. Un bâtiment, alors érigé sur le lot occupé par le présent vestige, est détruit. En septembre 1852, le propriétaire du terrain, le quincaillier T. Peck, vend le terrain aux sulpiciens. Ces derniers ont déjà confié à l'architecte John Ostell la tâche de construire un entrepôt sur le lot adjacent. Il est donc probable que les sulpiciens profitent de l'occasion pour remplacer les ruines par un entrepôt de deux étages et demi en pierre.

Ce bâtiment a servi d'entrepôt pour le quincaillier Frothingham & Workman Co. jusqu'au 13 janvier 1914, date à laquelle il est détruit par un incendie. Lors de la reconstruction vers 1920, l'entrepôt est intégré à l'agrandissement de l'immeuble John Ostell, et devient par le fait même un vestige. L'étage supplémentaire en brique date de cette période. Vers 1980, des travaux de rénovation sont exécutés afin de recycler tout l'édifice en immeubles de bureaux.

",1852,,-73.5552,45.5039
0246-22-3706-02,Presbytère Saints-Barnabé-et-Clément,Édifice religieux,4901,4901-4903,rue,4903,,Adam,,Mercier—Hochelaga-Maisonneuve (Montréal),,NULL,NULL,-73.532191,45.557475
0040-42-5372-00,Magasin-entrepôt Saint-Sulpice,magasin-entrepôt,418,418,rue,418,,Saint-Sulpice,,Ville-Marie (Montréal),NULL,1866,,-73.5552,45.5044
0040-42-6907-00,Magasin-entrepôt Thomas-Peck,magasin-entrepôt,139,139,rue,139,,Saint-Paul,Ouest,Ville-Marie (Montréal),,1852,1853,-73.555,45.5038
0040-42-8748-00,Magasin-entrepôt Bacon-Brothers,magasin-entrepôt,111,111,rue,111,,Saint-Paul,Ouest,Ville-Marie (Montréal),NULL,1860,1861,-73.5548,45.5041
0040-42-8759-00,Magasin-entrepôt Tracey-Wilson,magasin-entrepôt,105,105,rue,105,,Saint-Paul,Ouest,Ville-Marie (Montréal),"Ann Tracey et son mari Charles Wilson font probablement ériger ce bâtiment en 1853-1854 sur un terrain acquis un an plus tôt. À cet endroit, se trouvait auparavant une maison-magasin qui a été détruite lors de l’important incendie du 6 juin 1852. La première entreprise à prendre place dans l’immeuble, et à l’occuper en entier, est Brown, Swan & Co., une compagnie spécialisée dans la vente en gros de <i>dry goods</i> (tissus, articles de mercerie et peut-être d’autres produits). Elle n’y demeure pas très longtemps, soit trois ans, de 1854 à 1857. 

Le doute quant à la date de construction provient du fait que l’immeuble semble n’avoir eu que trois étages à l’origine, alors qu’il en a quatre, comme aujourd’hui, lors de sa vente en 1876. Il y a possiblement eu reconstruction après un autre incendie ou, plus probablement, ajout d’un étage vers 1860. Au cours de son histoire, il est rare que le magasin-entrepôt accueille plus d’un occupant à la fois. Après les premières occupations du bâtiment par des marchands de <i>dry goods</i>, l’espace est occupé, dans les années 1880 et 1890, par une importante fonderie ontarienne, A.A. McClary Manufrg Co., qui y vend ses poêles et ses fournaises. Au tournant du XXe siècle, une entreprise liée au secteur alimentaire s’installe dans le bâtiment. Elle y torréfie le café et y transforme les épices pour ensuite les vendre. Vers le milieu des années 1940, une entreprise liée au secteur des produits chimiques occupe le bâtiment et ce, jusque vers 1970. Après ce qui semble être une courte période d’inoccupation, une entreprise de vente de fontaines s’installe dans le magasin-entrepôt. 

En 1987, des travaux de restauration sont réalisés. Par la suite, une galerie d'art s'installe, suivie d'un commerce de chaises : importation, vente en gros et au détail. Cette dernière utilise en 2005 la majeure partie de l'immeuble, le reste étant occupé par des bureaux.",1853,1854,-73.5548,45.5042
0040-42-9067-00,Magasin-entrepôt Beaudry-Sébastopol,magasin-entrepôt,101,101,rue,101,,Saint-Paul,Ouest,Ville-Marie (Montréal),"Ce magasin-entrepôt a été construit en 1858 par Jean-Louis Beaudry, homme d’affaires et politicien montréalais. Il a acquis le terrain en 1852-1853, alors que s’y trouvent les ruines d’une maison-magasin, démolie par l’important incendie du 6 juin 1852. Après cinq ans de démêlés judiciaires, Beaudry réussit à faire valoir ses droits sur le terrain et peut ainsi entreprendre la construction du magasin-entrepôt. Il fait inscrire dans la pierre les lettres JL BEAUDRY et SEBASTOPOL, sûrement pour commémorer la célèbre bataille de 1855. L'architecte est Michel Laurent. Le premier occupant est la société Young, Jeffery & Brandon, spécialisée dans l’importation et la vente de <i>dry goods</i> (tissus, articles de mercerie et peut-être d'autres produits); elle occupe le magasin-entrepôt pendant deux ans, de 1859 à 1860. Après son départ, une autre entreprise spécialisée dans le commerce en gros de <i>dry goods</i>, Stirling, McCall & Co., occupe les lieux durant 35 ans, de 1861 à 1896. 

En 1908, McComber & Cummings, entreprise spécialisée dans la fourrure, s’installe dans le bâtiment. Le bâtiment sert alors à plusieurs usages. En effet, en plus d’espaces réservés à la transformation des peaux, le bâtiment comprend une salle de montre et des bureaux. McComber & Cummings occupe le magasin-entrepôt jusqu’en 1916, alors que le contrat d’association entre Joseph-Edmond McComber et Eddie Cummings prend fin. À partir de ce moment, Cummings & Cummings, fourreurs, occupe seul le magasin-entrepôt jusqu’en 1940, soit durant 24 ans.  

À partir de 1940, un restaurant occupe le rez-de-chaussée du bâtiment durant environ 30 ans. Entre-temps, divers occupants s’installent, dont un club de nuit au sous-sol ainsi qu'un décorateur et un maquettiste aux étages, au cours des années 1960. Depuis les années 1970, alors que le rez-de-chaussée accueille toujours des restaurants, puis des boutiques d’art, les étages servent de bureaux (une agence de communication en 2004) et de logements.",1858,,-73.5547,45.5043
0040-43-1973-00,Magasins de l'Hôtel-Dieu IX,magasin-entrepôt,59,59-71,rue,71,,De Brésoles,,Ville-Marie (Montréal),"Les Religieuses hospitalières de Saint-Joseph font construire ce magasin-entrepôt en 1873-1874 sur le site de leur ancien hôpital, détruit en 1860. Oeuvre de l’architecte Henri-Maurice Perrault, il comprend quatre des quatorze magasins-entrepôts conçus lors de la troisième et dernière phase de construction des magasins de l'Hôtel-Dieu. 

L’immeuble est d’abord occupé par des marchands et des grossistes. Au milieu des années 1910, deux grossistes en alimentation louent chacun un magasin-entrepôt : Hudon, Hébert & Cie &#8211; ces derniers louent déjà une bonne partie du bâtiment situé de l’autre côté de la rue &#8211; et L. Chaput & Fils. Ces deux entreprises fusionnent dans les années 1920 pour former la Hudon, Hébert & Chaput. Elle quitte le bâtiment en 1932. De la fin des années 1930 à la fin des années 1950, la librairie Granger & Frères entrepose son matériel dans deux magasins-entrepôts.

En 1956, les Hospitalières vendent l’immeuble. Il reste ensuite pratiquement inutilisé jusqu’au début des années 1990. Il est alors transformé en immeuble de bureaux. 
",1873,1874,-73.5556,45.5053
0040-43-3196-00,Magasins de l'Hôtel-Dieu VIII,magasin-entrepôt,55,55-57,rue,57,,De Brésoles,,Ville-Marie (Montréal),"Les Religieuses hospitalières de Saint-Joseph font construire ce magasin-entrepôt en 1873-1874 sur le site de leur ancien hôpital, détruit en 1860. Oeuvre de l’architecte Henri-Maurice Perrault, il fait partie des quatorze magasins-entrepôts conçus lors de la troisième et dernière phase de construction des magasins de l'Hôtel-Dieu.

Entre 1875 et 1890, le marchand de meubles Adolphe Bélanger se sert de l’immeuble comme entrepôt pour son commerce situé dans le bâtiment voisin de la rue Notre-Dame. Plusieurs commerçants lui succèdent, jusqu’à l’arrivée des grossistes en alimentation Hudon, Hébert & Cie au milieu des années 1910. Pour cette maison de commerce, il s’agit simplement d’espaces d’entreposage supplémentaires puisqu’elle occupe déjà une bonne partie des magasins-entrepôts situés de l’autre côté de la rue. L’entreprise, devenue Hudon, Hébert & Chaput dans les années 1920, quitte en 1932.

En 1942, les Hospitalières vendent l’immeuble à la maison d’importation et de fabrication d’articles de fumeurs Genin, Trudeau & Cie. L’entreprise peut ainsi agrandir vers l’arrière les locaux qu’elle occupe sur la rue Notre-Dame. Le bâtiment est utilisé par Genin, Trudeau & Cie jusqu'au milieu des années 1970. 

Dans les années 1980 et 1990, le magasin-entrepôt est peu utilisé. Il est par la suite transformé en immeuble résidentiel.
",1873,1874,-73.5555,45.5055
0040-43-4527-00,Magasins de l'Hôtel-Dieu IV,magasin-entrepôt,425,425-445,rue,445,,Saint-Sulpice,,Ville-Marie (Montréal),"Les Religieuses hospitalières de Saint-Joseph font construire cet immeuble en 1871-1872 sur le site de leur ancien hôpital, détruit en 1860. L’architecte Michel Laurent en dessine les plans, s’inspirant des magasins voisins de la rue Saint-Paul réalisés dix ans auparavant. L'immeuble comprend six des onze magasins-entrepôts conçus lors de la seconde phase de construction des magasins de l'Hôtel-Dieu.

Les premiers occupants, essentiellement des marchands et des grossistes, s’installent en 1872. En octobre 1874, un incendie détruit complètement un magasin-entrepôt. On le reconstruit aussitôt et, en 1875, de nouveaux locataires s’y installent. 

En 1894, les grossistes en alimentation Hudon, Hébert & Cie louent les trois magasins-entrepôts à l’ouest. Ils louent ensuite tour à tour les autres magasins-entrepôts ainsi qu’une partie du bâtiment voisin. La maison de commerce, devenue Hudon, Hébert & Chaput à la fin des années 1920, quitte les lieux en 1932. La fin de la crise des années 1930 amène de nouveaux locataires, notamment les importateurs de produits de luxe Reich Bros. qui seront présents jusqu’au milieu des années 1970. 

Au milieu des années 1970, le projet des cours le Royer prend forme alors que des promoteurs proposent de recycler une bonne partie des magasins-entrepôts de l'Hôtel-Dieu en copropriétés résidentielles et commerciales. En 1975, la Société immobilière des cours Le Royer acquiert la propriété. L’immeuble est transformé en copropriétés lors de la troisième phase des travaux en 1979. La réussite de ce projet influencera grandement le développement du Vieux-Montréal.",1871,1872,-73.5553,45.5049
0040-43-6170-00,Magasins de l'Hôtel-Dieu III,magasin-entrepôt,50,50-62,rue,62,,De Brésoles,,Ville-Marie (Montréal),"Les Religieuses hospitalières de Saint-Joseph font construire cet immeuble en 1871-1872 sur le site de leur ancien hôpital, détruit en 1860. L’architecte Michel Laurent en dessine les plans, s’inspirant des magasins-entrepôts voisins de la rue Saint-Paul réalisés dix ans auparavant. L'immeuble comprend cinq des onze magasins-entrepôts conçus lors de la seconde phase de construction des magasins de l'Hôtel-Dieu. 

Les premiers occupants, essentiellement des grossistes, s’installent en 1872. Dans la nuit du 13 janvier 1886, un incendie détruit complètement le magasin-entrepôt du quincaillier B. S. H. Thompson. Il est reconstruit à la fin des années 1880. Les travaux terminés, les grossistes en alimentation L. Chaput & Fils, louent quatre des cinq unités du bâtiment. 

En septembre 1904, un autre incendie éclate. Le toit s’effondre, mais l’armature tient bon. Dans les mois suivants, les Hospitalières font reconstruire le tout. L. Chaput & Fils loue ensuite tous les magasins-entrepôts de l’immeuble. La maison de commerce, devenue Hudon, Hébert & Chaput à la fin des années 1920, quitte les lieux en 1932. Un autre grossiste en alimentation, Couvrette & Sauriol, loue l’immeuble entre la fin des années 1930 et le début des années 1960. 

Au milieu des années 1970, le projet des cours le Royer prend forme alors que des promoteurs proposent de recycler une bonne partie des magasins-entrepôts de l'Hôtel-Dieu en copropriétés résidentielles et commerciales. À la fin de l’année 1975, la Société immobilière des cours Le Royer acquiert la propriété et procède à sa transformation l’année suivante. Il s’agit du premier immeuble transformé dans le cadre de ce projet. Le succès de cette première phase des cours Le Royer influencera grandement le développement du Vieux-Montréal.",1871,1872,-73.5551,45.5052
0040-43-9102-00,Magasins de l'Hôtel-Dieu II,magasin-entrepôt,85,85-87,rue,87,,Saint-Paul,Ouest,Ville-Marie (Montréal),"Les Religieuses hospitalières de Saint-Joseph font construire cet immeuble en 1861 sur le site de leur ancien hôpital, détruit en 1860. L'immeuble, oeuvre de l'architecte Victor Bourgeau, comprend quatre des dix magasins-entrepôts conçus lors de la première phase de construction des magasins de l'Hôtel-Dieu. 

Au moment où s'achève la construction du bâtiment, en 1861, le gouvernement britannique doit faire face à la menace américaine. Il envoie donc des milliers de soldats à Montréal. Pour les loger, on réquisitionne entre autres deux magasins-entrepôts de l'immeuble et tous les magasins-entrepôts du bâtiment voisin (magasins de l'Hôtel-Dieu I). Les magasins-entrepôts portent dès lors le nom de <i>Victoria Barracks</i>.  Quant aux deux unités qui conservent une fonction commerciale, on y retrouve les pharmaciens Kerry Watson & Co. et des quincailliers . 

En 1870, les troupes britanniques quittent les lieux. Les manufacturiers d'articles de papier Alexander Buntin & Son et les marchands de tissus et d’étoffes (<i>dry goods</i>) Hodgson, Sumner & Co. s’installent dans l’immeuble. Avec le temps, Hodgson, Sumner & Co. finissent par occuper la presque totalité du bâtiment. Ils le quittent en 1933, après une présence de plus de 60 ans. Les magasins-entrepôts continuent cependant de servir au commerce de <i>dry goods</i> jusqu’au milieu des années 1960. 

Au milieu des années 1970, le projet des cours le Royer prend forme alors que des promoteurs proposent de recycler une bonne partie des magasins-entrepôts de l'Hôtel-Dieu en copropriétés résidentielles et commerciales. En 1981, l'immeuble est vendu et on procède à son intégration dans les cours Le Royer l'année suivante. La réussite du premier projet de ce genre dans le Vieux-Montréal fera école.
",1861,,-73.5547,45.5046
0040-44-0804-00,Magasin-entrepôt Genin-Trudeau,magasin-entrepôt,38,38-42,rue,42,,Notre-Dame,Ouest,Ville-Marie (Montréal),"Dans les années 1860, la succession Louis Plessis Bélair possède sur la rue Notre-Dame un vieil immeuble de trois étages en pierre, à l'arrière duquel se trouvent une dépendance et une cour intérieure. En 1867, la succession Bélair entreprend la démolition des bâtiments et vend le lot vacant à Louis Boyer. Celui-ci fait aussitôt construire un magasin-entrepôt de cinq étages. Le premier et seul occupant en 1868 est le tailleur et marchand de tissus James Morrison Co. 

Le magasin-entrepôt, vacant en 1869, est occupé de 1870 jusqu'à la fin du siècle par deux nouveaux locataires : le marchand de tapis A. L. C. Merrill et le fabricant et marchand de meubles Adolphe Bélanger. En 1898, l'importateur de matériel de fumeur Sieyes et Genin Cie s'installe dans tout le bâtiment. Cette entreprise, qui deviendra Genin, Trudeau & Cie, commence alors la fabrication de ses propres articles dans les ateliers situés aux étages supérieurs. Au rez-de-chaussée, messieurs Genin et Trudeau gèrent une agence de voyages spécialisée dans les croisières vers Le Havre (la Compagnie générale Transatlantique). 

Genin Trudeau achète le magasin-entrepôt en 1909 de la succession de Louis Boyer. Entre 1912 et 1916, on construit à l'arrière du bâtiment une annexe d'un étage qui s'appuie sur l'arrière d'un des magasins-entrepôts des s&#339;urs hospitalières situé sur la rue De Brésoles. Après l'achat de ce magasin en 1942, on relie les deux bâtiments par une passerelle au niveau du troisième étage. Les opérations de l'entreprise Genin Trudeau Cie et de l'agence de voyages (devenue Voyages Modernes) se poursuivent jusqu'aux années 1970, alors que la compagnie déménage sa production à Boucherville. L'immeuble de la rue Notre-Dame est vendu en 1975.
",1867,1868,-73.5558,45.5056
9941-25-6652-01,3500 avenue Laval ,indéterminée,3500,3500,avenue,3500,,Laval,,Le Plateau-Mont-Royal (Montréal),,NULL,NULL,-73.570400,45.515886
9843-84-7357-01,Théâtre Dominion (des Variétés),Théâtre / auditorium / cinéma,4530,4530,avenue,4530,,Papineau,,Le Plateau-Mont-Royal (Montréal),,1913,0,-73.575457,45.533017
9842-96-1858-01,Caserne de pompier numéro 16,Caserne de pompiers,1037,1041,rue,1041,,Rachel,Est,Le Plateau-Mont-Royal (Montréal),,NULL,NULL,-73.574842,45.525804
9941-29-2722-01,Institut des Sourdes-muettes,indéterminée,3725,3725,rue,3725,,Saint-Denis,,Le Plateau-Mont-Royal (Montréal),,NULL,NULL,-73.570887,45.519236
9842-90-8431-01,3903 rue Saint-Denis ,indéterminée,3903,3903,rue,3903,,Saint-Denis,,Le Plateau-Mont-Royal (Montréal),,NULL,NULL,-73.574059,45.520171
9842-71-8064-01,Maisons Emmanuel-Saint-Louis,Maison en rangée,4105,4105-4107,rue,4107,,Saint-Denis,,Le Plateau-Mont-Royal (Montréal),,1898,0,-73.576665,45.521356
9842-71-7468-01,Maisons Emmanuel-Saint-Louis,Maison en rangée,4109,4109-4123,rue,4111,,Saint-Denis,,Le Plateau-Mont-Royal (Montréal),,1898,0,-73.576878,45.521448
9842-71-4885-01,Maisons Emmanuel-Saint-Louis,Maison en rangée,4125,4125-4127,rue,4127,,Saint-Denis,,Le Plateau-Mont-Royal (Montréal),,1898,0,-73.577085,45.521541
0040-44-1317-00,Magasin-entrepôt Louis-Masson,magasin-entrepôt,30,30-34,rue,34,,Notre-Dame,Ouest,Ville-Marie (Montréal),"En 1892-1893, la succession Masson fait ériger ce magasin-entrepôt de trois étages. Il est conçu par la firme d'architectes Perrault et Mesnard avec la participation du sculpteur Henry Beaumont. Le bâtiment porte le nom d'un membre de la succession Masson, Louis Masson, le fils de Joseph Masson, autrefois seigneur de Terrebonne. 

La Société des arts du Canada, &laquo;&nbsp;établie dans le but de répandre le goût des arts, d'encourager et d'aider les artistes&nbsp;&raquo;, occupe l'immeuble en entier de 1893 à 1901. Ils sont suivis, entre 1902 et 1908, par la librairie Cadieux, Derome et Cie. Le magasin-entrepôt abrite ensuite brièvement les ateliers d'une fabrique d'appareils d'éclairage, puis il reprend sa vocation commerciale. En 1965, la succession Joseph Masson se défait de la propriété et en 1983, on modifie la façade au rez-de-chaussée.",1892,1893,-73.5557,45.5056
0040-44-2124-00,22-26 rue Notre-Dame Ouest,magasin-entrepôt,22,22-26,rue,26,,Notre-Dame,Ouest,Ville-Marie (Montréal),NULL,1877,,-73.5556,45.5057
0040-44-3541-01,Maison-magasin Cuvillier-Ostell,maison-magasin,4,4,rue,4,,Notre-Dame,Ouest,Ville-Marie (Montréal),"Au printemps 1836, l’encanteur et courtier Augustin Cuvillier désirant moderniser l’apparence de sa maison en pierre de trois étages datant du début du siècle, engage le maçon James Peddie et le charpentier William Crockford pour en refaire la façade en pierre de taille conformément au plan de l’architecte John Ostell. L’immeuble, qui prend les traits des maisons-magasins, est divisé en espaces commerciaux au rez-de-chaussée, alors que les étages supérieurs sont voués à l’habitation. La fenestration exceptionnelle du second étage permettant un abondant éclairage suggère que Cuvillier voulait y établir sa résidence. La présence de locataires est confirmée au début des années 1840.

Cuvillier décède en 1849 laissant la propriété à sa succession qui la possède près d’un siècle. Situé sur la rue par excellence de la vente au détail au XIXe siècle, le bâtiment accueille différents locataires, commerçants et artisans, essentiellement des marchands de produits de luxe, des cordonniers, coiffeurs, chapeliers, tailleurs et modistes. L’immeuble conserve par ailleurs sa vocation résidentielle au moins pendant tout le premier quart du XXe siècle. 

En juillet 1946, des restaurateurs achètent l’immeuble et s’y installent. Un incendie endommage lourdement le bâtiment toujours occupé par un restaurant et deux petits commerces en janvier 1987. L’immeuble restauré – seuls les murs extérieurs ont pu être conservés – est intégré à l’Édifice Cuvillier-Ostell.",1836,,-73.5557,45.506
0040-44-3541-02,Immeuble Cuvillier-Ostell,non applicable,480,480,boulevard,480,,Saint-Laurent,,Ville-Marie (Montréal),,1991,1992,-73.5554,45.5059
0040-44-4011-00,Magasins de l'Hôtel-Dieu VII,magasin-entrepôt,51,51-53,rue,53,,De Brésoles,,Ville-Marie (Montréal),"Les Religieuses hospitalières de Saint-Joseph font construire ce magasin-entrepôt en 1873-1874 sur le site de leur ancien hôpital, détruit en 1860. Oeuvre de l’architecte Henri-Maurice Perrault, il fait partie des quatorze magasins-entrepôts conçus lors de la troisième et dernière phase de construction des magasins de l'Hôtel-Dieu. Il se distingue des autres magasins-entrepôts du complexe par sa localisation particulière sur le plan cadastral. Plus large que ses voisins, une grande partie de l’immeuble se retrouve privée de source lumineuse naturelle. 

En 1875, les importateurs de produits divers Gillespie, Moffatt & Company s’installent dans le magasin-entrepôt. Dans les décennies suivantes, plusieurs marchands et grossistes se succèdent dans l’immeuble. En 1935, le manufacturier de chaussures Alfred Lambert s’y installe, utilisant probablement le bâtiment comme entrepôt de chaussures. Les Hospitalières vendent le magasin-entrepôt en 1956, tandis qu’Alfred Lambert quitte en 1961. Le bâtiment reste ensuite pratiquement inutilisé pendant quelques décennies.",1873,1874,-73.5554,45.5057
0040-44-4680-00,Édifice Métropole,gratte-ciel,4,4,rue,4,,Notre-Dame,Est,Ville-Marie (Montréal),"L’histoire de cet édifice est étonnante. Érigé en 1903-1904, il est déplacé de son emplacement d’origine et reconstruit à l’identique à l’angle des rues Notre-Dame et Saint-Laurent en 1928-1929. 

En 1903-1904, la Banque d’Ottawa fait ériger ce gratte-ciel de dix étages sur la rue Saint-Jacques d’après les plans de l’architecte d’origine américaine Howard Colton Stone. L’immeuble de bureaux atteint alors la hauteur maximale autorisée (environ 130 pieds). En 1926, la Banque d’Ottawa et tous les autres bâtiments du quadrilatère sont démolis afin de permettre à la Banque Royale de construire un gratte-ciel de 22 étages. Cependant, tous les matériaux de la Banque d’Ottawa sont conservés en vue d’une reconstruction. En 1928, trois entrepreneurs, Wilfrid Lajeunesse, Charles Duranceau et Alexandre Duranceau, font reconstruire l’édifice au coin des rues Notre-Dame et Saint-Laurent sur un terrain vacant qu’ils viennent d’acquérir. L’architecte Frank R. Foster supervise la curieuse opération. 

Le &laquo;&nbsp;nouvel&nbsp;&raquo; édifice est baptisé <i>Métropole</i> dès son ouverture. Proche voisin du nouveau palais de justice (édifice Ernest-Cormier, 1922-1926), il héberge principalement des bureaux d’avocats et de notaires. Il loge aussi, des années 1930 aux années 1960, des services gouvernementaux provinciaux aux étages inférieurs. En 2005, il abrite toujours de nombreux bureaux reliés au domaine des affaires légales.",1928,1929,-73.5553,45.5062
0040-44-5291-00,Immeuble Charpentier,non applicable,10,10-12,rue,12,,Notre-Dame,Est,Ville-Marie (Montréal),,1947,,-73.5552,45.5063
0040-44-6811-00,Magasins de l'Hôtel-Dieu X,magasin-entrepôt,19,19,cours,19,,Le Royer,,Ville-Marie (Montréal),"Les Religieuses hospitalières de Saint-Joseph font construire cet immeuble, qui comprend trois magasins-entrepôts mitoyens, en 1888-1889. Il remplace trois magasins-entrepôts conçus par Henri-Maurice Perrault en 1873-1874 et détruits lors d’un incendie le 13 janvier 1886 . Les magasins-entrepôts de 1888-1889 comptent trois étages, deux de moins que ceux construits quinze ans plus tôt. Ils reprennent toutefois essentiellement le vocabulaire architectural des immeubles précédents, les baies cintrées du rez-de-chaussée en moins. 

Les magasins-entrepôts sont loués, entre autres, à un marchand et à John L. Cassidy & Co., un importateur de vaisselle, de porcelaine et de faïence (<i>china, glass, earthenware</i>). En 1897, les importateurs et fabricants d'articles ménagers Tellier, Rothwell & Co. s’installent dans le magasin-entrepôt jouxtant la rue Le Royer. Trois ans plus tard, l’entreprise loue aussi l’unité voisine. Tellier, Rothwell & Co. occupe cette partie de l’immeuble jusqu’à la fin des années 1950. En 1939, la librairie Granger & Frères s’installe dans l’autre magasin-entrepôt. Elle quitte à la même époque que Tellier, Rothwell & Co. 

La vocation de l’immeuble change lorsque Bonaventure Building Inc. acquiert le bâtiment en 1962. Il est alors transformé en immeuble de bureaux. En 2000-2002, les magasins-entrepôts ont fait l’objet de travaux de restauration.",1888,1889,-73.555,45.5056
0040-44-8667-00,Maison du Barreau,non applicable,445,445-465,boulevard,465,,Saint-Laurent,,Ville-Marie (Montréal),"En 1984, une importante entreprise canadienne de produits pharmaceutiques, d'équipement d'hôpitaux et de cliniques dentaires, la maison Casgrain et Charbonneau Ltée avait, depuis quelques années, laissé vacant son immeuble de la rue Saint-Laurent. Le Barreau, dont le membership était en pleine expansion, désirait regrouper tous ses services disséminés à travers la ville de Montréal et privilégiait un emplacement à proximité du nouveau Palais de justice. Construit en 1942 suivant les plans de Ludger Venne, l'édifice Casgrain et Charbonneau répondait à leurs critères. 

Le 22 février de la même année, les journalistes sont conviés, devant l'édifice, au lancement du projet de recyclage. Le bâtonnier du Québec, Me Louis Le Bel, et le président du comité exécutif de Montréal, monsieur Yvon Lamarre, leur annoncent que toute la structure de béton sera conservée mais que l'on remplacera l'enveloppe de briques.  Cet important projet de recyclage vise dans son intention à revitaliser et à mettre en valeur le patrimoine de ce secteur.

Lors de cet événement, Yvon Lamarre rappelle que la Maison du Barreau sera érigée à proximité de la première école de Montréal fondée par Marguerite Bourgeoys, fondatrice de la communauté de la Congrégation Notre-Dame. D'ailleurs, sur la Maison du Barreau est installée une plaque de la Commission des monuments historiques qui rappelle la présence de cette communauté religieuse dans le secteur.  Elle se lit comme suit : &laquo;&nbsp;L'église de Notre-Dame de Pitié, érigée en 1693 sur le terrain des religieuses de la congrégation de Notre-Dame, s'élevait dans l'axe de la rue en face de cet édifice.  Jeanne Le Ber y vécut en recluse volontaire pendant 20 ans.&nbsp;&raquo;

En s'installant sur le boulevard Saint-Laurent, la Maison du Barreau se situe enfin au c&#339;ur du quartier juridique de Montréal puisque à proximité de trois palais de justice, les anciens et le nouveau sis au 1, rue Notre-Dame Est. 
",1984,,-73.5548,45.5061
0040-45-6212-01,Maison-magasin Joseph-Hall,maison-magasin,26,26-28,rue,28,,Notre-Dame,Est,Ville-Marie (Montréal),,1847,,-73.5551,45.5066
0040-45-6212-02,Maison-magasin Lawrence-Kidd,maison-magasin,20,20,rue,20,,Notre-Dame,Est,Ville-Marie (Montréal),,1830,,-73.5552,45.5065
0040-45-6212-03,475-477 rue Saint-Jean-Baptiste ,non applicable,475,475-477,rue,477,,Saint-Jean-Baptiste,,Ville-Marie (Montréal),"Cet ancien entrepôt communique avec le bâtiment voisin situé au coin de la rue Notre-Dame, via des ouvertures pratiquées dans les murs mitoyens.  Bien avant 1850 et tout au long du XIXe siècle, le rez-de-chaussée est occupé par le prolongement du restaurant ayant pignon sur la rue Notre-Dame. Les étages supérieurs servent d'entrepôt pour diverses entreprises, dont un marchand de vins et spiritueux, un tonnelier puis le fabricant de médicaments Evans & Mercer.

Vendu en 1872 à Mathilde Barrette, il subit d'importantes modifications en 1892, après l'acquisition par cette dernière du lot adjacent (à l'est sur la rue Notre-Dame). La propriétaire remplace la pierre de la façade par de la brique, et agrandit l'entrepôt vers l'arrière. Il n'y a, par contre, aucun changement dans les fonctions d'occupation. En plus du restaurant au rez-de-chaussée, l'entrepôt est loué à des colporteurs, un importateur de vins et spiritueux ou un commerçant d'objets religieux (Desmarais & Robitaille).

Le restaurant de la rue Notre-Dame ferme ses portes vers 1917, et le bâtiment devient vacant jusqu'à la vente des terrains de la succession Barrette en 1926. Le nouveau propriétaire, l'éditeur Charles Odilon Beauchemin, loue l'entrepôt à des entreprises de distribution et de messagerie. Le rez-de-chaussée est occupé par un commerçant de caisses enregistreuses, puis après 1945 par un magasin de surplus de l'armée ayant leurs portes sur Notre-Dame.

Des rénovations commencées vers 1989 s'accompagnent d'une transformation en copropriétés. Le rez-de-chaussée se partage actuellement entre un restaurant et un spécialiste en photographie, tous deux sur Notre-Dame.",1929,,-73.555,45.5065
9842-43-4914-01,Édifice Louis-Archambault,indéterminée,4350,4350-4352,rue,4352,,Saint-Denis,,Le Plateau-Mont-Royal (Montréal),,NULL,NULL,-73.580888,45.522727
0040-45-6924-00,Immeuble Joseph-Moïse-Valois,magasin-entrepôt,32,32-36,rue,36,,Notre-Dame,Est,Ville-Marie (Montréal),"Cet immeuble est construit en 1886 par le notaire et libraire Joseph-Moïse Valois. Il remplace une maison-magasin en pierre de trois étages avec combles. En 1886, Valois vient tout juste de rompre son association d’affaires avec son beau-frère, le libraire et imprimeur Charles-Odilon Beauchemin.

Valois loue d’abord son immeuble à la maison Desaulniers Frères & Cie, des fabricants et importateurs de statues et d’articles religieux, et à Adélard Boucher, un marchand de musique en feuilles. Valois n’y installe son commerce de livres que durant quelques années, entre 1891 et 1895.

En 1905, l’immeuble est vendu au neveu de Valois, le libraire et imprimeur Louis-Joseph-Odilon Beauchemin, dont la famille conserve les titres de propriété jusqu’en 1963. Durant toute cette période, des commerces occupent le rez-de-chaussée, tandis que les autres étages logent tour à tour des activités manufacturières et des bureaux. Vers le milieu des années 1980, les étages supérieurs sont convertis en logements.  ",1886,,-73.555,45.5066
0040-45-7640-00,40-52 rue Notre-Dame Est,non applicable,40,40-52,rue,52,,Notre-Dame,Est,Ville-Marie (Montréal),,1989,1991,-73.5549,45.5068
0040-45-9129-00,Caserne de pompiers no 2,non applicable,444,444-448,rue,448,,Saint-Gabriel,,Ville-Marie (Montréal),"La décision de prolonger la rue Saint-Jacques à l'est de Saint-Gabriel, jusqu'au Palais de Justice, entraîne la démolition de l'ancienne caserne de pompiers no 6. On choisit de la relocaliser sur la partie nord d'un terrain appartenant à la succession de Robert Hallowell, sur lequel se trouve un vieil entrepôt occupé par un marchand de café. L'expropriation a lieu au printemps 1871 et les soumissions sont acceptées en juillet. 

En mai 1872, la nouvelle caserne entre en fonction. Sept hommes, tous anglophones, y sont assignés, soit quatre pompiers pour les deux dévidoirs (le véhicule qui transporte les boyaux) et trois pompiers pour le wagon de sauvetage. La caserne change également de numéro.

La caserne no 2 ferme ses portes vers 1940 et la tour en saillie est probablement détruite lors des travaux de modification de la caserne en immeuble de bureaux. La Ville de Montréal y installe le Service de l'Aide sociale et le Service des Permis de la police. Ce dernier cède sa place à la Division de la cartographie au début des années 1960. Dans les années 1970, le bâtiment est entièrement occupé par le Service du Recrutement et de l'Embauche, puis par des bureaux du Comité organisateur des Jeux olympiques. Inoccupé après 1976, il est rénové en 1982 au coût de 380 000 $ et loué à une école privée de céramique (bail emphytéotique).",1871,1872,-73.5547,45.5067
0040-46-4111-00,Annexe du Vieux-Palais-de-Justice,non applicable,85,85,rue,85,,Notre-Dame,Est,Ville-Marie (Montréal),"Le gouvernement du Québec fait construire cet édifice en 1903-1905. Sa conception est confiée aux architectes du ministère de la Colonisation et des Travaux publics, dont les plans sont révisés par N. A. Cantin, un architecte canadien établi à New York. 

À l’été 1902, Lomer Gouin, le ministre de la Colonisation et des Travaux publics, annonce la construction de l’annexe du palais de justice. Les travaux débutent durant l’été 1903 avec la démolition de la plus vieille église protestante de Montréal, voire du Canada : l’église presbytérienne St. Gabriel (érigée en 1792). À partir de ce moment, il faut attendre environ deux ans avant que les divers services judiciaires et gouvernementaux puissent s’installer dans les nouveaux locaux. Le 11 mars 1915, un incendie éclate au dernier étage : les chambres des juges sont ravagées et les étages inférieurs inondés.
  
L’édifice conserve la même vocation jusqu’à l’inauguration du nouveau palais de justice, situé immédiatement à l’ouest de l’annexe, en 1971. En 1974, le gouvernement québécois cède à la Ville de Montréal le Vieux Palais et son annexe. L’administration municipale s’installe alors dans les deux bâtiments.",1903,1905,-73.5556,45.5076
0040-46-7464-00,Vieux palais de justice de Montréal,non applicable,155,155,rue,155,,Notre-Dame,Est,Ville-Marie (Montréal),"À la suite de l’incendie du palais de justice de Montréal (1799-1803), survenue en 1844, le gouvernement du Canada-Uni lance en octobre 1849 un concours d’architecture en vue de la  construction d’une nouvelle « maison de justice » sur le même site. La prestigieuse commande est remportée par les architectes John Ostell et Henri-Maurice Perrault, devant le réputé George Browne. Les contrats avec les entrepreneurs sont octroyés en novembre 1850 et les travaux débutent au printemps de l’année 1851. Après des modifications aux plans et un chantier très difficile, l’édifice est complété au  début de l’année 1857, les tribunaux ayant cependant pu y siéger à partir du premier mai 1856.

En 1890, environ un an après que le gouvernement du Canada eût transféré la propriété au gouvernement du Québec, débute un ambitieux projet d’agrandissement sous la gouverne de l’architecte Maurice Perrault, le fils de Henri-Maurice Perrault. Au programme, le rehaussement de l’édifice d’un étage, l’ajout d’un énorme dôme devant abriter la bibliothèque du Barreau et la rénovation complète des espaces intérieurs. Le chantier sera là encore difficile en raison des nombreux imprévus, dont d’importants problèmes de structure. Vers la fin de 1892, l’architecte Alphonse Raza revoit les plans de Perrault. Le tout est finalement complété en 1894.

Les besoins en espace de l’appareil judiciaire ne sont pas pour autant satisfaits. Pour y faire face, on construit dès 1905 une annexe qu’on accole à la façade ouest de l’édifice. On érige ensuite, entre 1922 et 1926, l’édifice Ernest-Cormier : les cours criminelles y sont transférées tandis que la police provinciale s’installe dans une partie des locaux délaissés du Vieux palais. Les cours civiles délaissent à leur tour le Vieux palais au début des années 1970 pour emménager dans le nouveau palais de justice de la rue Saint-Antoine, mettant ainsi fin à un peu plus de 110 ans d’activité judiciaire dans le Vieux palais. En 1974, la Ville de Montréal reçoit du gouvernement québécois le Vieux Palais et son annexe. L’administration municipale s’installe alors dans les deux bâtiments.
",1851,1857,-73.555,45.508
0040-50-1939-00,Immeuble Saint-Arnaud et Clément,indéterminé,204,204-206,place,206,,D'Youville,,Ville-Marie (Montréal),NULL,1894,1895,-73.5544,45.5023
0040-50-2522-01,214 place D'Youville ,indéterminé,214,214,place,214,,D'Youville,,Ville-Marie (Montréal),"Le sous-sol de cet ancien entrepôt contient des vestiges archéologiques exceptionnels associés au lieu de fondation de Montréal. Le site recouperait en partie le site du fort de Ville-Marie, érigé entre 1643 et 1646, et une partie du &laquo;&nbsp;château de Callière&nbsp;&raquo;, un bâtiment construit vers 1695 et incendié en 1765. C'est pour cette raison que le musée d'archéologie et d'histoire de Montréal Pointe-à-Callière en a fait l'acquisiton en 2000 avec le support de la Ville de Montréal et du ministère de la Culture et des Communications du Québec. En 2002, l’école de fouilles de Pointe-à-Callière, affiliée à l'Université de Montréal, s'y est installée.",1911,,-73.5544,45.5021
0040-50-2522-02,Entrepôt Robert-Gillespie I,non applicable,211,211,rue,211,de la,Commune,Ouest,Ville-Marie (Montréal),,1841,1842,-73.5541,45.5021
0040-50-3107-01,Entrepôt Robert-Gillespie II,non applicable,215,215-217,rue,217,de la,Commune,Ouest,Ville-Marie (Montréal),,1841,1842,-73.5541,45.502
0040-50-3579-00,"Pointe-à-Callière, musée d'archéologie et d'histoire",non applicable,350,350,place,350,,Royale,,Ville-Marie (Montréal),,1991,1992,-73.5542,45.5026
0040-50-4235-00,Entrepôt Pierre-Beaudry,non applicable,201,201-207,rue,207,de la,Commune,Ouest,Ville-Marie (Montréal),"Le commerçant Pierre Beaudry fait bâtir cet entrepôt en 1828. Beaudry est devenu le seul propriétaire de l'emplacement avec une maison et des écuries en bois en 1823. Cinq ans plus tard, il engage le maçon Louis Comte pour y construire un entrepôt en pierre de trois étages. Tout indique qu'à l'origine le bâtiment sert à des fins strictement commerciales, peut-être pour le compte de Beaudry ou pour d'autres marchands, jusqu'au début des années 1840.

L'immeuble, qui reste entre les mains de la succession Beaudry jusqu'en 1924, loge des auberges et leurs propriétaires à partir du milieu des années 1840. Pendant près d'un demi-siècle, des aubergistes irlandais s'y succèdent. Le dernier d'entre eux, Charles McKiernan, surnommé Joe Beef, est sans doute le plus célèbre, à cause des amusements excentriques qui se déroulent dans son établissement comme de l'assistance qu'il donne aux ouvriers. Devenue un lieu de rassemblement des plus démunis, la cantine de Joe Beef ferme ses portes en 1893. L'Armée du Salut voulant affirmer sa présence auprès de cette population de défavorisés s'y établit ensuite pour quelques années. 

De 1903 à 1965, le Star Café occupe l'immeuble. Entre-temps, Ben Lubrenetsky, tavernier, acquiert le bâtiment en 1926 et, vraisemblablement après un incendie survenu en 1939, fait remplacer le toit en croupe par un toit plat et recouvrir la façade du rez-de-chaussée d'une mosaïque. Pendant au moins cinq ans à partir de 1947, les étages supérieurs abritent une manufacture de valises. 

Entre 1977 et 1985, l'immeuble fait l'objet à deux reprises de travaux de rénovation visant d'abord son recyclage en bar et en discothèque puis en bureaux et en logements. En 2004, le bâtiment abrite un magasin au rez-de-chaussée, des bureaux et des logements aux étages.
",1828,,-73.5541,45.5022
0040-51-0415-00,Immeuble du Montreal Sailors' Institute,non applicable,165,165-169,place,169,,D'Youville,,Ville-Marie (Montréal),"En 1875, le Montreal Sailors’ Institute(MSI) s’installe sur cet emplacement pour desservir les marins de la marine marchande en escale à Montréal. Par la suite, le nombre des marins qui utilisent les services du MSI croît au rythme des activités portuaires.  En 1940, les anciens bâtiments sont trop exigus et, en plein conflit mondial, le Conseil d’administration de l’organisme demande à l’architecte C.R.Titley de concevoir les plans pour un nouvel édifice.  La construction est cependant retardée jusqu’en 1953 à cause d’une pénurie de matériaux et de main d’œuvre.

Lors de l’inauguration en 1954, Lionel Chevrier, ministre des transports du Canada, prévoit avec enthousiasme un achalandage sans précédent dans le port grâce à l’ouverture de la voie maritime du Saint-Laurent. Des centaines de milliers de marins transiteront dans le nouvel édifice ayant ainsi accès à de grandes salles de séjours et de jeux, une salle de concert, une cafétéria, des services particuliers comme un bureau de poste, un bureau de change, une consigne pour bagages, un salon de barbier et un bureau de médecin.  Des chambres individuelles remplacent les dortoirs de l’ancien édifice.  Cet édifice, très sobre, ne fait alors connaître sa vocation que par une enseigne lumineuse. 

En 1968, le MSI et le Catholic Sailors Club se fusionnent pour former le Mariners House qui déménage en 1981. En 1987, les Œuvres de la maison du Père acquierent le bâtiment pour héberger des hommes en difficulté. L’édifice portera dorénavant le nom de Résidence du Vieux-Port. On réaménage alors certaines pièces en fonction des nouveaux besoins avant son inauguration en 1988 par le nouveau cardinal de Montréal, Paul Grégoire. 
",1953,1954,-73.5546,45.5029
0040-51-0556-00,Ancienne-Douane,non applicable,150,150,rue,150,,Saint-Paul,Ouest,Ville-Marie (Montréal),,1836,1838,-73.5546,45.5033
0040-51-1892-00,Magasin-entrepôt Hannibal-Whitney,magasin-entrepôt,355,355,place,355,,Royale,,Ville-Marie (Montréal),"En 1852, lors de l’important incendie survenu dans le secteur de la Place Royale, la propriété de H. H. Whitney est détruite. L’année suivante, en 1853-1854, il fait démolir les ruines du bâtiment incendié et construire un ensemble de deux magasins-entrepôts de quatre étages. Un seul a survécu. Ce magasins-entrepôt accueille son premier occupant en 1854, Alexander Walker, marchand de <i>dry goods</i> (tissus, articles de mercerie, peut-être d'autres produits). 

Après son départ deux ans plus tard, et après l’arrivée d’un nouveau propriétaire, Edwin Atwater, en 1863, l’immeuble conserve sa vocation commerciale. De la fin des années 1860 jusqu’en 1900, deux occupants se distinguent. Les fabricants de quincaillerie Pillow Hersey &amp; Co., dont l’usine est située à proximité du canal de Lachine, installent leurs bureaux et salles de vente dans le magasin-entrepôt de 1868 à 1880. L’immeuble accueille aussi les marchands Wilson, Paterson &amp; Co. pendant de nombreuses années. Des grossistes actifs dans une variété de secteurs y logent également à la fin du XIXe et au début du XXe siècle : ils transigent le tabac, le bois, les produits électriques, les vins et les alcools.

Le magasin-entrepôt connaît une évolution physique surprenante au XXe siècle. En 1906, on ajoute un cinquième étage et une modification du revêtement extérieur, alors que la brique remplace la pierre de taille en façade principale. À la fin des années 1920, on semble y aménager des bureaux alors que plusieurs occupants se partagent l'immeuble. Dans les années 1940, on revient à un seul occupant, un laboratoire de produits pharmaceutiques, et l'immeuble est modifié à nouveau avec le retrait de l'étage ajouté au début du siècle, et de nouveaux changements à la façade. Un importateur d'huiles essentielles remplace ensuite le laboratoire, puis à compter des années 1960, le bâtiment redevient un immeuble de bureaux, logeant des entreprises associées au monde des arts, au cinéma notamment. Le bâtiment jumeau est par ailleurs disparu vers 1960.
 
En 1996, on rénove entièrement l'immeuble et la façade est restaurée à l'image de celle d'origine, en pierre de taille, avec de larges fenêtres. La vocation d'immeuble de bureaux est confirmée.",1853,1854,-73.5544,45.5036
0040-51-3588-00,Boyer's Block,indéterminé,133,133,rue,133,de la,Commune,Ouest,Ville-Marie (Montréal),"Situé aux abords de la Place Royale, cet immeuble est construit en 1857 par l’homme d’affaires Louis Boyer; le Boyer’s Block (le nom est taillé dans la pierre du côté de place Royale) demeure longtemps aux mains de la famille Boyer. Louis Boyer fait construire ce bâtiment sur un emplacement acquis la même année de la Champlain & St. Lawrence Railroad Co. Sur le site se trouvaient alors les ruines de deux maisons-magasins appartenant auparavant à John Molson et détruites lors d’un important incendie en juin 1852. 

De 1858 à 1868, le bâtiment accueille un seul occupant, les marchands-grossistes de tissus et d’étoffes Clark Winks & Co., une fonction typique d'un magasin-entrepôt. Mais dès 1868 et jusqu’en 1920 environ, les entreprises associées à la famille Boyer occupent un ou plusieurs espaces, lesquels servent de magasin et de bureau pour des activités très variées : marchand de produits alimentaires et de bois, <i>commission merchant</i>, inspecteur de céréales et de farines ainsi qu’administrateur. Le nombre croissant de locataires et leur fort taux de roulement annoncent la nouvelle vocation de l’immeuble, celle d’immeuble de bureaux. Dès cette époque et jusqu’aux années 1930, les activités pratiquées dans l’immeuble sont étroitement liées au port de Montréal. On retrouve plusieurs courtiers maritimes (<i>ship brokers</i>), approvisionneurs de navires (<i>ship chandlers</i>), des marchands de farine et des inspecteurs de céréales et de farine. Parmi ces grossistes en farine, soulignons J.L. Smith & Son, présent dans les années 1890. Le bâtiment accueille également le bureau du directeur du Port de Montréal pendant quelques années. Les activités sont par la suite très variées.

Au milieu des années 1980, l'immeuble fait l'objet de travaux de restauration. Il continue en 2004 à loger divers bureaux, et une boutique. 
",1857,,-73.5542,45.5036
0040-52-1312-00,Magasin-entrepôt Jean-Louis-Beaudry [1852-1853],magasin-entrepôt,124,124-126,rue,126,,Saint-Paul,Ouest,Ville-Marie (Montréal),,1852,1853,-73.5544,45.5038
0040-52-1723-00,Magasin-entrepôt William-Lyman,magasin-entrepôt,116,116,rue,116,,Saint-Paul,Ouest,Ville-Marie (Montréal),"En juin 1852, l’incendie qui dévaste le secteur de la Place Royale détruit une maison-magasin située sur cet emplacement. Dans les mois qui suivent, William Lyman achète le terrain et fait construire un magasin-entrepôt de quatre étages. La construction est terminée au printemps 1854 mais l’immeuble reste vacant. C’est seulement en 1855 que Benjamin et Henry Lyman, les frères du propriétaire, et leur associé Alfred Savage, apothicaires et grossistes en produits pharmaceutiques sous la raison sociale de Lyman Savage & Co., s’y installent. En 1856, les trois associés font l’acquisition du bâtiment. 

En 1861, les frères Lyman s’associent à William H. Clare et fondent la Lyman Clare & Co. qui devient propriétaire du bâtiment. Entre 1864 et 1866, leur entreprise semble très prospère et ses activités s'étendent rapidement aux bâtiments voisins, le 100-104 (en 1864-1867) et le 110-112 Saint-Paul (de 1866 à 1905) Ouest. L’association avec W. H. Clare prend fin en 1879. Henry Lyman et Delia Lyman, la veuve de Benjamin, achètent le bâtiment et les fils des frères Lyman se joignent alors à l’entreprise, désormais connue sous le nom de Lyman Sons & Co. Vers 1890, un cinquième étage est ajouté au magasin-entrepôt, alors que les immeubles voisins occupés par la compagnie connaissent aussi d’importantes mutations.

Vers la fin des années 1890, les activités commerciales de la famille Lyman semblent se concentrer dans les bâtiments du 110-112 et du 100-104 St-Paul O., réinvesti depuis 1890. Vers 1906, la firme quitte le 116 St-Paul O. ; l’immeuble reste vacant jusqu’en 1915 avant d’accueillir le commerce en gros du manufacturier de papier Jean-Baptiste Rolland. L’entreprise occupe les lieux pendant plus de trente ans. Son départ transforme la vocation du magasin-entrepôt que partagent désormais de nombreux locataires aux activités variées : fabrication, commerce et bureaux. Parmi ces nombreux occupants, la manufacture de lampes et de tables Century Industries Inc. se distingue par sa longévité : elle occupe une partie des lieux jusqu’au début du XXIe siècle. En 2004, l’immeuble est inoccupé.  
",1853,1854,-73.5544,45.5039
0040-52-2542-01,Magasin-entrepôt William-Murray,magasin-entrepôt,100,100-104,rue,104,,Saint-Paul,Ouest,Ville-Marie (Montréal),"Propriétaire depuis quelques années d’une maison-magasin située sur ce terrain, William Murray la voit partir en fumée lors de l’incendie de juin 1852 dans le secteur de la Place Royale. Il fait aussitôt construire un magasin-entrepôt de trois étages qui accueille ses premiers occupants en 1853. La propriété demeure aux mains du constructeur et de sa famille jusqu’en 1934.

Les premiers locataires sont Damase Masson & Co., épiciers en gros, qui occupe la section ouest du bâtiment jusqu’en 1862, et Walter Macfarlane, un marchand en gros de tissus (<i>clothier</i>) qui est  présent dans la section est jusqu’en 1867. À partir de 1867, l’unité ouest accueille les papetiers Angus Logan & Co., société qui donnera naissance à la Canada Paper Co. Ltd. en 1874. L’entreprise occupera l’ensemble du magasin-entrepôt jusqu’au début des années 1880.

La prochaine étape dans l’histoire du bâtiment s’effectue sous le signe de l’industrie pharmaceutique. De 1890 jusqu’à la fin des années 1920, la famille Lyman, déjà présente dans les deux bâtiments voisins, étend ses activités de vente en gros de produits pharmaceutiques à ce magasin-entrepôt. Connue alors sous la raison sociale de Lyman Knox & Co., l’entreprise occupe la totalité de la partie est et les étages supérieurs de l’unité voisine. Le rez-de-chaussée est occupée par un autre fabricant de produits pharmaceutiques de 1900 jusqu’aux alentours de 1920. C’est vraisemblablement à cette époque que le toit en pente d’origine est remplacé par une mansarde. De la fin des années 1920 jusqu’en 1964, le Laboratoire Nadeau Ltée s’établit au 100 St-Paul O.; il devient également propriétaire du bâtiment en 1945. 

L’immeuble connaît une vocation mixte de la fin des années 1960 jusqu’au début du XXIe siècle : commerce et fabrication cohabitent puis cèdent la place à la restauration. D’importants travaux de rénovation entrepris en 2001 permettent l’intégration de ce bâtiment et de son voisin; les deux magasins-entrepôts deviennent alors l’Hôtel Nelligan. 
",1852,1853,-73.5543,45.5042
0040-52-2542-02,Magasin-entrepôt William-Cormack,magasin-entrepôt,110,110-112,rue,112,,Saint-Paul,Ouest,Ville-Marie (Montréal),"Au cours de l’important incendie de juin 1852 dans le secteur de la Place Royale, la maison-magasin de William Cormack est détruite. Il procède aussitôt à la construction d’un nouveau magasin-entrepôt de trois étages qui accueille ses premiers occupants au printemps 1853. Les deux espaces locatifs seront occupés, pendant plusieurs années, par les locataires de l’ancien bâtiment: les commerçants Cumming & Galbraith et la société Archibald Laurie & Co.,  marchands de tissus et d’étoffes (<i>dry goods</i>). 

À partir de 1866, le destin du bâtiment est étroitement lié à l’entreprise pharmaceutique de la famille Lyman. Il est alors acheté par Henry et Benjamin Lyman afin d’accroître l’espace dont dispose leur firme, Lyman Clare & Co., installée au 116 St-Paul O. depuis 1855. L’entreprise occupe d’abord l’unité contiguë au 116, avant de s’étendre, en 1885, à l’ensemble du magasin-entrepôt; vers 1890, elle occupera aussi l’immeuble voisin, au coin de la rue Saint-Sulpice. La prospérité de l’entreprise et sa quête d’espace expliquent sans doute la transformation que connaît le bâtiment vers 1885 avec l’ajout de deux étages à l’unité ouest et d’un étage à l’unité est. L’uniformisation des deux unités aurait eu lieu entre 1890 et 1912. Devenue Lyman Sons & Co., puis Lyman Knox & Co., l’entreprise établit ainsi un véritable complexe sur la rue Saint-Paul où logent ses bureaux, ses laboratoires et ses entrepôts.

Au début du XXe siècle, la famille Lyman quitte le bâtiment qui est racheté en 1922 par les pharmaciens McEwen & Cameron Ltd. Ces derniers occupent une partie du bâtiment jusqu’en 1943, avant de le vendre à leur tour au Laboratoire Nadeau, qui s’installe sur les lieux et dans l’immeuble immédiatement à l’est jusqu’en 1964. La fonction pharmaceutique caractérise donc ce bâtiment pendant un siècle.

De la fin des années 1960 jusqu’en 2000, l’immeuble connaît une vocation différente et plus hétérogène, alors que des commerces s’installent au rez-de-chaussée et les étages accueillent de petites entreprises et des bureaux. En 2001-2002, d’importants travaux de rénovation permettent l’intégration de ce bâtiment et de son voisin; les deux anciens magasins-entrepôts deviennent alors l’Hôtel Nelligan. 

",1852,1853,-73.5543,45.504
0040-52-2675-00,Édifice London House Coffee,magasin-entrepôt,90,90,rue,90,,Saint-Paul,Ouest,Ville-Marie (Montréal),"Peter Charles Larkin, propriétaire de la Salada Tea Co., achète en 1910, de Marie-Louise et Marie-Malvina Généreux, un immeuble qu'il occupe déjà depuis 1895. Il y a en effet ouvert la succursale montréalaise de son entreprise d'importation et de transformation de thé. Après l'achat, Larkin procède à la démolition du bâtiment de pierre qui y était érigé et fait construire en 1911 un magasin-entrepôt de même dimension au sol, mais plus élevé (cinq étages) et plus solide (béton renforcé). La façade est en pierres de taille et l'entrée principale est construite en angle au coin des rues Saint-Paul et Saint-Sulpice.

Le premier et seul locataire de l'immeuble pendant plus de 10 ans est la Salada Tea Co. Les bureaux se trouvent au rez-de-chaussée et les entrepôts et les salles de mélange et d'emballage sont répartis sur les étages supérieurs.

En 1920, Larkin vend la propriété à son entreprise, la Salada Tea Co. of Canada, qui quitte les lieux durant la décennie. L'immeuble est vendu à une autre compagnie de thé, montréalaise cette fois-ci : la London House Products Ltd. Propriétaire et seule occupante des lieux pendant près de 45 ans, la London House Products Ltd s'allie en 1984 au groupe Aliments Unigesco Inc. à la suite de fusions d'entreprises. Le magasin-entrepôt est vendu deux ans plus tard, puis transformé en immeuble de bureaux. 

",1911,1912,-73.5543,45.5044
0040-52-4206-00,Magasin-entrepôt Frederick-Francis-Mullins,magasin-entrepôt,121,121-123,rue,123,de la,Commune,Ouest,Ville-Marie (Montréal),,1853,,-73.5541,45.5038
0040-52-4821-00,Immeuble Francis-Mullins,non applicable,109,109-119,rue,119,de la,Commune,Ouest,Ville-Marie (Montréal),,1852,1853,-73.554,45.5039
0040-52-4891-01,Magasin-entrepôt Racine,magasin-entrepôt,60,60,rue,60,,Saint-Paul,Ouest,Ville-Marie (Montréal),"En avril 1885, George B. Burland fait l'acquisition d'un lot dans le quartier Centre auprès du shérif du district de Montréal. On y trouve alors un magasin sur la rue Saint-Paul datant de 1859 et un entrepôt sur la rue des Commissaires. Ces bâtiments sont réduits en cendres lors d'un incendie en mars 1886. Burland commande peu après la construction d'un magasin-entrepôt de quatre étages à l'architecte John James Brown. Le bâtiment est complété à la fin de 1886 ou au début de 1887. 

Le magasin-entrepôt est d'abord loué à la R. Henry Holland & Co., un grossiste de &laquo;&nbsp;nouveautés&nbsp;&raquo; (<i>fancy goods</i>) qui vend entre autres des jouets, des objets de porcelaine, de la papeterie et des articles de toilette. En 1893, il est remplacé par le marchand Alphonse Racine, un grossiste de tissus et d'articles de mercerie (<i>dry goods</i>) qui occupait jusque-là l'immeuble voisin (magasin-entrepôt Esprit-Généreux). Burland vend le bâtiment à son locataire en 1900. Pour la compagnie d'Alphonse Racine, il s'agit de la première d'une série d'acquisitions immobilières dans ce quadrilatère.

La compagnie Alphonse Racine ltée utilise le bâtiment jusqu'en 1933, année où elle fusionne avec deux autres compagnies pour former la firme Greenshields, Hodgson, Racine Limited. Cette compagnie occupe le magasin-entrepôt jusqu'à la fin des années 1960. En 2003-2004, l'immeuble est recyclé en condominiums. 
",1886,1887,-73.5539,45.5047
0040-52-4891-03,Magasin-entrepôt Alexandre-Roy,magasin-entrepôt,66,66,rue,66,,Saint-Paul,Ouest,Ville-Marie (Montréal),"En 1853, la maison Galarneau et Roy, des marchands de <i>dry goods</i> (tissus, articles de mercerie et produits divers), acquiert du shérif de Montréal une propriété sur laquelle on retrouve une maison. Selon toute vraisemblance, on démolit la maison au début de l'année suivante puis on entame peu après la construction d'un magasin-entrepôt de trois étages. Le bâtiment aurait été terminé dès l'été 1854. 

En 1854-1855, l'immeuble est occupé par l'encanteur Jean Dominique Bernard et des grossistes en quincaillerie. Galarneau et Roy vendent l'immeuble dès 1858 à Alexandre Roy, un marchand de la paroisse de Saint-Joseph-de-Soulanges. Dans les années 1860, Roy loue des locaux aux marchands et manufacturiers de papier Angus, Logan and Company, les lointains ancêtres de la compagnie Domtar.

En 1919, on agrandit considérablement l'immeuble en y ajoutant deux étages. À cette époque, le magasin-entrepôt Alexandre Roy est littéralement encerclé par les bâtiments du grossiste de tissus et d'articles de mercerie (<i>dry goods</i>) Alphonse Racine ltée. La succession Roy finit d'ailleurs par leur céder l'immeuble en 1928. En 1933, Alphonse Racine ltée fusionne avec deux autres compagnies pour former Greenshields, Hodgson, Racine Limited. Cette firme occupe l'immeuble jusqu'à la fin des années 1960. En 2003-2004, le magasin-entrepôt est recyclé en copropriétés.",1854,,-73.5542,45.5046
0040-52-4891-05,"Entrepôt Greenshields, Hodgson, Racine Ltd.",non applicable,65,65-71,rue,71,de la,Commune,Ouest,Ville-Marie (Montréal),"En 1933, les compagnies Greenshields Ltd., Hodgson, Sumner & Co. et A. Racine ltée se fusionnent.  Ces importantes entreprises de commerce en gros dans le domaine des tissus et de la mercerie occupent alors plusieurs édifices situés dans le quadrilatère compris entre les rues Saint-Dizier, Saint-Sulpice, Saint-Paul et des Commissaires - l’actuelle rue de la Commune - dont le 65 de la rue de la Commune.  

Le 6 mars 1963 à 20h 30, un violent incendie se déclare à cet endroit en pleine tempête de neige. Les 200 pompiers qui se rendent sur les lieux ont peine à se frayer un chemin, les camions se déplaçant avec difficulté dans les rues enneigées de Montréal.  L’incendie fait rage jusqu’à l’aube du 7 mars. Bien que les pompiers prennent toutes les précautions pour éviter que le feu ne se propage aux édifices voisins, ils ne pourront éviter que cet immeuble de la compagnie Greenshields, Hodgson, Racine Ltd. ne soit complètement détruit.  Les pertes sont estimées à 5 millions de dollars. 

La compagnie Greenshields, Hodgson et Racine Ltd. s’empresse de reconstruire cet édifice, qui date probablement du milieu XIXe siècle, en lui conservant l’allure de l’ancien bâtiment. On lui redonne un volume identique, on y reproduit le même nombre et la même dimension des anciennes ouvertures.  Le recouvrement extérieur est de pierre comme pour le bâtiment incendié. On s’assure cependant que la structure en blocs de ciment soit à l’épreuve du feu.  Moins d’un an après l’incendie de mars 1963, la compagnie entre dans le nouvel édifice dont l'apparence est assez proche de celle de l’ancien bâtiment incendié.
",1963,,-73.5539,45.5044
0040-52-5540-00,Immeuble Jean-Louis-Beaudry,indéterminé,101,101-105,rue,105,de la,Commune,Ouest,Ville-Marie (Montréal),"Copropriétaire depuis 1863 d’une auberge sise sur cet emplacement, Jean-Louis Beaudry rachète les parts de son associé et, en 1866, fait construire un immeuble de quatre étages, conçu par l’architecte Michel Laurent.

Il s'agit d'un bâtiment à l’occupation complexe où prédominent les fonctions de commerce et de bureau. La vocation du bâtiment est étroitement liée aux activités portuaires. Au moment de la construction, il y a quatre unités locatives au rez-de-chaussée, deux au sous-sol et dix unités aux étages, que des regroupements progressifs feront chuter à quatre. Au rez-de-chaussée, les premiers occupants sont les marchands de grains Louis Tourville et Joël Leduc; on y retrouve aussi le Bureau d’émigration ainsi que la compagnie Whitehall Transportation Co. Parmi les autres locataires d’origine, on note le marchand Thomas Hancock à l'étage au-dessus; le propriétaire, Jean-Louis Beaudry, y réserve également un espace pour son bureau. 

De sa construction jusqu’en 1880, le bâtiment éprouve de la difficulté à trouver des occupants stables aux étages supérieurs, mais le rez-de-chaussée et le deuxième connaissent un meilleur sort. Par exemple, certains de ces espaces sont occupés par Carbray & Routh, <i>lumber and shipping merchants</i>, entre 1871 et 1905 environ et par la Quebec Gulf Ports Steamship Co. entre 1872 et 1890 environ. Dès cette époque, les activités portuaires et maritimes jouent un rôle important dans l’évolution du bâtiment. À partir de 1900 et tout au long du XXe siècle, la fonction de bureau domine dans le magasin-entrepôt, où on retrouve aussi quelques espaces d’habitation. Depuis 1950, l’entreprise D. Cameron & Fils Inc., inspecteurs de cargaison et peseurs, occupe une partie de l'immeuble, qu'elle a acquis. 
",1866,,-73.5539,45.5041
0040-53-0844-00,Magasins de l'Hôtel-Dieu I,magasin-entrepôt,45,45-83,rue,83,,Saint-Paul,Ouest,Ville-Marie (Montréal),"Les Religieuses hospitalières de Saint-Joseph font construire cet immeuble en 1861 sur le site de leur ancien hôpital, détruit en 1860. Le bâtiment, oeuvre de l'architecte Victor Bourgeau, comprend six des dix magasins-entrepôts conçus lors de la première phase de construction des magasins de l'Hôtel-Dieu. 

L’immeuble est à peine terminé qu’on lui trouve une vocation inusitée. Par crainte d’un nouveau conflit avec ses voisins du sud &#8211; la guerre civile fait rage aux États-Unis &#8211; le gouvernement du Canada-Uni réquisitionne plusieurs bâtiments pour loger les troupes, dont la presque totalité des magasins de l’Hôtel-Dieu. Ils portent dès lors le nom de <i>Victoria Barracks</i>. 

Les troupes britanniques demeurent sur les lieux jusqu’en 1870. Les militaires partis, le manufacturier de chaussures Canadian Rubber Co. s’installe dans un magasin-entrepôt, tandis que deux autres unités sont louées à John L. Cassidy, un importateur de vaisselle, de porcelaine et de faïence (<i>china, glass, earthenware</i>). Entre 1907 et 1909, les Hospitalières font ajouter trois étages aux quatre unités de la partie ouest de l’immeuble. En 1914, on entame les mêmes travaux de rehaussement sur les deux magasins-entrepôts accolés à la rue Saint-Dizier. Les travaux terminés, la maison Cassidy’s occupe la presque totalité de l’immeuble. En 1963, après presque 100 ans d’occupation du bâtiment, elle en fait l’acquisition. 

Au milieu des années 1970, le projet des cours le Royer prend forme alors que des promoteurs proposent de recycler une bonne partie des magasins-entrepôts de l'Hôtel-Dieu en copropriétés résidentielles et commerciales. En 1977, la maison Cassidy’s vend ainsi l'immeuble à la Société immobilière des cours Le Royer, laquelle procède à sa transformation en copropriétés en 1981. La réussite du premier projet de ce genre dans le Vieux-Montréal fera école.",1861,,-73.5545,45.505
0040-53-2284-00,Magasins de l'Hôtel-Dieu V,magasin-entrepôt,405,405-411,rue,411,,Saint-Dizier,,Ville-Marie (Montréal),"En 1873, les Religieuses hospitalières de Saint-Joseph mandatent l’architecte Albert Mesnard, un  employé du bureau de l’architecte Henri-Maurice Perrault,  pour la conception de cet immeuble qui comprend trois magasins-entrepôts mitoyens. Complété en 1874, il fait partie de la troisième et dernière phase de construction des magasins de l’Hôtel-Dieu, laquelle comprend onze autres unités réalisées par  Henri-Maurice Perrault.

En 1874, les Hospitalières louent l’immeuble aux grossistes en alimentation Villeneuve & Lacaille. Avec plus de 20 000 pieds carrés de superficie, la maison de commerce dispose d’une surface gigantesque pour mener son commerce de gros. Oeuvrant sous diverses raisons sociales, pour finalement s’appeler Lacaille & Gendreau vers 1904, l’entreprise occupe les magasins-entrepôts jusqu’en 1931. Aussitôt partie, elle est remplacée par une autre firme de grossistes en alimentation : la compagnie D. C. Brosseau. Elle y demeure jusqu’en 1961 et cède sa place à l’important manufacturier de chaussures Alfred Lambert Inc. 

Au milieu des années 1970, le projet des cours le Royer prend forme alors que des promoteurs proposent de recycler une bonne partie des magasins-entrepôts de l'Hôtel-Dieu en copropriétés résidentielles et commerciales. À la fin de l’année 1975, la Société immobilière des cours Le Royer acquiert la propriété à cette fin. Les travaux débutent en 1977 et l’immeuble accueille ses premiers résidants au début de l’année 1978. Le succès des cours Le Royer influencera grandement le développement du Vieux-Montréal.",1873,1874,-73.5543,45.5054
0040-53-3985-00,Maison-magasin François-Perrin,maison-magasin,9,9-11,rue,11,,Saint-Paul,Ouest,Ville-Marie (Montréal),"Cette maison-magasin est construite en 1835. Au cours des années 1830-1831, François Perrin acquiert cet emplacement situé sur la rue Saint-Paul, enfermé de deux côtés par les clôtures des terrains de la Congrégation Notre-Dame et de l'Hôtel-Dieu, avec une maison en pierre d’un étage. Le 31 janvier 1835, Perrin conclut un marché avec Charles Larceneur, maître maçon, pour ériger une maison en pierre grise de trois étages avec, en arrière du côté est, une aile en brique de la même hauteur, le tout selon les plans des entrepreneurs Trudeau et Grenier. Une fois terminé, le bâtiment se prête à des usages multiples, selon les besoins des locataires. En 1838, par exemple, un doreur loue une partie de l’immeuble comprenant un magasin au rez-de-chaussée et un logement aux étages supérieurs, tandis que l’autre partie est utilisée par deux chapeliers associés qui n’occupent que deux magasins avec une chambre en arrière et une autre dans la cave et par un <i>gentilhomme</i> qui s’installe dans le logement en haut de huit pièces.

L'immeuble continue d’être employé à des fins commerciale et résidentielle jusqu’en 1850. Cette année-là, George Weekes, syndic de la faillite de François Perrin, vend l'immeuble à Jacob Henry Joseph qui le possèdera près de 60 ans. Pendant ce temps, la maison-magasin est essentiellement occupée par des firmes de marchands, notamment des marchands de tabac pendant vingt ans, dont l'entreprise de Joseph. Le bâtiment est vendu par la succession Joseph en 1921 à Gustave Francq, imprimeur. L'année suivante, il est loué à la Mercantile Printing Company dont Francq est le président. Cette compagnie devient propriétaire des lieux en 1957. Entre-temps, l’immeuble est agrandi : un ajout d’un étage à l’arrière recouvre entièrement la cour. Depuis 1978, une galerie et un atelier d’art graphique en est le propriétaire-occupant.",1835,,-73.5541,45.5054
0040-53-4497-00,Magasin-entrepôt Masson I,magasin-entrepôt,1,1-3,rue,3,,Saint-Paul,Ouest,Ville-Marie (Montréal),"En 1854, Edward Wilson entreprend la construction de ce magasin-entrepôt. En juillet de la même année, il vend le lot à Ann Tracey, épouse de Charles Wilson. Ce dernier est alors l'administrateur des biens de Ann Tracey puisqu'elle lui a signé une procuration générale en août 1853. C'est donc vraisemblablement lui qui poursuit et complète les travaux. Le bâtiment constitue alors l’extrémité Ouest d’une série de cinq magasins-entrepôts. Ces cinq nouveaux bâtiments remplacent plusieurs bâtiments de pierre ayant accueilli auparavant principalement des commerces, mais aussi des habitations. 

Le premier occupant du magasin-entrepôt est l’entreprise Galibert & Frères, marchands de vin et de cuir. La compagnie achète le bâtiment de Ann Tracey en 1855 et l’occupe pendant dix ans, jusqu’en 1866. Après son départ, des marchands de <i>dry goods</i> (tissus, articles de mercerie et peut-être d'autres produits) et un fabricant de souliers occupent l’espace à tour de rôle jusqu’au milieu des années 1890. Le bâtiment sera ensuite occupé durant environ soixante ans par un fabricant et marchand de brosses et balais. En 1913, les travaux entrepris après l’ouverture du boulevard Saint-Laurent vers le port permettent aux propriétaires, la famille Masson, d’y intégrer les restes du bâtiment voisin, partiellement démoli. C’est ce qui explique la présence d’un deuxième locataire, une taverne, après cette date. La taverne occupera une partie du magasin-entrepôt jusqu’au milieu des années 1960.

Dans les années 1970 et 1980, le bâtiment accueille une brasserie au rez-de-chaussée et les étages sont inoccupés. En 1991-1992, ont lieu des travaux qui transforment les étages en logements. Dans les années 1990, le rez-de-chaussée est occupé par un restaurant et les étages par trois résidences. La situation est la même en 2004.",1854,1855,-73.554,45.5055
0040-53-5827-00,Magasin-entrepôt Esprit-Généreux,magasin-entrepôt,40,40-50,rue,50,,Saint-Paul,Ouest,Ville-Marie (Montréal),"Cet immeuble est construit en 1886, vraisemblablement par l'architecte Michel Laurent. L'échevin Esprit A. Généreux achète d'abord le terrain en 1884 auprès des marchands John et Joseph Shuter. Deux ans plus tard, en mars 1886, un incendie détruit la plupart des bâtiments de la propriété. Généreux fait alors construire un nouveau magasin-entrepôt, lequel a trois étages sur la rue Saint-Paul et quatre étages sur la rue de la Commune.

Les premiers occupants sont les importateurs de vins et spiritueux Mongenais, Boivin et Cie et le grossiste de tissus et d'articles de mercerie (<i>dry goods</i>) Alphonse Racine. Leurs magasins sont sérieusement endommagés lors d'un incendie en avril 1893. Une partie des planchers s'effondre, provoquant la mort d'un pompier. 

Généreux vend l'immeuble en 1900 au grossiste de tissus, d'articles de mercerie et de produits divers (<i>dry goods</i>) Pierre-Paul Martin. En 1901, Martin engage l'architecte Alphonse Raza afin d'entreprendre un important programme de rénovations. C'est probablement à ce moment qu'on ajoute un étage à la partie de l'immeuble donnant sur la rue Saint-Paul. Vers 1909, on rehausse encore le bâtiment d'un étage, cette fois du côté de la rue de la Commune. La P. P. Martin et Cie occupe une bonne partie du magasin-entrepôt jusqu'au milieu des années 1930. En 1941, le bâtiment passe aux mains du fabricant et grossiste de chaussures Alfred Lambert Inc. Cette entreprise ou sa filiale vont occuper l'immeuble jusqu'au début des années 1980. 

Au milieu des années 1980, le bâtiment est converti en copropriétés, le rez-de-chaussée conservant toutefois sa fonction commerciale.",1886,,-73.5539,45.5049
0040-53-6443-00,Magasin-entrepôt Alfred-Larocque,magasin-entrepôt,34,34,rue,34,,Saint-Paul,Ouest,Ville-Marie (Montréal),"François Alfred Chartier Larocque fait construire en 1869 un magasin entrepôt de trois étages sur le côté sud de la rue Saint-Paul (l'édifice comporte quatre étages du côté de la rue de la Commune). L’édifice en pierre de taille sur trois côtés possède une toiture en gravier et ardoise et occupe toute la superficie du lot, contrairement au bâtiment précédent démoli quelques mois plus tôt et qui abritait deux logements au-dessus d’un commerce tenu par un marchand de vin.  Avec la construction du nouveau bâtiment, la volumétrie augmente et la fonction résidentielle disparaît.

François Alfred Larocque n’est, en 1869, que l’usufruitier du terrain, sa femme Marie Angélique Amélie Berthelet, décédée en 1856, ayant cédé par testament la nue-propriété à leurs trois enfants. Elle-même a reçu ce terrain de son père Antoine Olivier Berthelet, homme d’affaires, député, riche propriétaire foncier et époux de Marie Angélique Amélie Chaboillez. Antoine Olivier Berthelet est propriétaire du lot depuis 1823, l’ayant acquis en plusieurs transactions échelonnées sur plusieurs mois de divers membres de la famille d'Étienne Nivard Saint-Dizier.

En 1876, tous les biens hérités des Berthelet sont distribués par tirage au sort entre les trois enfants de François Alfred Larocque ; la propriété de la rue Saint-Paul revient à François Antoine Larocque. À la mort de ce dernier en 1905, la propriété est divisée à parts égales entre son fils et ses deux filles. En 1909, ces dernières achètent de leur frère sa part de 33 %, et conservent le terrain jusqu’en 1920.

François Alfred Larocque, son fils et ses trois petits-enfants n’occupent jamais cet immeuble. Le premier et seul locataire de 1870 à 1901 est le grossiste et importateur de tissus Thomas Thibaudeau and Co. (Thibaudeau Bros. Co. à partir de 1879). Cette entreprise est la propriété d'Alfred, Joseph Rosaire et Isidore Thibaudeau, hommes d’affaires, députés et sénateurs. De 1901 à 1916, l’édifice est occupé par Liddell Lespérance Co., puis par Stewart McDonald Ltd., également grossistes et importateurs de tissus.

En 1920, la famille Larocque vend la propriété à William E. McIntyre, lequel décède quelques années plus tard. En 1927, la succession McIntyre revend la propriété à la Dominion Manufacturers Ltd., un fabricant de cercueils. Le magasin entrepôt est immédiatement occupé en entier par Girard et Godin Ltée, une entreprise de Trois-Rivières spécialisée également dans la fabrication de cercueils et d’accessoires funéraires. Les liens entre le propriétaire et le locataire sont probablement très étroits, car le directeur de la Dominion Manufacturers Ltd. s’appelle H. E. Godin.

En 1970, la propriété est vendue à Alfred Lambert Ltée, une entreprise de bottes et chaussures en caoutchouc qui est déjà propriétaire des deux bâtiments adjacents et d’un troisième de l’autre côté de la rue Saint-Paul. En 1976, on retrouve comme locataire du magasin entrepôt une entreprise spécialisée dans le même domaine, soit la compagnie de bottes Acton.

La propriété est finalement vendue en janvier 1984 à Investissements Hofmusser, laquelle entreprend des travaux de rénovation non sans peine, malgré l’appui de subventions gouvernementales, et non sans changer de nom en cours de route. L’édifice est subdivisé en condominiums en août 1985, et tous vendus en quelques mois à 12 acheteurs allemands. En novembre 1988, ces derniers revendent leur condominium à une même compagnie à numéro, laquelle remet sur le marché montréalais les unités résidentielles (étages supérieurs) et les unités commerciales (rez-de-chaussée et sous-sol) actuellement occupées par des galeries d’art et des entreprises de design. Ironiquement, la disparition de la fonction d’entreposage en 1984 et son remplacement par une mixité de fonctions marque un retour à ce qui existait sur le lot avant 1869, avant la construction de l’actuel bâtiment.
",1869,,-73.5538,45.505
0040-53-7060-00,Immeuble Robert-Unwin-Harwood,non applicable,20,20-24,rue,24,,Saint-Paul,Ouest,Ville-Marie (Montréal),"Le quincaillier Robert Unwin Harwood fait construire cet immeuble en 1824-1825. Harwood achète en 1824 l'emplacement avec les ruines d'une maison et ses dépendances. Il engage Joseph Russell Bronsdon et George Cliff pour faire la charpenterie du nouvel immeuble comprenant une maison-magasin sur la rue Saint-Paul et un entrepôt longeant le côté est du lot jusqu'à la rue des Commissaires (rue de la Commune). La quincaillerie William Harwood & Company occupe la moitié est du bâtiment, alors que l'autre moitié est louée par le marchand James Connell. Une partie des étages de la maison-magasin sont occupés comme logement à l'instar de bâtiments semblables. 

Il semble que John Redpath, propriétaire de l'emplacement de 1832 à 1844, ou que le marchand Joseph Masson, propriétaire à compter de 1844, fasse rénover les façades de l'immeuble. Au milieu des années 1840, le bâtiment ne sert plus qu'au commerce et à l'entreposage. Masson y établit son magasin et ses bureaux. Il décède en 1847 et sa succession possède l'immeuble jusqu'en 1949. En 1853, une adjonction à l'angle nord-est de la rue des Commissaires et de la ruelle Saint-Dizier, construite selon les plans de l'architecte John Atkinson, vient agrandir l'immeuble. Des marchands occupent le bâtiment comme magasin et entrepôt notamment les importateurs de produits d'épicerie et de vins, D. Masson & Compagnie, pendant 37 ans. De 1912 à 1932, le bâtiment est l'hôte de l'entreprise McArthur Irvin Limited, fabricant de peinture et de vernis ainsi qu'importateur de produits chimiques. Entre 1917 et 1927, l'immeuble est agrandit pour couvrir le lot en entier et est coiffé d'un toit plat.

Le bâtiment conserve les mêmes fonctions de commerce et d'entreposage jusqu'en 1983 où il fait l'objet de travaux de restauration. Les magasins et les entrepôts sont convertis en commerces, en bureaux et en six unités de logements.     
",1824,1825,-73.5537,45.5052
0040-53-7677-01,Maison-magasin Elizabeth-Mittleberger-Platt,maison-magasin,12,12,rue,12,,Saint-Paul,Ouest,Ville-Marie (Montréal),"Élisabeth Mittleberger Platt fait construire cette maison-magasin en 1822-1823. La succession de George Platt, dont Mittleberger est l'exécutrice testamentaire, achète l'emplacement en juillet 1822, avec les ruines d'une maison et d'un entrepôt. L'entrepreneur Isaac Shay est engagé pour construire la maison-magasin et un entrepôt donnant sur la rue des Commissaires (de la Commune). La société de chimistes et d'apothicaires Joseph Beckett & Company devient la première locataire des deux bâtiments en mai 1823. L'immeuble de la rue Saint-Paul est utilisé à la fois à des fins commerciales et résidentielles : le rez-de-chaussée abrite le magasin et les étages du haut servent de logements à deux des trois associés de l'entreprise, John Jones Syms et Charles Wilson.  

Cette double vocation résidentielle et commerciale se maintient jusqu'au début des années 1860. Dans l'intervalle, le pharmacien John Carter et ses associés occupent la plus grande partie de ce bâtiment et de l'entrepôt, louant toutefois pour un temps un espace commercial dans la maison-magasin à un fabricant de brosses. Vers 1850, les bâtiments, propriété depuis 1841 d'Emma Mathilda Platt, épouse du docteur James Crawford, sont reliés par deux ailes en brique. 

L'épicier de gros Joseph Tiffin acquiert la propriété en 1862. L'entreprise familiale, connue sous le nom de Joseph Tiffin & Sons puis de Tiffin Brothers, occupe le bâtiment comme magasin et entrepôt jusqu'en 1891. Pendant plus de cinquante ans, l'immeuble est par la suite utilisé par l'entreprise William Middleton, compagnie qui après avoir œuvré dans le domaine de l'entreposage s'est spécialisée, à compter de 1917, dans la vente de paniers et d'articles en bois. 

Dès 1948, le rez-de-chaussée du bâtiment sert de restaurant. Des rénovations d'envergure sont entreprises en 1966 visant la consolidation du bâtiment. En 2004, l'immeuble abrite toujours un restaurant au rez-de-chaussée et des bureaux aux étages. 
",1822,1823,-73.5538,45.5053
0040-53-7677-02,Entrepôt Elizabeth-Mittleberger-Platt,non applicable,3,3,rue,3,de la,Commune,Ouest,Ville-Marie (Montréal),"Élisabeth Mittleberger Platt fait construire cet entrepôt en 1822-1823. La succession de George Platt, dont Mittleberger est l'exécutrice testamentaire, achète l'emplacement en juillet 1822, avec les ruines d'une maison et d'un entrepôt. L'entrepreneur Isaac Shay est engagé pour construire l'entrepôt et une maison donnant sur la rue Saint-Paul. L'entreprise de chimistes et d'apothicaires Joseph Beckett & Company devient la première locataire des bâtiments en mai 1823. L'immeuble de la rue des Commissaires est utilisé à la fois à des fins d'entreposage et de commerce.  

Le bâtiment conserve ces fonctions jusqu'au milieu du XXe siècle. Dans l'intervalle, le pharmacien John Carter et ses associés occupent d'abord l'entrepôt. Vers 1850, ce bâtiment et la maison-magasin rue Saint-Paul, propriété depuis 1841 d'Emma Mathilda Platt, épouse du docteur James Crawford, sont reliés par deux ailes en brique. L'épicier de gros Joseph Tiffin acquiert l'immeuble en 1862. L'entreprise familiale, connue sous le nom de Joseph Tiffin & Sons puis de Tiffin Brothers, occupe le bâtiment jusqu'en 1891. Pendant plus de quarante ans, il est ensuite utilisé par l'entreprise William Middleton, compagnie qui après avoir œuvré dans le domaine de l'entreposage s'est spécialisée, à compter de 1917, dans la vente de paniers et d'articles en bois. L'observateur averti, en regardant au haut de ce bâtiment, peut remarquer le pignon à palan, partie d'un système qui servait à monter les marchandises vers les étages supérieurs de l'entrepôt. 

Des rénovations d'envergure sont entreprises en 1966 visant la consolidation du bâtiment. En 2004 et depuis près de quarante ans, un restaurant et des bureaux animent l'ancien entrepôt. 
",1822,1823,-73.5535,45.5052
0040-53-7677-03,200 boulevard Saint-Laurent ,non applicable,200,200,boulevard,200,,Saint-Laurent,,Ville-Marie (Montréal),,1850,,-73.5536,45.5053
0040-53-7677-04,NULL,non applicable,NULL,NULL,NULL,NULL,NULL,NULL,NULL,Ville-Marie (Montréal),,1850,,-73.5537,45.5052
0040-54-4039-00,Édifice Salada,gratte-ciel,2,2,rue,2,,Le Royer,,Ville-Marie (Montréal),"L’édifice Salada est construit en 1917 par la Greater Montreal Land Investment Company. Il a été conçu par l’architecte Alphonse Piché.

En 1914, la Greater Montreal Land Investment Company achète un lot que la Ville de Montréal a récemment exproprié afin de prolonger le boulevard Saint-Laurent vers le port. Trois ans plus tard, la compagnie y fait construire cet immeuble, lequel sert d’entrepôt jusqu’à son achat en septembre 1920 par la Salada Tea Company. Jusqu'au début de 1921, on y aménage les bureaux, les espaces d’entreposage et les installations manufacturières de la compagnie. L’entreprise s’installe dans son nouvel édifice en février 1921.

En 1925, la Salada Tea Company commande une sculpture de Marguerite Bourgeois que l’on intègre à la façade donnant sur la rue Le Royer. L’entreprise compte ainsi souligner le rôle de la fondatrice des soeurs de la Congrégation de Notre-Dame dont le couvent s’élevait sur cet emplacement jusqu’en 1912. La Salada Tea Co. vend l’immeuble en 1952, mais elle ne le quitte qu’en 1957. Restauré au milieu des années 1980, l’immeuble compte en 2005 de nombreux espaces de bureaux, dont la moitié sont loués à des cabinets d’avocats.",1917,,-73.5541,45.5059
0040-54-4075-00,Maison Simon-McTavish,non applicable,411,411-425,rue,425,,Saint-Jean-Baptiste,,Ville-Marie (Montréal),"En 1786, Simon McTavish, « le grand marquis » du commerce des fourrures, est devenu le premier occupant de cette maison nouvellement construite par le négociant Richard Dobie. Cette nouvelle résidence, conçue « in the English taste », remplaçait une ancienne maison en pierre à un étage que Dobie avait achetée en 1780. Lors de la location par McTavish, la forme de la maison était sensiblement différente de celle qu'on voit aujourd'hui. Ce qui est actuellement une porte cochère surmontée d'un étage, était alors un passage qui séparait la maison d'une voûte (tel que nous le montre un plan de 1795), tandis que le comble de la maison était en mansarde. De plus, l'entrée principale était située au centre de la façade où se trouve actuellement une fenêtre cintrée. Selon le bail de location de McTavish, l'intérieur de la maison se composait d'une cuisine, d'une chambre des domestiques et d'un garde-manger au premier niveau ; quatre chambres avec six armoires et deux foyers de marbre formaient le rez-de-chaussée et cinq chambres étaient aménagées au deuxième étage.

McTavish y demeura comme locataire jusqu'en 1794 date de son départ pour un séjour en Grande Bretagne mais, par l'intermédiaire de son associé Joseph Frobisher, il achetait la maison l'année suivante. De retour en ville, en 1799, il engageait le maçon François Barsalou pour effectuer divers travaux y compris, semble-t-il, la transformation du passage de la cour arrière en porte cochère. Phénomène encore rare mais qui eut un impact majeur sur la morphologie de la ville au XIX<sup>e</sup> siècle, McTavish avait sa résidence sur la rue Saint-Jean-Baptiste tandis que son lieu de travail se trouvait ailleurs, dans l'ensemble immobilier que possédait McTavish, Frobisher & Company sur le quadrilatère borné par les rues Saint-Paul, Saint-Gabriel, Sainte-Thérèse et Vaudreuil.

Après le décès prématuré de McTavish en 1804, la propriété fut léguée à sa veuve Marguerite Chaboillez qui décida de ne plus y habiter. En 1855, après une série de transactions, la maison et son terrain étaient vendus par le shérif au notaire Étienne Guy qui réaménageait l'arrière cour en y faisant construire une voûte à trois étages et une écurie en brique transformée par la suite en bâtiment de chaudières. La famille Guy conserva la propriété jusqu'en 1907 alors qu'elle la vendait à la National Drug and Chemical Company. Celle-ci l'occupait déjà comme locataire, depuis au moins les années 1860 sous la raison sociale de Kerry Watson and Company ; elle fut propriétaire jusqu'au début des années 1960. L'aménagement de la maison en manufacture chimique impliqua le remplacement, quelque part entre 1914 et 1930, du comble en mansarde par un étage en brique surmonté d'un toit plat. De toute évidence l'immeuble fut abandonné entre le départ de la National Drug and Chemical Company et son acquisition par Les restaurants unis d'Amérique en 1976. Durant les années 1981-1983, cette dernière entreprise a effectué des rénovations majeures à la maison, mais on ne lui redonna pas son toit mansardé à cause du coût prohibitif d'une restauration de cette nature. Depuis ce temps-là, le bâtiment est occupé par les bureaux de diverses entreprises. Actuellement la partie sud de l'immeuble (l'ancienne voûte) abrite des logements.",1785,,-73.5541,45.5061
0040-54-5829-01,Maison Pierre-Joseph-Perrault,non applicable,3,3,rue,7,,Saint-Paul,Est,Ville-Marie (Montréal),"Tout indique que le négociant Pierre-Joseph Perrault fait construire cette maison vers 1820. Perrault acquiert l'emplacement et une maison, sans description, du partage de la succession de son père en septembre 1816. Dix ans plus tard, il loue à sa sœur Agathe la maison en brique de trois étages, incluant le rez-de-chaussée. Bien que le bâtiment ne soit vraisemblablement utilisé au départ que pour l'habitation, à compter des années 1830, il sert aussi au commerce, se conformant ainsi aux caractéristiques d'utilisation des maisons-magasins.  

Cette double vocation se poursuit au cours du XIXe siècle. Jusqu'au milieu des années 1870, des marchands et de petits fabricants, notamment de chapeaux, y tiennent leurs magasins au rez-de-chaussée et résident au-dessus. Par la suite, l'immeuble abrite jusqu'à trois locataires différents à la fois; certains y commercent, d'autres y habitent, rares sont ceux qui l'utilisent à ces deux fins. 

Au printemps 1903, Jean-Baptiste Alcide Simard, importateur de thés, de cafés et d'épices, achète l'immeuble de la succession Perrault. Son entreprise, J.A. Simard & Compagnie, l'occupe pendant plus d'un demi-siècle comme magasin, bureau et entrepôt. La compagnie utilise aussi un immeuble adjacent au nord et le bâtiment voisin à l'ouest. À partir des années 1960 et pour une vingtaine d'années, l'ensemble de trois bâtiments est animé par le commerce en gros de <i>dry goods</i> (tissus, articles de mercerie et peut-être autres produits).

À la fin des années 1990, le bâtiment fait l'objet de travaux de rénovation. Les étages sont convertis en espaces habitables. Un restaurant occupe le rez-de-chaussée en 2004. 
",1820,,-73.5538,45.5058
0040-54-5829-02,406-408 rue Saint-Jean-Baptiste ,indéterminé,406,406-408,rue,408,,Saint-Jean-Baptiste,,Ville-Marie (Montréal),NULL,1903,,-73.5539,45.5058
0040-54-5829-03,Magasin-entrepôt Masson II,magasin-entrepôt,1,1,rue,1,,Saint-Paul,Est,Ville-Marie (Montréal),"En 1854, Edward Wilson entreprend la construction de ce magasin-entrepôt. En juillet de la même année, il vend le lot à Ann Tracey, épouse de Charles Wilson. Ce dernier est alors l'administrateur des biens de Ann Tracey puisqu'elle lui a signé une procuration générale en août 1853. C'est donc vraisemblablement lui qui poursuit et complète les travaux. À l’origine, le magasin-entrepôt constitue l’extrémité Est d’une série de cinq magasins-entrepôts qui remplacent plusieurs bâtiments de pierre ayant accueilli auparavant divers commerçants et quelques habitations. Suite à l’ouverture du boulevard Saint-Laurent vers le port en 1913, trois des cinq magasins-entrepôts d’origine sont démolis, dont un partiellement. Ce magasin-entrepôt n’est pas affecté par les travaux. 

L’occupant d’origine du bâtiment est Lazure & Frères, une entreprise de <i>dry goods</i> (tissus, articles de mercerie et peut-être d’autres produits) qui occupe les lieux un an, de 1855 à 1856. Par la suite, diverses entreprises (dry goods, marchand de tabac) se succèdent dans le bâtiment. Vers 1885, une manufacture de brosses s’installe pour une trentaine d’année et partage l’espace avec d’autres compagnies qui changent assez souvent. 

Vers 1925, l’entreprise J.A. Simard & Cie, Royal Coffee and Spice Mills, s’installe dans le magasin-entrepôt. Cette entreprise du secteur alimentaire occupait depuis les années 1900 deux bâtiments voisins, le 3 St-Paul Est et le 406-408 Saint-Jean-Baptiste. L’entreprise devient propriétaire du bâtiment en septembre 1931 et l’occupe jusqu’au début des années 1960, alors qu’elle est en faillite. À partir de cette époque et pour une vingtaine d’années, le magasin-entrepôt, ainsi que les deux autres bâtiments, sont occupés par une entreprise de commerce de gros de <i>dry goods</i>. Dans les années 1980, des boutiques s’installent dans le bâtiment. À la fin des années 1990, d’importants travaux permettent la restauration de l’immeuble et la conversion des étages en espaces habitables, alors qu’une boutique occupe toujours le rez-de-chaussée.",1854,1855,-73.5539,45.5057
0040-54-6760-01,Immeuble Joseph-T.-Barrett,non applicable,407,407-409,rue,409,,Saint-Jean-Baptiste,,Ville-Marie (Montréal),,1835,,-73.5539,45.5061
0040-54-6760-02,Magasin-entrepôt Bourgouin et Duchesneau,magasin-entrepôt,21,21,rue,21,,Saint-Paul,Est,Ville-Marie (Montréal),"En mars 1889, la succession de Claude Melançon acquiert de la Banque Jacques-Cartier une propriété à l’intersection des rues Saint-Paul et Saint-Jean-Baptiste sur laquelle on retrouve une maison en pierre et des dépendances. Dans les mois suivants, les propriétaires y font entreprendre la construction d’un magasin-entrepôt dont les travaux se terminent en 1890. 

L’immeuble loge d’abord la maison de commerce Bourgouin, Duchesneau & Cie, des grossistes spécialisés dans la vente de tissus, d’articles de mercerie et de produits divers (<i>dry goods, fancy goods and small wares</i>). L’entreprise, qui occupe tous les étages, est dissoute dès la fin de l’année 1892. De 1893 à 1895, la George Bourgouin & Cie, du nom de l’un des actionnaires de la défunte société, s’installe dans l’immeuble.
 
En 1901, le quincaillier en gros Louis H. Hébert loue tout le magasin-entrepôt et son entreprise, la Louis H. Hébert & Cie, l’occupe jusqu’en 1919. Au cours de cette période, la maison de commerce utilise aussi les immeubles voisins à l’est (rue Saint-Paul) et au nord (rue Saint-Jean-Baptiste). Le magasin-entrepôt conserve une fonction commerciale jusqu’à l’arrivée, à la fin des années 1930, de la Paula Co. Limited, des fabricants de produits pharmaceutiques. En 1943, cette entreprise achète le magasin-entrepôt et ne s’en départira qu’au milieu des années 1970. Elle occupe seule le bâtiment pendant toute cette période.

Au milieu des années 1880, des travaux de restauration sont effectués. Un restaurant s’installe au rez-de-chaussée, tandis que les étages supérieurs sont convertis en logements.  ",1889,1890,-73.5538,45.506
0040-54-6760-03,Magasin-entrepôt Marie-Joséphine-Brault-Pomminville,magasin-entrepôt,25,25,rue,25,,Saint-Paul,Est,Ville-Marie (Montréal),,1856,,-73.5537,45.506
0040-54-6760-04,Magasin-entrepôt Louis-Joseph-Béliveau,magasin-entrepôt,27,27-29,rue,29,,Saint-Paul,Est,Ville-Marie (Montréal),,1860,,-73.5536,45.5061
0040-54-8179-00,Maison-magasin Macdonell-Holmes,maison-magasin,37,37-39,rue,39,,Saint-Paul,Est,Ville-Marie (Montréal),"Cette maison-magasin est construite en 1835 à la demande des marchands de <i>dry goods</i> (tissus, articles de mercerie et peut-être autres produits) Macdonell Holmes & Company. En 1832, les associés de l’entreprise acquièrent un emplacement avec une maison et dépendances qu’ils occupent depuis plusieurs années. Au printemps 1835, ils font appel aux architectes Thompson and Parry pour concevoir cette maison-magasin de trois étages, incluant le rez-de-chaussée. L’entreprise occupe les lieux jusqu’en 1839. À l’instar des autres maisons-magasins, cet immeuble est à l’origine vraisemblablement conçu pour servir à des fins commerciales et résidentielles. Bien qu’aucune source ne peut confirmer que tel est le cas dans les premières années suivant sa construction, les rôles fonciers de la fin des années 1840 confirment que ces deux fonctions s’y côtoient. 

Le commerce de la quincaillerie est la principale activité exercée dans ce bâtiment jusqu’à la fin des années 1940. Deux compagnies marquent particulièrement son histoire. L’entreprise de Joseph N. Hall s’y installe de 1847 à 1853 comme locataire et jusqu’en 1865 à titre de propriétaire. Au cours de cette même période la fonction résidentielle perd de son importance pour disparaître complètement. De 1900 à 1945, la Letang Hardware Company Limited occupe le bâtiment que son fondateur et président, Anselme Letang, achète en 1921. C’est à cette époque que l’immeuble est augmenté de deux étages en brique. 

Vendu en 1948 par la veuve Letang à des marchands de fer, le bâtiment change de vocation au milieu de la décennie suivante et devient l’hôte de restaurants. L’immeuble fait l’objet de rénovations en 1986. En 2004, un restaurant occupe toujours le premier (rez-de-chaussée) et le second étage, alors que les autres étages abritent à nouveau des logements.",1835,,-73.5536,45.5062
0040-54-9832-00,20-22 rue Saint-Paul Est,non applicable,20,20-22,rue,22,,Saint-Paul,Est,Ville-Marie (Montréal),"La construction de cet immeuble fut rendue possible grâce au prolongement de la rue Saint-Jean-Baptiste entre les rues Saint-Paul et de la Commune. La Ville avait acheté la propriété en 1841 et, après avoir fait démolir l'ancienne maison en pierre à deux étages et avoir retiré le terrain nécessaire pour la rue, elle revendait le reste du lot, avec des coins arrondis à un rayon de huit pieds, au médecin Archibald Hall en 1843. Ce dernier faisait construire l'immeuble actuel à partir de mai 1846, comme nous l'indique l'acte de commutation de la propriété enregistré en 1847. Immeuble ayant des entrées sur les rues Saint-Paul et de la Commune, il se prêtait à diverses fonctions. Cependant, pendant la crise de la fin des années 1840, Hall eut des difficultés à trouver un occupant pour le magasin principal, qui demeura vacant pendant deux ans avant d'être loué à la Mead Brothers & Company, manufacturiers de pianofortes et prédécesseurs de la manufacture de Thomas Hood. Mis à part ce commerce on y trouvait le cordonnier Pierre Larue qui s'y installa pendant quatre ans dès le parachèvement de la bâtisse et, sur le côté du fleuve, une auberge.

Hall conserva son nouvel édifice durant seulement cinq années à la fin desquelles il vendait la propriété à sa fille majeure Elizabeth Ferguson. La nouvelle propriétaire décéda en 1857 et ses héritiers disposèrent du bien en 1860 en faveur de Louis Marchand, un grossiste en marchandises sèches qui occupait les lieux depuis 1852. Devenu clerc adjoint de la cour d'appel, Marchand cessait d'occuper l'immeuble et le louait à d'autres marchands, surtout des importateurs. En 1876, le notaire et conseiller législatif Louis Archambault acquerrait la propriété et sa famille en demeura propriétaire jusqu'en 1945. Pendant ces quelques 70 années, la vocation de l'édifice changea plusieurs fois : dans les années 1880 et 1890, les occupants furent actifs dans le commerce ou la transformation du cuir, tandis qu'à la fin du siècle on y retrouva le Catholic Sailors' Club et quelques années plus tard l'hôtel et le music-hall Jubilee. Vers 1910 sa fonction changea encore avec l'établissement du manufacturier de cigares, Z. Davis & Company, compagnie qui occupa les lieux jusqu'aux années 1930. 

Acquis par le marchand Arthur Rosenberg en 1945, l'immeuble demeura sa propriété et celle de ses héritiers jusqu'en 1994. Il semble que, entre 1960 et 1980, l'immeuble n'ait pas retenu ses occupants très longtemps ; un important roulement de commerces et de nombreuses absences d'inscriptions dans l'annuaire Lovell en témoignent. Depuis quelques années on y retrouve des restaurants aux niveaux des rues Saint-Paul et de la Commune et des bureaux et résidences aux étages supérieurs.",1846,,-73.5533,45.5058
0040-55-0520-00,Immeuble Evans and Sons,non applicable,442,442,rue,442,,Saint-Gabriel,,Ville-Marie (Montréal),,1901,1902,-73.5545,45.5066
0040-55-2874-00,Édifice Ernest-Cormier,non applicable,100,100,rue,100,,Notre-Dame,Est,Ville-Marie (Montréal),"Cet édifice est construit entre 1922 et 1926 selon les plans des architectes Louis-Auguste Amos, Charles J. Saxe et Ernest Cormier. Il s’agit du premier contrat d’importance de ce dernier depuis son retour d’études à Paris. Peu après son décès, en 1980, son nom sera donné à l’édifice afin de marquer l’importance de cet architecte dans la société québécoise.

Le projet est lancé en février 1920 lorsque le gouvernement du Québec sanctionne une loi sur la construction d’une deuxième &laquo;&nbsp;annexe&nbsp;&raquo; au palais de justice de Montréal. Vieux de près de 75 ans, le palais de justice alors en fonction ne suffit plus aux besoins d’une métropole en pleine expansion. De plus, n’étant pas à l’épreuve du feu, il met en péril les précieuses archives judiciaires qui s’y trouvent. Pour la construction du nouvel édifice, le gouvernement exproprie le quadrilatère situé en face du palais de justice, créant ainsi un des plus grands chantiers montréalais de l’époque. Une vingtaine d’immeubles sont détruits. Les travaux débutent en janvier 1922 et se poursuivent jusqu’en 1926. Le nouvel édifice est relié au Vieux palais de justice par un tunnel sous la rue Notre-Dame.

À son inauguration, cet édifice compte des cours de justice avec salles d’audience, des dortoirs pour les jurés, des bureaux de ministres et des locaux pour la police et les prisonniers. Des chambres pour les juges et les avocats de la Couronne ainsi que des bureaux d’enregistrement y sont aussi aménagés. 

En 1972, après la mise en fonction d’un nouveau palais de justice, les locaux de l’annexe se libèrent. Les Archives nationales du Québec s’y installent de 1974 à 1987 et les conservatoires de musique et d’art dramatique de 1975 à 2001 Suite aux travaux de restauration effectués en 2002, l’édifice abrite la cour d’appel.",1922,1926,-73.5542,45.5071
0040-55-3402-01,Maison Clément-Sabrevois de Bleury,non applicable,428,428-430,rue,430,,Saint-Gabriel,,Ville-Marie (Montréal),"En 1912, la Librairie Beauchemin est installée à cet endroit.  Il s’agit des derniers édifices à être intégrés au complexe de la rue Saint-Gabriel par la Librairie Beauchemin Limitée.  Celle-ci y a rehaussé la façade d’un étage et y a remplacé un toit à deux versant par un toit plat dont nous voyons encore la marque sur l’édifice voisin.  Lorsque Beauchemin déménage en 1964, l’auberge Le Vieux Saint-Gabriel s’y installe et, en 1969, ces deux édifices sont en pleine restauration.  L’auberge Le Vieux Saint-Gabriel rend apparente la pierre et recrée les anciennes ouvertures et la toiture en s’inspirant des photos datant de 1890. ",1747,,-73.5543,45.5065
0040-55-3402-02,426 rue Saint-Gabriel ,indéterminé,426,426,rue,426,,Saint-Gabriel,,Ville-Marie (Montréal),"Malgré ses apparences anciennes, cet édifice est construit en 1972 pour s’harmoniser avec les autres bâtiments de l’auberge Le Vieux Saint-Gabriel.  Les matériaux et le style imitent les bâtiments voisins que l’on restaure à la fin des années 1960 (le 428-430 de la rue Saint-Gabriel).",1972,,-73.5541,45.5064
0040-55-3402-03,420 rue Saint-Gabriel ,indéterminé,420,420,rue,420,,Saint-Gabriel,,Ville-Marie (Montréal),"Ce bâtiment fait partie d’une ensemble occupé par l’auberge Le Vieux-Saint-Gabriel.  Il est situé sur le site de la Librairie Beauchemin qui s’est installée à cet endroit en 1868 ( Beauchemin et Valois).

En 1972, on entreprend des travaux importants sur l’édifice du 420 qui se situent dans la lancée de revitalisation de cet ensemble qui commence à la fin des années 1960 moment où plusieurs projets sont mis sur la table à dessin et les propriétaires pensent reproduire, pour cet édifice, une maison &laquo;&nbsp;traditionnelle&nbsp;&raquo; au-dessus des fondations existantes.  On leur ajouterait alors un étage supplémentaire, un mur coupe-feu et un toit à deux versants.  Ce projet ne sera jamais réalisé. 

L’édifice actuel est en réalité la structure passablement perturbée d’une partie d’un bâtiment plus ancien.  Il témoigne d’interventions multiples de la part des propriétaires successifs. C’est pour cela qu’il est difficile de parler d’une construction neuve, mais tout aussi difficile de parler d’un bâtiment ancien. Toutefois, nous avons retenu 1972 comme date de construction, puisque ce que nous voyons aujourd’hui est le fruit d’une intervention majeure au cours de cette année-là, intervention qui vient changer complètement l’apparence et l’utilisation du bâtiment.  En effet, l’édifice Beauchemin de quatre étages qui s’élèvait à cet endroit depuis le début du  20e siècle est démoli dans sa presque totalité. Seuls subsistent les murs latéraux en moellon ainsi que le demi sous-sol en façade avec les soupiraux et la porte donnant sur la rue. Pour ce qui est du mur de façade du premier étage, soit qu’il a été complètement refait, soit que l’on s’est servi de ce qui restait de la structure de pierre pour remodeler les ouvertures des fenêtres en leur donnant des proportions qui se rapprochent de celles recréées aux 428 et 430 de la rue Saint-Gabriel. Somme toute, on peut dire qu’il s’agit d’une intervention récente sur des vestiges d’éléments disparates anciens.
",1972,,-73.5539,45.5064
0040-55-7636-00,Entrepôt de la Compagnie du Nord-Ouest,non applicable,94,94,rue,94,,Sainte-Thérèse,,Ville-Marie (Montréal),"À la fin du XVIIIe siècle, la société McTavish, Frobisher & Company, qui contrôle la Compagnie du Nord-Ouest, acquiert la plupart des lots compris dans le quadrilatère formé des rues Saint-Paul, de Vaudreuil, Sainte-Thérèse et Saint-Gabriel. C'est ainsi qu'en 1796, la propriété de Antoine Janson dit Lapalme, sur laquelle se trouvait une maison de pierre, est achetée par Joseph Frobisher. À la suite de cette acquisition, McTavish, Frobisher & Company semble avoir fait reconstruire la maison en lui donnant des dimensions plus imposantes. Vers 1808, les propriétaires, désormais connus sous le nom de McTavish, McGillivrays & Company, font ériger une voûte en pierre dans la cour arrière.  

En 1825, McTavish, McGillivrays & Company font faillite et dix ans plus tard la propriété est vendue par le shérif. Vers 1850, l'épicier Joseph Tiffin devient propriétaire de ce lot et de celui de la rue Saint-Paul s'y adossant. Sa famille conserve le tout jusqu'en 1905. À partir des années 1860, la famille cesse toutefois d'habiter la maison qui devient un entrepôt, soit à l'usage de son commerce, soit à l'usage d'autres marchands. Quelque part entre 1850 et 1879, la maison est agrandie jusqu'à la voûte : l'entrepôt occupe alors toute la superficie du terrain. 

En 1905, Héliodore Fortier, un manufacturier de tabac, achète la propriété. Entre 1915 et 1930, il fait rehausser l'entrepôt d'un troisième étage en brique et loue le bâtiment à des entreprises. En 1944, les héritiers Fortier vendent la propriété au grossiste en marchandises de luxe, Duchesneau et Trudeau, alors propriétaire du restant du quadrilatère. Cette entreprise conserve les titres de la propriété jusqu'en 1978. Le bâtiment a depuis été transformé en condominiums. ",1796,,-73.5536,45.5067
0040-55-8110-01,Édifice Duchesneau-Trudeau I,non applicable,79,79,rue,79,,Saint-Paul,Est,Ville-Marie (Montréal),"Cet édifice, le plus ancien de l'ensemble Duchesneau-Trudeau, est construit au printemps 1910 d'après les plans de l'architecte Cajétan Dufort. Il se trouve sur un terrain acheté en mars 1909 de la succession Simon Valois, important propriétaire foncier de son époque. Un petit bâtiment est alors érigé sur la rue Saint-Paul, probablement de deux ou trois étages, avec porte cochère et ne couvrant que la partie avant du lot. Tous les hangars, écuries et autres dépendances à l'arrière ont été démolis quelques années plus tôt. Le vieux bâtiment, occupé depuis 1905 par le grossiste et importateur de thé et café Edward D. Marceau, est démoli en 1909 et les travaux de construction débutent aussitôt. 

Le nouveau bâtiment de sept étages est terminé durant l'année 1910. Les propriétaires constructeurs, les frères Joseph et Magloire-Edmond Duchesneau, l'occupent entièrement. Ils y installent les bureaux et les salles de montre de leur florissante entreprise d'importation, la Compagnie Duchesneau & Duchesneau Ltée. L'entreposage de la marchandise se fait surtout dans de vieux bâtiments situés sur le lot voisin acquis en juillet 1909 (voir l'édifice Duchesneau-Trudeau III). D'ailleurs, l'un de ces vieux bâtiments passe au feu en janvier 1913, et la fumée ainsi dégagée endommage légèrement l'intérieur de l'immeuble Duchesneau-Trudeau I. La propriété est vendue en 1978, en même temps que tout l'ensemble Duchesneau-Trudeau. Ce n'est qu'en 1985 que l'immeuble subit des modifications importantes alors que son propriétaire procède à des rénovations majeures sur tous les bâtiments du quadrilatère.
",1910,,-73.5535,45.5064
0040-55-8110-02,Édifice Duchesneau-Trudeau III,non applicable,81,81,rue,81,,Saint-Paul,Est,Ville-Marie (Montréal),"Cet édifice est construit par Duchesneau-Trudeau Ltée vers 1938 et occupe un lot appartenant à l'entreprise depuis juillet 1909. Sur ce terrain se trouvait un immeuble commercial en pierre de trois étages et demie et un entrepôt construit en 1913 à l'arrière du lot. Vers 1938, Duchesneau-Trudeau Ltée fait démolir tous les bâtiments et fait appel aux architectes R. R. Tourville et Lucien Parent pour la conception de l'actuel magasin-entrepôt de sept étages. L'entreprise occupe entièrement l'immeuble jusqu'à la vente de tout l'ensemble en 1978. Le bâtiment est rénové vers le milieu des années 1980 et fait l'objet d'un recyclage en copropriétés commerciales au rez-de-chaussée et copropriétés résidentielles aux étages supérieurs. ",1938,,-73.5534,45.5065
0040-55-8110-03,Édifice Duchesneau-Trudeau II,non applicable,415,415,rue,415,,Saint-Gabriel,,Ville-Marie (Montréal),"Ce bâtiment construit par la compagnie Duchesneau-Trudeau Ltée est érigé sur un terrain acquis en 1938. La compagnie fait d'abord démolir un bâtiment de quatre étages, qui a longtemps été utilisé comme manufacture de bottes et souliers, puis, probablement durant l'année 1938, fait construire un immeuble de deux étages avec sous-sol où elle y aménage ses services de réception et d'expédition.

En 1940, Duchesneau-Trudeau Ltée achète les deux bâtiments adjacents. Ceux-ci, en pierre et à toit mansardé, servent alors de maison de chambres : le premier, haut de quatre étages et demi, était connu avant 1920 sous le nom de « Hôtel Canada » ; le second, haut de trois étages et demi, fut occupé en 1865 et 1866 par l'Institut Canadien. Ils sont aussitôt démolis pour faciliter le mouvement des camions de livraison vers le nouveau bâtiment de la réception-expédition. 

L'édifice Duchesneau-Trudeau II est vendu en 1978 en même temps que les autres immeubles de l'ensemble Duchesneau-Trudeau. Il est complètement transformé au milieu des années 1980 alors qu'il est recyclé en copropriétés commerciales. 

",1938,,-73.5536,45.5066
0040-55-8865-01,Maison Rolland,non applicable,110,110,rue,110,,Sainte-Thérèse,,Ville-Marie (Montréal),,1815,,-73.5534,45.5071
0040-55-8865-02,Entrepôt Hudon et Orsali,non applicable,110,110,rue,110,,Sainte-Thérèse,,Ville-Marie (Montréal),"Les grossistes en alimentation Hudon & Orsali font construire cet entrepôt en 1912 selon les plans de l'architecte Joseph-Ovide Turgeon. Pour Hudon & Orsali, il s'agit d'un agrandissement, puisque la compagnie possède l'immeuble mitoyen qui donne sur la rue Saint-Paul. 

Le président de Hudon & Orsali, Albert Hudon, fait l'acquisition de la propriété en 1911. Le site comprend à ce moment des bâtiments ayant été reliés à la fin du XIXe siècle. L'imprimeur et libraire Jean-Baptiste Rolland fils avait pu profiter de cet aménagement en y installant la Compagnie d'Imprimerie Moderne dès 1901. Tous les bâtiments de cet ensemble sont démolis, à l'exception des murs d'une maison du début du XIXe siècle que l'on intègre dans le nouvel entrepôt. 

Au début des années 1950, Hudon & Orsali &#8212; qui prendra éventuellement le nom de IGA &#8212; vend ses entrepôts à la Société coopérative fédérée des agriculteurs du Québec. L'immeuble reste associé à sa fonction d'origine jusqu'aux années 1980 en servant principalement d'entrepôt frigorifique. Au début des années 1990, on effectue d'importantes rénovations permettant sa transformation en immeuble de bureaux. En 2001, l''immeuble loge des organismes voués à l'amélioration de la condition des femmes et porte le nom de maison Parent-Roback. 
",1912,,-73.5535,45.507
0040-56-3534-00,Édifice de La Sauvegarde,gratte-ciel,150,150-152,rue,152,,Notre-Dame,Est,Ville-Marie (Montréal),"En 1914, la compagnie d'Assurance-Vie La Sauvegarde inaugure son nouveau siège social, un immeuble de dix étages situé sur la rue Notre-Dame est. Le projet de construction a nécessité, en 1912, la démolition de quelques bâtiments dont deux petites maisons de pierre qui avaient été utilisées comme magasin au XIXe siècle. Les architectes Saxe & Archibald conçoivent un immeuble qui souligne la réussite de l'entreprise canadienne-française fondée par Guillaume-Narcisse Ducharme en 1901.

La Sauvegarde occupe le 7e étage ainsi qu'une partie du 8e étage de l'immeuble durant plus de 60 ans. La proximité du Palais de justice influence grandement la nature des occupants : en 1915, on compte en effet 13 cabinets d'avocats et cinq bureaux de notaires sur la trentaine de locataires présents. Mise à part la présence du C.P.R. Telegraph qui occupe des bureaux au rez-de-chaussée, la clientèle de l'immeuble est presque exclusivement composée de sociétés canadiennes-françaises. 

Absorbée par le Mouvement Desjardins en 1962, La Sauvegarde vend l'immeuble en 1974 et le quitte en 1976 pour s'installer au Complexe Desjardins. La vente de l'immeuble et l'ouverture du nouveau Palais de justice coïncident avec un changement de clientèle : le nombre de bureaux d'avocats diminue et ils sont remplacés par des entreprises non reliées au domaine juridique. Dans les années 1980, l'immeuble a fait l'objet de travaux de rénovation.",1912,1913,-73.5541,45.5076
0040-56-3653-00,Maison Jean-Baptiste-Guillon-Duplessis,maison urbaine façon Nouvelle-France,160,160,rue,160,,Notre-Dame,Est,Ville-Marie (Montréal),"En 1803, un incendie touche durement ce quartier, détruisant l'ancien ensemble conventuel des jésuites (converti en prisons et en église anglicane sous les Britanniques), l'hôtel Vaudreuil, qui abrite le collège de Montréal, et plusieurs résidences privées. La propriété de Jean-Baptiste Guillon dit Duplessis est épargnée de ces ravages. Vers la fin des années 1800, il profite cependant de la revitalisation du quartier occasionnée par la construction du palais de justice sur le terrain des jésuites et de l'établissement du Marché Neuf sur l'ancien terrain du collège. Possédant déjà une maison de pierre à deux étages à l'angle sud-est des rues Notre-Dame et Saint-Vincent, il en ajoute deux autres en direction est. La deuxième, celle située le plus à l'est est la seule encore debout aujourd'hui. Cette dernière est érigée en 1811 par le maçon Nicolas Morin, mais on ignore l'identité de son premier occupant. Combinant magasin et résidence, la bâtisse est conçue essentiellement dans le but de rapporter des revenus à la famille Guillon.

Après le décès de Guillon, son épouse Marie-Louise Rebou lègue l'immeuble à leur fille Marie-Archange, la future épouse de Joseph-Félix Larocque. Cette dernière demeure propriétaire jusqu'en 1852, alors qu'elle vend la bâtisse à la Corporation épiscopale catholique romaine de Montréal. Bien qu'une tradition insiste sur le fait que le libraire Édouard-Raymond Fabre ait occupé la maison pendant les années 1820 et 1830, comme l'atteste un bail de 1830, la maison et la librairie de Fabre se trouvent dans l'ancien bâtiment contigu à l'est, sur le site de l'actuel 164 rue Notre-Dame est. En effet, de 1824 à 1829 au moins, c'est l'épicier James Ferrier, débutant alors sa carrière de commerçant, qui s'y établit. Entre 1842 et 1861, on y retrouve le commerce de marchandises sèches de Jean-Louis Beaudry. Beaudry, maire de Montréal à plusieurs reprises à partir de 1862, avait orné ses contrevents de barres diagonales, l'une blanche, l'autre bleue. Durant toutes les années où il occupe l'édifice, son entreprise est connue sous l'appellation du «&nbsp;magasin aux contrevents barrés&nbsp;». À partir de 1854, Beaudry partage les lieux avec l'horloger Joseph White, et ce jusqu'en 1873. 

En 1881, Mélina Desautels, épouse de Louis Dupuy, achète la maison qu'elle revend 31 ans plus tard à la compagnie d'assurance-vie La Sauvegarde. Durant toute cette longue période et jusqu'en 1940, une série de locataires, commerçants, barbiers, aubergistes et restaurateurs, s'y succèdent. En 1940, après la restauration de la façade par La Sauvegarde, le restaurant Au Coq d'Or s'y établit. Il occupe la maison jusqu'en 1963. L'année suivante La Sauvegarde adhère au mouvement de revalorisation du Vieux-Montréal et s'engage dans un projet de restauration de la maison. Converti en centre d'art dès 1965, le bâtiment accueille de nombreuses expositions d'artistes québécois avant de fermer ses portes en 1977. Entre 1975 et 1996 la Société immobilière Ravam est propriétaire et doit veiller à sa restauration à la suite d'un incendie en 1985. ",1811,,-73.5542,45.5078
0040-56-4363-00,164 rue Notre-Dame Est,non applicable,164,164,rue,164,,Notre-Dame,Est,Ville-Marie (Montréal),,1988,,-73.5541,45.5078
0040-56-4577-00,Maison Antoine-Mallard,non applicable,174,174-176,rue,176,,Notre-Dame,Est,Ville-Marie (Montréal),,1810,1812,-73.554,45.508
0040-56-5369-00,Maison-magasin François-Xavier-Beaudry,maison-magasin,456,456-460,place,460,,Jacques-Cartier,,Ville-Marie (Montréal),,1836,,-73.5539,45.5079
0040-56-6026-00,Hôtel Richelieu,non applicable,443,443,rue,443,,Saint-Vincent,,Ville-Marie (Montréal),,1858,,-73.5539,45.5075
0042-70-5676-01,Église St Brigide,Édifice de culte,1151,1153,rue,1153,,Alexandre-DeSève,,Ville-Marie (Montréal),,NULL,NULL,-73.551593, 45.520581
0042-70-5676-02,Presbytère de l'église St Brigide,Édifice religieux,1151,1151,rue,1151,,Alexandre-DeSève,,Ville-Marie (Montréal),,NULL,NULL,-73.551333, 45.520363
9942-95-4131-01,École Sacré-Coeur annexe,École,2040,2040,rue,2040,,Alexandre-DeSève,,Ville-Marie (Montréal),,1892,1893,-73.561298, 45.524481
9942-83-5409-01,Marché Saint-Jacques,Halle d'exposition,2023,2023-2039,rue,2039,,Amherst,,Ville-Marie (Montréal),,NULL,NULL,-73.563395, 45.520669
9942-70-8433-01,Bain Généreux,indéterminée,2050,2050,rue,2050,,Amherst,,Ville-Marie (Montréal),,1926,1927,-73.563729, 45.520209
0041-03-3088-01,Église Saint-Jacques,Édifice de culte,1280,1455,rue,1280,,Saint-Denis,,Ville-Marie (Montréal),,1858,1860,-73.561042,45.514214
9839-75-0006-01,Appartements <i>Bishop Court</i>,Immeuble de rapport,1463,1463,rue,1463,,Bishop,,Ville-Marie (Montréal),,1904,1905,-73.577684, 45.497430
9940-30-2865-01,Manège du régiment Maisonneuve,Édifice militaire,691,691,rue,691,,Cathcart,,Ville-Marie (Montréal),,NULL,NULL,-73.569586, 45.502493
9940-53-8482-01,Église du Gesù,Édifice de culte,1200,1202,rue,1202,,de Bleury,,Ville-Marie (Montréal),,1864,1865,-73.566117, 45.505444
9940-57-5840-01,Banque Dominion,Banque,1401,1401,rue,1405,,de Bleury,,Ville-Marie (Montréal),,1927,0,-73.566995, 45.506516
9940-44-6397-01,Théâtre Impérial,Théâtre / auditorium / cinéma,1420,1428-1432,rue,1432,,de Bleury,,Ville-Marie (Montréal),,1913,0,-73.567847, 45.506375
0042-18-9251-01,Communauté latino-américaine Notre-Dame-de-Guadeloupe,Édifice de culte,2015,2015,rue,2015,,Dorion,,Ville-Marie (Montréal),,NULL,NULL,-73.558445, 45.527518
9939-46-8959-01,Archevêché de Montréal,indéterminée,1071,1071-1085,rue,1071,de la,Cathédrale,,Ville-Marie (Montréal),,NULL,NULL,-73.567936, 45.498693
9939-47-0914-01,Cathédrale Marie-Reine-du-Monde,Édifice de culte,1000,,boulevard,1000,,René-Lévesque,Ouest,Ville-Marie (Montréal),,NULL,NULL,-73.568236,45.499197
0040-56-6856-01,Hôtel Riendeau,non applicable,452,452-454,place,454,,Jacques-Cartier,,Ville-Marie (Montréal),"Construit par Joseph Roy de 1852 à 1853 sur les ruines d'une ancienne auberge, ce bâtiment de quatre étages en pierre de taille est aussitôt occupé par l'hôtel Saint-Nicolas. Loué de 1862 à 1869 comme mess des Grenadiers (St. Nicolas Hall), il connaît par la suite diverses affectations: auberge, bureaux de professionnels, École des Arts et Design.

En 1879, l'immeuble est intégré à l'hôtel Richelieu de la rue Saint-Vincent, tenu par Isidore Brien dit Durocher. Après une faillite en 1890, la partie de l'hôtel située sur la place Jacques-Cartier passe aux mains de Joseph Riendeau et prend le nom de son nouveau propriétaire. En 1902, la propriété est vendue par Rouer Roy, le fils de Joseph Roy, et le fonds de commerce est acheté par Joseph Arthur Tanguay. De 1902 à 1910, l'hôtel Riendeau occupe également trois étages de l'immeuble adjacent (444-448 place Jacques-Cartier).

Malgré un incendie en janvier 1912, les activités se poursuivent jusqu'en 1922, date à laquelle le commerce est vendu à Hermas Gariépy et adopte le nom d'Hôtel Iroquois. Un cinquième étage est alors ajouté au bâtiment. En 1928, la famille Gariépy acquiert le terrain et l'immeuble.

La propriété en entier est vendue en 1943 et l'hôtel prend le nom de Taft. Il redevient l'Hôtel Iroquois quand, en 1968,  Léo Ruelland, déjà propriétaire de l'hôtel voisin le Plaza (444-448 place Jacques-Cartier), l'achète. Dorénavant, les deux lots connaissent une propriété commune. En 1984, la fonction d'hôtellerie cesse et l'immeuble, rénové en bureaux, est loué à divers ministères du gouvernement du Québec.",1852,1853,-73.5538,45.5078
0040-56-6856-02,Immeuble Berthe-Hurtubise,non applicable,444,444-448,place,448,,Jacques-Cartier,,Ville-Marie (Montréal),"Au printemps 1837, l’aubergiste Séraphino Giraldi décide de moderniser la maison en pierre de deux étages qu’il a tout récemment acquise des héritiers Parthenais. Il fait rehausser le bâtiment d’un étage, démolir et reconstruire la façade en pierre de taille. Deux adjonctions en brique liant la maison-magasin à un entrepôt en pierre dans la cour sont aussi ajoutées. L’immeuble, qui prend les traits d’une maison-magasin, est destiné au commerce et à l’habitation. Les commerçants Céclestin Beausoleil et Joseph-Antoine Bourdon sont les premiers locataires de la moitié nord du rez-de-chaussée et du second étage, alors que le marchand Robert Kirkup occupe le magasin du côté sud du rez-de-chaussée. Il semble que Giraldi ait occupé une partie des étages au profit de son auberge située sur le lot voisin au sud. 

L’immeuble est occupé au cours du XIXe siècle par des commerçants et des artisans, notamment des épiciers, des aubergistes, des cordonniers et des ferblantiers, qui y établissent leur magasin et parfois leur résidence. Des commis, des journaliers et des veuves louent aussi des logements aux étages. La succession Giraldi vend la maison-magasin à Marie-Mathilde Roy, épouse de John Pratt, en 1874. C’est probablement cette dernière qui fait réunir la maison-magasin et ses dépendances en un seul immeuble couvrant tout le lot.

La venue d’établissements hôteliers dans le bâtiment concorde avec l’arrivée du XXe siècle. En 1902, deux étages sont ajoutés à l’immeuble. Cette même année et jusqu’en 1910, l’Hôtel Riendeau, établi dans le bâtiment voisin au nord, y loue trois étages. L’immeuble est grandement endommagé par un incendie en 1912. Le bâtiment, dont on a sauvegardé presque uniquement la façade, est rénové. Il conserve par la suite sa vocation hôtelière. L’établissement porte longtemps le nom d’Hôtel Plaza. En 1984, l’immeuble est rénové en bureaux et des boutiques occupent son rez-de-chaussée.",1902,,-73.5536,45.5078
0040-56-8210-01,Entrepôt Edward-William-Gray,maison urbaine façon Nouvelle-France,437,437,rue,437,,Saint-Vincent,,Ville-Marie (Montréal),"Les numéros 427 et 437 rue Saint-Vincent constituent le seul ensemble commercial datant du XVIIIe siècle. Edward William Gray, shérif et marchand de Montréal, a assemblé ce lot à la suite d'une série de quatre transactions entre 1770 et 1783. Il faisait construire les immeubles actuels en deux temps. La partie nord (437 rue Saint-Vincent) fut conçue pour être une voûte &laquo;&nbsp;à l'épreuve de feu&nbsp;&raquo; joignant le pignon sud d'une maison déjà existante démolie vers 1785. Cette voûte servait d'entrepôt et de magasins pour les encans de marchandises reçues par Gray. La partie sud (427 rue Saint-Vincent), fut construite en 1785 et servait de résidence à Gray. Parmi tous les immeubles qui subsistent de la période précédant 1800, les bâtiments construits par Gray constituent de rares exemples de ceux qui n'ont subi presque aucun changement à leur apparence extérieure. Mais leur intérêt historique dépasse leur état physique. Cet ensemble constitue le seul exemple d'une propriété commerciale du XVIIIe siècle où la combinaison résidence et travail, si commune à l'époque, est encore apparente.

Au décès de Gray en 1810, sa femme Margaret Oakes était sa seule héritière et elle demeura propriétaire jusqu'à sa mort en 1825. Selon son testament, elle légua cette propriété à son neveu Frederick William Ermatinger, l'associé de Gray et son successeur au poste de shérif de Montréal. Ermatinger, célibataire et sans enfant, partagea la maison avec sa tante pendant son veuvage et, après la mort de celle-ci, il devenait propriétaire en titre jusqu'à sa propre mort en 1827. Seraphino Giraldi, hôtelier et boutiquier, acheta la propriété en 1828 et, en 1835-1836, il acquerrait le lot adjacent à l'arrière faisant face à la place Jacques-Cartier. Il y établit un hôtel et un magasin. 

Vers 1850, les bâtiments furent utilisés comme petites casernes. Cependant, après la construction du nouveau palais de justice sur la rue Notre-Dame au début des années 1850, les études légales recherchaient de plus en plus des emplacements dans le quartier, notamment sur la rue Saint-Vincent. La propriété de Giraldi semble avoir été propice à ce genre d'utilisation car en 1860, la plupart des locataires de ses bâtiments étaient liés à la pratique du droit. Le plus important de ces avocats est George-Étienne Cartier qui eut une étude avec ses associés dans l'immeuble situé au 437 Saint-Vincent à partir de la fin des années 1850 jusqu'à sa mort en 1873. 

À partir des années 1880, les immeubles perdirent leur attrait pour des avocats. L'imprimeur Adjuteur Carmel y loua des locaux dès 1880, avant d'acheter le tout en 1890; la résidence et l'imprimerie de la famille Carmel occupèrent le site jusqu'en 1918. Parmi leurs clients on note la maison d'édition Beauchemin. Le docteur Stephen Langevin, propriétaire de 1919 à 1954, effecturerait des changements importants pendant les années 1930 : il a fait percer une porte cochère à travers la partie sud du numéro 437 et il a transformé le toit à versant en un étage à toit plat. Pendant ces décennies, divers commerces occupèrent les lieux mais à partir de 1955, les immeubles se dotaient d'une vocation stable, restaurant et brasserie, malgré quelques changements de propriétaire. Suite à un incendie arrivé en mars 1968, le propriétaire depuis 1955, Bernard Beaudoin, a restauré les deux immeubles à leur apparence d'origine. L'ensemble est classé monument historique en 1969.",1773,,-73.5537,45.5074
0039-18-1162-00,Magasin-entrepôt William-Stephen II,magasin-entrepôt,610,610,rue,610,,Notre-Dame,Ouest,Ville-Marie (Montréal),,1856,,-73.5596,45.5007
0040-56-8210-02,Maison Edward-William-Gray,maison urbaine façon Nouvelle-France,427,427-429,rue,429,,Saint-Vincent,,Ville-Marie (Montréal),"Les numéros 427 et 437 rue Saint-Vincent constituent le seul ensemble commercial datant du XVIIIe siècle. Edward William Gray, shérif et marchand de Montréal, a assemblé ce lot à la suite de quatre transactions effectuées entre 1770 et 1783. Il faisait construire les immeubles actuels en deux temps. La partie nord (437 rue Saint-Vincent) était au départ une voûte &laquo;&nbsp;à l'épreuve de feu&nbsp;&raquo;  joignant le pignon sud d'une maison déjà existante démolie vers 1785. Cette voûte servait d'entrepôt et de magasins pour les encans de marchandises reçues par Gray. La partie sud (427 rue Saint-Vincent), fut construite en 1785 et servait de résidence à Gray. Parmi tous les immeubles qui subsistent de la période précédant 1800, les bâtiments construits par Gray constituent de rares exemples de ceux qui n'ont subi presque aucun changement à leur apparence extérieure. Mais leur intérêt historique dépasse leur état physique. Cet ensemble constitue le seul exemple d'une propriété commerciale du XVIIIe siècle où la combinaison résidence et travail, si commune à l'époque, est encore apparente.

Après le décès de Gray en 1810, sa femme Margaret Oakes, sa seule héritière, demeura propriétaire de l'immeuble jusqu'à sa mort en 1825. Selon son testament, elle légua cette propriété à son neveu Frederick William Ermatinger, l'associé de Gray et son successeur au poste de shérif de Montréal. Ermatinger, célibataire et sans enfant, partagea la maison avec sa tante pendant son veuvage et, après le décès de celle-ci, il devenait propriétaire en titre jusqu'à sa propre mort en 1827. Seraphino Giraldi, hôtelier et boutiquier, acheta la propriété en 1828 et, en 1835-1836, il acquerrait le lot adjacent à l'arrière faisant face à la place Jacques-Cartier. Il y établit un hôtel et un magasin. 

Vers 1850, les bâtiments furent utilisés comme petites casernes. Cependant, après la construction du nouveau palais de justice sur la rue Notre-Dame au début des années 1850, les études légales recherchaient de plus en plus des emplacements dans le quartier, notamment sur la rue Saint-Vincent. La propriété de Giraldi semble avoir été propice à ce genre d'utilisation car en 1860, la plupart des locataires de ses bâtiments étaient liés à la pratique du droit. Le plus important de ces avocats est George-Étienne Cartier qui eut une étude avec ses associés dans l'immeuble situé au 437 Saint-Vincent à partir de la fin des années 1850 jusqu'à sa mort en 1873. 

À partir des années 1880, les immeubles perdirent leur attrait pour des avocats. L'imprimeur Adjuteur Carmel y loua des locaux dès 1880, avant d'acheter le tout en 1890 ; la résidence et l'imprimerie de la famille Carmel occupèrent le site jusqu'en 1918. Parmi les clients de l'imprimerie on note la maison d'édition Beauchemin. Le docteur Stephen Langevin, propriétaire de 1919 à 1954, effectua des changements importants pendant les années 1930 : il fit percer une porte cochère dans la partie sud du numéro 437 et il fit modifier le toit à versant en un étage à toit plat. Pendant ces décennies, divers commerces occupèrent les lieux mais à partir de 1955, les immeubles se dotaient d'une vocation stable, restaurant et brasserie, malgré quelques changements de propriétaire. Suite à un incendie en mars 1968, le propriétaire depuis 1955, Bernard Beaudoin, a restauré les deux immeubles selon leur apparence d'origine. L'ensemble a été classé monument historique en 1969.",1785,,-73.5536,45.5073
0040-56-8210-03,NULL,indéterminé,NULL,NULL,NULL,NULL,NULL,NULL,NULL,Ville-Marie (Montréal),NULL,9999,,-73.5534,45.5075
0040-56-9043-00,Magasin-entrepôt Séraphino-Giraldi,magasin-entrepôt,438,438-442,place,442,,Jacques-Cartier,,Ville-Marie (Montréal),"Propriétaire depuis 1827, d’une maison-magasin située sur le terrain du 438-442 Place Jacques-Cartier, Séraphino Giraldi la fait démolir en 1866 et la remplace par ce magasin-entrepôt de quatre étages conçu par l’architecte Henri-Maurice Perreault. À l’origine, le nouvel immeuble abrite deux magasins ; au milieu des années 1870 puis à d’autres moments, un troisième espace locatif s’ajoute, aménagé aux étages supérieurs soit de l’unité sud, soit de l’unité nord.

Les premiers occupants du magasin-entrepôt sont des épiciers : le propriétaire constructeur ainsi que la société Hudon & Béliveau. Leurs séjours respectifs sont toutefois très brefs. Rapidement, l’immeuble est converti à des fonctions industrielles et des fabricants de chaussures marquent son histoire. Parmi ceux-ci, le plus important est sans doute le manufacturier Guillaume Boivin, présent de 1874 à 1885, et propriétaire du bâtiment entre 1874 et 1878. 

À partir de la fin des années 1880, l’immeuble est marqué par une plus forte mixité. Au 438 Place Jacques-Cartier, le commerce des céréales s’impose avec la présence remarquée de Dupuy & Ferguson, importateurs de grains qui occupent les lieux de 1888 jusqu’en 1964. Ces derniers étendent leurs activités aux étages inférieurs de l’unité voisine vers 1920. Auparavant, celle-ci avait plutôt été associée à l’imprimerie, à la reliure et à l’édition ; les étages supérieurs conservent cette fonction jusqu’aux alentours de 1940. Parmi les occupants qui témoignent de ce secteur industriel : la société Alain et Catelli et le journal Le Monde Illustré. 

Vers 1970, le magasin-entrepôt connaît des mutations significatives. Désormais, le rez-de-chaussée accueille des restaurants, alors que des bureaux et des logements sont aménagés aux étages.",1866,1867,-73.5535,45.5077
0040-57-4069-00,Hôtel de ville de Montréal,non applicable,275,275,rue,275,,Notre-Dame,Est,Ville-Marie (Montréal),"La construction de l'hôtel de ville de Montréal s'est déroulée sur plusieurs années. Les premiers travaux d'excavation ont lieu en 1872 et la construction de l'édifice proprement dit débute en 1874 d'après les plans des architectes Hutchison et Perrault. Finalement l'Hôtel de ville est inauguré le 11 mars 1878. L'inspiration stylistique vient de la France du Second Empire. Ce style architectural est utilisé à cette époque pour de nombreux édifices publics, notamment pour les hôtels de ville de New York et Philadelphie.

Un incendie survenu en mars 1922 oblige la Ville à faire reconstruire une grande partie de l’édifice, dont le troisième étage au complet ainsi que la toiture. Tout l'intérieur de l'édifice doit aussi être reconstruit. On confie le projet aux architectes de la Ville, Louis Parant d’abord puis L. J. D. Lafrenière, lesquels sont supervisés par une commission consultative d’architectes dirigée par Jean-Omer Marchand. Au terme des travaux, on a légèrement modifié le style initial Second Empire, mais la continuité avec l'esprit français demeure grâce à l’introduction d’une architecture influencée par l’école des Beaux-arts de Paris. C’est l’architecte Jean-Omer Marchand qui propose le remplacement du sommet du pavillon central par un campanile plus élancé. Les travaux débutent en 1923 et prennent fin en 1926.

Moins de dix ans plus tard, soit en 1932, l'édifice est agrandi à l'arrière vers le Champ-de-Mars. L'architecte Siméon Brais est responsable des travaux qui se terminent en 1934. D'autres travaux de réfection sont effectués au cours des années soit l'entrée latérale en 1955-1956 et le toit principal en 1975.

Une restauration importante de l'ensemble de l'édifice a lieu au début des années 1990, et un nouvel éclairage architectural est mis en place à la fin de la même décennie.",1872,1878,-73.5542,45.5089
0040-58-9878-01,Édifice Chaussegros-de-Léry I,non applicable,303,303,rue,303,,Notre-Dame,Est,Ville-Marie (Montréal),"Cet immeuble de bureaux est construit entre 1989 et 1991 par la Société immobilière du patrimoine architectural de Montréal (SIMPA) et des partenaires du secteur privé. Conçu par l’architecte Dan Hanganu, il s’agit de la première phase du complexe Chaussegros-de-Léry. 

La Ville de Montréal loue tout l’immeuble et signe un bail de 20 ans avec les propriétaires. Elle y installe plusieurs de ses services, dont la plupart logeaient auparavant au marché Bonsecours et dans l’édifice de la Banque canadienne nationale sur la place d’Armes. Le Chaussegros-de-Léry regroupe alors près de 700 fonctionnaires. De plus, l’administration municipale y aménage certains services spécialisés, notamment ceux qui concernent les contestations de contraventions afin d’accélérer le règlement des 850 000 causes en attente.",1989,1991,-73.5536,45.5095
0040-58-9878-02,Édifice Chaussegros-de-Léry II,non applicable,333,309-329,rue,333,,Notre-Dame,Est,Ville-Marie (Montréal),"Cet édifice est construit entre 1993 et 1996 par la Société immobilière du patrimoine architectural de Montréal (SIMPA) et des partenaires du secteur privé. Conçu par l’architecte Dan Hanganu, il s’agit de la deuxième phase du complexe Chaussegros-de-Léry. L’édifice compte une centaine d’appartements en copropriété ainsi que des commerces au rez-de-chaussée. Le projet vise clairement à accroître la population résidante du Vieux-Montréal.  

Ce bâtiment en forme de U est construit en deux étapes. La partie donnant sur la rue Notre-Dame est réalisée en 1993-1994, tandis que celle donnant sur la rue du Champ-de-Mars est érigée 1995-1996. L'édifice est indépendant de l’immeuble de bureaux (phase 1 du complexe) et une cour intérieure avec jardin privé n’est accessible qu’aux résidents.",1993,1996,-73.5535,45.51
0040-59-0031-01,318-322 rue Saint-Antoine Est,non applicable,318,318-322,rue,322,,Saint-Antoine,Est,Ville-Marie (Montréal),,1890,,-73.5546,45.5102
0040-59-0031-02,328-332 rue Saint-Antoine Est,non applicable,328,328-332,rue,332,,Saint-Antoine,Est,Ville-Marie (Montréal),,1950,,-73.5546,45.5103
0040-59-2048-00,Entrepôt A.-Prud'homme-et-Fils,non applicable,338,338,rue,338,,Saint-Antoine,Est,Ville-Marie (Montréal),,1923,,-73.5544,45.5105
0040-59-4811-02,Ancien quartier général de la police,non applicable,750,750,rue,750,de,Bonsecours,,Ville-Marie (Montréal),"Déjà dans les années 1930, la Ville de Montréal est à l'étroit dans ses locaux.  Les services municipaux sont en expansion et on doit loger le personnel dans des édifices de fortune disséminés sur le territoire. D'autre part, la cour municipale et le quartier général de la police occupent l'Annexe de l'hôtel de ville depuis son inauguration en 1914.  Ces locaux sont devenus insuffisants et la Ville souhaite rapatrier ses différents services dans le secteur de l'hôtel de ville. Ce contexte vient donc favoriser l'idée d'un agrandissement de l'Annexe de l'hôtel de ville.

Ce projet est étudié sérieusement dès 1939. La Ville engage alors les architectes Joseph Sawyer et Eugène Larose pour concevoir les plans et devis. L'Annexe ainsi agrandie occuperait tout le quadrilatère des rues Gosford, Saint-Louis, Bonsecours et Champ-de-Mars, en plus d'un ajout de plusieurs étages.  Les architectes optent pour un style d'inspiration classique tout à fait semblable au bâtiment initial de Marchand et Haskell.  Faute de fonds, ce projet est abandonné en pleine guerre (1941).  Les problèmes d'exiguïté des locaux et de l'éparpillement des services de la ville restent entiers.  

L'idée d'agrandir l'Annexe refait surface en 1957.  De nouveaux architectes sont engagés : Crevier, Lemieux et Mercier. Le projet est fort différent de celui de 1939.  Cette fois-ci, les architectes  proposent un prolongement de facture beaucoup plus moderne à  l'Annexe . La Ville investira 5 millions de dollars pour construire le nouvel édifice et rénover complètement le bâtiment de 1912-1913. La Ville procède aux expropriations nécessaires et donne à contrat la démolition de ce qui reste de commerces, résidences et institutions dans le secteur Est de ce quadrilatère.  On rend les plans publics et la première pelletée de terre est levée en avril 1957. 

Dans la nouvelle partie se logeront une salle des pas perdus, des salles d'audiences pour la Cour du Recorder comme on appelait la cour municipale à l'époque, des salles pour les détenus, les huissiers et les journalistes, des bureaux pour les juges, les avocats et l'état-major de la police.  De plus, au 5e étage seront aménagées des cellules éclairées pour accueillir les contrevenants en attente d'un procès : un net progrès par rapport aux conditions de détention de l'ancienne partie de l'Annexe.  

Le 2 juin 1960, le cardinal Paul-Émile Léger, assisté de 5 prêtres,  procède à la bénédiction de l'édifice de la rue Bonsecours. Les représentants des gouvernements fédéral et provincial, des autorités municipales, des juges et des autorités policières montréalaises assistent à cette cérémonie d'ouverture. Ce n'est qu'en 1963 que les travaux de rénovation de l'Annexe de 1912-1913 seront terminés.  Cinq années auront été nécessaires pour réorganiser ce complexe municipal.


",1957,1960,-73.5538,45.5103
0040-59-8985-00,775 rue Bonsecours ,non applicable,775,775,rue,775,de,Bonsecours,,Ville-Marie (Montréal),,1976,,-73.5534,45.5109
0040-59-9872-00,Hôtel Meunier,non applicable,751,751-755,rue,755,de,Bonsecours,,Ville-Marie (Montréal),,1905,,-73.5533,45.5107
0040-64-0140-00,Magasin-entrepôt Louis-Archambeault,magasin-entrepôt,24,24,rue,24,,Saint-Paul,Est,Ville-Marie (Montréal),"Le notaire et homme politique Louis Archambeault fait construire ce magasin-entrepôt en 1882-1883. À l'origine, il est occupé entièrement par le manufacturier de souliers et de bottes Zéphirin Lapierre. Au milieu des années 1890, l'entreprise de Lapierre emploie des dizaines d'employés et produit, selon une source de l’époque, environ 1 000 paires de chaussures par jour. Elle quitte l’immeuble en 1899.

Le bâtiment sert ensuite, sauf exception, à des activités strictement commerciales. Au milieu des années 1930, la Compagnie d'auvents des marchands, spécialisée dans la vente de tentes et d'auvents, loue le bâtiment. Elle s’en porte acquéreur auprès de la succession de Louis Archambeault en 1945 et l'occupe jusqu'en 1984. L'immeuble a fait l’objet de travaux de restauration au milieu des années 1990. ",1882,1883,-73.5533,45.5059
0040-64-0550-00,Magasin-entrepôt Jean-Leclaire,magasin-entrepôt,28,28-30,rue,30,,Saint-Paul,Est,Ville-Marie (Montréal),"C’est en 1870 que Jean Leclaire fait construire ce magasin-entrepôt. Le terrain sur lequel est construit le bâtiment avait été acquis en 1853 ou 1854 par Jean et François Leclaire. À cet endroit, se trouve alors un bâtiment dont la fonction est commerciale et résidentielle ; peut-être s’agit-il d’une maison-magasin. À partir de 1853-1854, l’entreprise de <i>dry goods</i> F. & J. Leclaire occupe cet ancien bâtiment et le destine uniquement à des activités commerciales jusqu’en 1870, alors qu’il est décidé de faire construire le magasin-entrepôt actuel. Le nouvel immeuble comprend, à l’origine, deux espaces locatifs de même grandeur, séparant le bâtiment en deux dans un axe nord-sud. 

Les premiers occupants du bâtiment sont deux compagnies spécialisées dans l’importation de <i>dry goods</i> : F. & J. Leclaire & Co. et Jacques Grenier & Co. En 1891, la maison F. & J. Leclaire & Co. est l’une des plus anciennes compagnies de <i>dry goods</i> de Montréal, ayant été fondée dans les années 1830. La marchandise qu’elle importe d’Allemagne, de France, d’Angleterre et des États-Unis est présentée aux clients dans des salles de montre au décor recherché. Quant à Jacques Grenier, il a débuté comme commis chez F. & J. Leclaire & Co., il a installé sa compagnie dans le bâtiment de cette entreprise et il est devenu un important homme d’affaires montréalais.

À partir de 1900, de nouveaux occupants s’installent dans le magasin-entrepôt. Jusqu’aux années 1970, les entreprises qui s’y trouvent font dans le commerce en gros, qu’il s’agisse de commerce du cuir, de vente d’équipement dentaire et médical ou encore de quincaillerie. Vers 1925, un étage de brique a été ajouté au magasin-entrepôt. À partir des années 1980, le bâtiment est occupé par des boutiques, quelques bureaux et des logements aux étages.",1870,,-73.5533,45.506
0040-64-1061-00,Magasin-entrepôt Narcisse-Desmarteau,magasin-entrepôt,36,36-40,rue,40,,Saint-Paul,Est,Ville-Marie (Montréal),"C’est en 1854 que le marchand montréalais Narcisse B. Desmarteau fait construire ce magasin-entrepôt. À cet endroit se trouvait auparavant un bâtiment qui était probablement une maison-magasin et qui a été démolie pour faire place à la nouvelle construction. Les premiers occupants du magasin-entrepôt sont Louis Plamondon, marchand de <i>dry goods & clothing</i> (tissus, articles de mercerie et peut-être d'autres produits) et Desmarteau, Plamondon & Mousseau, compagnie du propriétaire constructeur, qui fait elle aussi dans le <i>dry goods & clothing</i>. Si Louis Plamondon demeure seulement quelques années dans le bâtiment, de 1855 à 1860, Desmarteau et ses associés y restent trente ans, soit de 1855 à 1885.

À la suite du départ de Desmarteau & Co., de nombreuses entreprises viennent occuper les espaces locatifs du magasin-entrepôt. À la fin du XIXe siècle, quelques manufacturiers de chaussures font du commerce et de la fabrication dans le bâtiment. Des années 1880 aux années 1920, l’espace locatif dont l’adresse est sur des Commissaires accueille plusieurs aubergistes et restaurateurs tandis que dans l’espace locatif dont l’adresse est sur Saint-Paul un fournisseur de produits de confiserie (<i>confectionner’s supplies</i>) succède aux fabricants de chaussures et  demeure sur place jusque vers 1935. Vers 1900, un étage de brique est ajouté au magasin-entrepôt. Une variété de commerces occupe les lieux pendant les années 1940 et 1950. 

À partir des années 1960, la fonction principalement commerciale du bâtiment est transformée par l’arrivée de bureaux aux étages (avocats, designers) et de restaurants au rez-de-chaussée. Des rénovations vers 1980 consacrent cette nouvelle vocation. En 1990 les étages sont toujours occupés par des bureaux et le rez-de-chaussée par un restaurant, une pâtisserie et une boutique de souvenirs. D'importants travaux de restauration et un recyclage partiel en habitation a lieu à la fin des années 1990. En 2004, il y a des logements aux étages supérieurs tandis qu'on trouve encore un restaurant et une boutique d’artisanat au niveau des rues Saint-Paul et de la Commune.",1854,,-73.5532,45.5061
0040-64-2281-00,Magasin-entrepôt Victor-Hudon I,magasin-entrepôt,84,84,rue,84,,Saint-Paul,Est,Ville-Marie (Montréal),,1857,1858,-73.553,45.5062
0040-64-2689-00,Magasin-entrepôt Victor-Hudon II,magasin-entrepôt,88,88,rue,88,,Saint-Paul,Est,Ville-Marie (Montréal),,1857,1858,-73.553,45.5063
0040-64-3299-00,Magasin-entrepôt Hector-Lamontagne,magasin-entrepôt,92,92-94,rue,94,,Saint-Paul,Est,Ville-Marie (Montréal),"Le marchand d’articles de cuir Siméon Delorme fait construire ce magasin-entrepôt en 1882-1883. Delorme achète la propriété au début de l’année 1882, puis il engage l’agence d’architectes Perrault et Mesnard pour la construction du bâtiment. Dès le printemps, on procède à la démolition des bâtiments sur les lieux, notamment une maison en pierre de deux étages du début du XIXe siècle. Un an plus tard, l’immeuble est terminé : il compte alors quatre étages sur la rue Saint-Paul et cinq étages sur la rue de la Commune (incluant les rez-de-chaussée). 

Deux commerces occupent d’abord le magasin-entrepôt : les marchands en gros de tissus et d'articles de mercerie (<i>dry goods</i>) Lamalice Brothers, et Narcisse Quintal et Fils, des grossistes en alimentation spécialisés dans le commerce des vins et liqueurs. En avril 1907, un incendie ravage l’intérieur du magasin-entrepôt et force la fermeture du commerce de la famille Quintal, lequel occupait tout l’immeuble à l’époque. La succession de Siméon Delorme fait aussitôt entreprendre les travaux de réparation. Durant les années suivantes, l’armée canadienne y entrepose du matériel de guerre.

En 1919, les marchands et fabricants d’articles de cuir Hector Lamontagne inc. acquièrent la propriété. Au départ, l’entreprise utilise le rez-de-chaussée du côté de la rue Saint-Paul comme magasin, le reste de l’immeuble servant surtout d’entrepôt pour le commerce de gros d’accessoires de cordonnerie. Les besoins d’entreposage sont d’ailleurs tels qu’on rehausse l’immeuble d’un étage vers le milieu des années 1920. 

Au milieu des années 1940, la compagnie ferme son usine de la rue Saint-Maurice et transfère une partie de sa production d’articles de cuir dans l’immeuble de la rue Saint-Paul. On aménage donc au troisième étage un atelier de production de chaussures qui, plus tard, servira à la production de harnais. À la même époque, l’entreprise achète le bâtiment voisin, à l’est. Les activités commerciales et de fabrication se poursuivront pendant près de 50 ans, l’entreprise ne quittant l’immeuble qu’en 1989. 

En 1995-1996, le bâtiment est transformé en établissement hôtelier, une initiative qui s’inscrit dans le contexte de la reprise des activités hôtelières dans le Vieux-Montréal.",1882,1883,-73.5529,45.5064
0040-65-0321-00,Édifice Duchesneau-Trudeau IV,non applicable,83,83-85,rue,85,,Saint-Paul,Est,Ville-Marie (Montréal),"C'est sur un lot acquis en 1944 que la compagnie Duchesneau-Trudeau Ltée fait ériger ce bâtiment en 1951, quatre ans après qu'un incendie eût ravagé le site. La compagnie fait d'abord démolir une très ancienne maison datant de la fin du XVIIIe siècle, puis mandate l'architecte J. Z. Gauthier pour la construction d'un nouveau magasin-entrepôt de trois étages. Des ouvertures pratiquées dans les murs mitoyens permettent de communiquer avec les autres bâtiments de la compagnie. 

Après la vente de tous les bâtiments de l'ensemble Duchesneau-Trudeau en 1978, l'immeuble devient inoccupé. Vers le milieu des années 1980, des travaux de rénovations et de recyclage sont entrepris : le rez-de-chaussée maintient une vocation commerciale tandis que les étages sont transformés en appartements.
",1953,,-73.5533,45.5066
0040-65-0845-00,Immeuble Hudon et Orsali,non applicable,105,105,rue,105,,Saint-Paul,Est,Ville-Marie (Montréal),"Les grossistes en alimentation Hudon & Orsali font construire cet immeuble en 1904 selon les plans de l’architecte Joseph Sawyer. Plusieurs bâtiments dont démolis pour faire place à cet immeuble imposant, notamment une maison-magasin de trois étages et demi de la première moitié du XIXe siècle. Le nouveau bâtiment dispose d’espaces d’entreposage qui comprennent d’immenses caves à vins et de vastes bureaux. La maison Hudon & Orsali occupe les lieux jusqu’à la fin des années 1940.
",1904,,-73.5532,45.5068
0040-65-0862-01,Immeuble Armour-et-Rolland,non applicable,404,404-408,rue,408,,Saint-Vincent,,Ville-Marie (Montréal),,1816,,-73.5532,45.5069
0040-65-0862-02,Magasin-entrepôt Jean-Baptiste-Rolland,magasin-entrepôt,410,410,rue,410,,Saint-Vincent,,Ville-Marie (Montréal),"Libraire de grande renommée, Jean-Baptiste Rolland acquiert la propriété  en 1855, procède à la démolition de la maison-magasin qui s’y trouve et fait construire en 1856 un nouveau magasin-entrepôt de quatre étages. Rolland quitte alors la maison-magasin où il résidait et tenait boutique pour s’installer dans le nouvel immeuble. Ce dernier répond mieux aux besoins croissants du commerce de détail et facilite la transition de l’entreprise vers la vente en gros et l’édition. Le magasin-entrepôt  accueille la librairie et les entrepôts de Rolland, ainsi que des ateliers d’impression et de reliure. L’immeuble est entièrement consacré aux affaires de l’entreprise Rolland, sauf en 1857 et 1858 quand le grossiste en quincaillerie John W. Haldimand loue des espaces de bureau et d’entreposage. De 1857 à 1913, l’évolution des activités qui se déroulent dans l'immeuble témoigne de l’envergure croissante de la société fondée par J.B. Rolland.  

Pendant de longues années, la rue St-Vincent est considérée comme le centre de la librairie et de l’édition  francophone à Montréal. La Libraire J. B. Rolland, plus tard J. B. Rolland & Fils, libraires-éditeurs et importateurs, profite d’ailleurs de l’emplacement de son nouveau bâtiment pour imposer sa marque et participer à l’effervescence du milieu littéraire. Toutefois, au début des années 1880, la famille Rolland amorce un important virage, alors qu’elle se lance dans la fabrication du papier fin et délaisse la librairie au profit de la vente en gros du papier et des manuels scolaires. Les fonctions du magasin-entrepôt de la rue St-Vincent sont modifiées et, comme l’espace disponible ne suffit plus, Rolland colonise progressivement les immeubles voisins.  En 1913, la compagnie quitte la rue St-Vincent et migre vers un autre secteur du Vieux-Montréal.

Après le départ de Rolland, le l'immeuble reste vacant pendant une vingtaine d’années. Vers 1940, un commerce d’importation de graines s’y installe, mais il est vite  remplacé par la compagnie &laquo;&nbsp;Les Jardiniers Modèles&nbsp;&raquo; qui occupe les lieux jusqu’au début des années 1960. Après quelques années d’inoccupation, le bâtiment se voit attribuer une nouvelle vocation. Du début des années 1980 jusqu’en 2005, le haut rez-de-chaussée de l’ancienne librairie accueille successivement trois restaurants différents, tandis que les étages supérieurs sont transformés en logements. 
",1856,,-73.5533,45.507
0040-65-2451-00,Magasin-entrepôt Persillier-dit-Lachapelle,magasin-entrepôt,111,111-115,rue,115,,Saint-Paul,Est,Ville-Marie (Montréal),"Ce magasin-entrepôt est construit en 1868 par la succession Persillier dit Lachapelle. Il s'agit très probablement d'une reconstruction après un incendie, le rez-de-chaussée étant très semblable à celui de l'imposante maison-magasin remplacée, construite environ 25 ans plus tôt et dont la fonction était mixte, soit commerciale et résidentielle. L’architecte du nouveau bâtiment est Narcisse Larue. 

Le magasin-entrepôt comprend à l’origine deux espaces locatifs de différentes grandeurs. Le bâtiment accueille donc deux premiers occupants. Durant onze ans, de 1869 à 1880, William L. Haldimand & Co., quincailliers en gros et au détail, y loue le plus grand espace locatif, l’entreprise occupant fort probablement le rez-de-chaussée en plus d’une partie des étages. Il est intéressant de noter que ce locataire occupait l’ancien bâtiment depuis au moins 1851. De 1869 à 1870, le négociant Hyacinthe Busseau loue également un espace, plus modeste que celui de William L. Haldimand & Co. La fonction d’origine de ce magasin-entrepôt est résolument commerciale. 

Après le départ de William L. Haldimand & Co., plusieurs locataires s’installent dans le bâtiment mais n’y demeurent pas très longtemps. De la fin du XIXe siècle aux années 1940, un sellier, deux  quincailliers, un marchand de <i>dry goods</i>, un importateur de produits de luxe, un manufacturier de savon et une entreprise de jardiniers passent chacun quelques années à cet endroit. Vers 1945, une entreprise spécialisée dans les uniformes et les produits destinés aux hôpitaux et aux hôtels s’installe dans le magasin-entrepôt pour y demeurer jusque vers 1975. L’arrivée de restaurants à la fin des années 1970 transforme la fonction du bâtiment. Au début des années 2000, deux restaurants occupent le bâtiment.",1868,,-73.553,45.5069
0040-65-2573-00,Magasin-entrepôt Côme-Séraphin-Cherrier,magasin-entrepôt,153,153-155,rue,155,,Saint-Paul,Est,Ville-Marie (Montréal),"Ce magasin entrepôt occupe la partie ouest du vaste lot 95, lequel lot couvre presque tout le quadrilatère, hormis l'édifice au coin de la rue Saint-Paul et de la place Jacques-Cartier. Le lot 95 appartient depuis 1861 à Côme Séraphin Cherrier, et plusieurs bâtiments chargés d'histoire y sont érigés. Sur la partie ouest qui nous concerne se trouvent deux bâtiments en pierre. Le premier édifice, sur la rue Saint-Paul, est occupé depuis de très nombreuses années par le marchand de tabac Jean-Baptiste Desroches, relayé en 1870 par Maurice A. Desroches. Le second édifice, détaché du précédent et situé à l'arrière, a la forme d'un « L » et est occupé sur la rue Saint-Amable par le sellier F.-X. Lortie, et sur la rue Saint-Vincent par le bureau d'avocats Émery Robidoux, Raymond Préfontaine (futur maire de Montréal) et F. Edmond Poutré.

Le bâtiment de la rue Saint-Paul est détruit en premier au début de 1876, suivi quelques mois plus tard de celui au coin de la rue Saint-Amable. Le lot p-95 est alors amputé de deux bandes de terrain acquises par la Ville de Montréal afin d'élargir les rues Saint-Paul et Saint-Vincent, ce qui explique le retrait dans l'alignement des façades observé de nos jours. Sur ce qui reste du lot p-95, est construit en 1877 un magasin entrepôt en pierre de quatre étages avec cave en ciment. L'édifice demeure vacant jusqu'en mai 1879, date à laquelle s'installe l'importateur de quincaillerie, de sellerie et de fournitures pour attelage Gustave R. Fabre. Celui-ci quitte les lieux moins de 10 ans plus tard, remplacé par le marchand de tissus Béliveau et Archambault. Ce dernier n'a guère plus de succès, et l'édifice accueille en 1894 l'épicier Charles Langlois. Quant au propriétaire, Côme Séraphin Cherrier, il décède en 1885 et lègue ses propriétés à ses deux filles, Philomène Charlotte et Marie Jophte Louise.

Le commerce de Charles Langlois semble promu à un bel avenir. Il loue vers la fin du XIXe siècle le tout nouvel entrepôt construit par les deux s&#339;urs Cherrier au nord de la rue Saint-Amable, y installe un système de réfrigération et construit un tunnel sous la rue Saint-Amable entre les deux bâtiments (l'entrepôt et le magasin). Ce passage souterrain, qui existerait encore aujourd'hui, sert probablement à transporter la marchandise d'un édifice à l'autre. Tous ces aménagements sont aux frais de Langlois, locataire des lieux. Le dernier ajout notable au magasin de la rue Saint-Paul demeure la construction par le propriétaire (et non le locataire), à l'automne 1904, d'une voûte de deux étages en brique du côté de la rue Saint-Amable.

En 1912, Philomène Charlotte et Marie Jophte Louise Cherrier donnent à leur nièce et neveu Marie-Caroline et Frederick-Arthur Monk la totalité de leurs biens, se réservant l'usage de leur domicile de la rue de La Gauchetière et le manoir seigneurial de l'île Bizard. Après le départ de Gunn Langlois and Co. Ltd. vers 1935, l'édifice est loué à diverses entreprises, dont Les Jardiniers Modèles, propriété du marchand de fruits et légumes Paul Boudrias fils, de l'Abord-à-Plouffe (Chomedey) à Laval. Ce dernier est toujours propriétaire de l'édifice en 1969 sous le nom de Boudrias Laflamme Inc., non sans avoir auparavant cédé puis rétrocédé l'édifice, fait faillite et avoir fait l'objet d'une saisie par la Banque Provinciale. De 1969 à 1982, la propriété subit une intense spéculation; le terrain change de mains six fois, et le prix de la transaction passe de 10 000 $ à 190 000 $, soit une augmentation de 1 900 % en l'espace de 13 ans ! Depuis 1982, il n'y a eu aucun autre transfert de propriété, et l'édifice abrite au rez-de-chaussée divers commerces tributaires de la saison touristique, et des appartements aux étages supérieurs .
",1877,,-73.553,45.5071
0040-65-2694-00,Maison Marie-Pierre-Viger II,maison urbaine façon Nouvelle-France,164,164-170,rue,170,,Saint-Amable,,Ville-Marie (Montréal),,1817,0,-73.553,45.5073
0040-65-3581-00,Maison de La Minerve,maison-magasin,161,161-163,rue,163,,Saint-Paul,Est,Ville-Marie (Montréal),"Charpentier, sculpteur et marchand, Denis Viger s'établissait à l'angle des rues Saint-Paul et Saint-Vincent où il rassemblait des lots pour créer un plus grand terrain, processus terminé en 1783. Ayant déjà construit une maison (qui n'existe plus) sur le coin des deux rues, il engageait en 1800 le maçon André Auclair pour lui en construire une plus grande, une maison en pierre à deux étages avec toit mansardé, sur un terrain vacant contigu à sa résidence. Une fois la nouvelle maison terminée, Viger l'occupa pendant deux ans avant de la louer à des marchands. À partir de ce moment, l'immeuble ne cessa d'être une propriété à revenus pour les descendants de Viger et ce, jusqu'en 1942.

À partir de 1805 avec Edward Edwards, éditeur du <i>Montreal Gazette</i>, des imprimeurs s'établissaient aux niveaux supérieurs de l'immeuble. James Lane lui succéda entre 1817 et 1829, alors qu'il vendait ses presses à Ludger Duvernay, fondateur et éditeur de <i>La Minerve</i>, journal associé au mouvement patriote jusqu'à la fin de 1837. 

De 1817 à 1850, le rez-de-chaussée était occupé par de nombreux boutiquiers dont le plus important fut le quincaillier William Leste. Dès 1835 il occupait des locaux pour son magasin et après le renouvellement de son bail de cinq ans en 1837, il faisait d'importantes rénovations, notamment à l'intérieur du magasin et à la façade qui fut alors refaite en pierre de taille. Après le départ de Leste vers 1850, le bâtiment fut loué pendant 20 ans à la firme Beauchemin, relieurs et papetiers. Par la suite, le principal occupant entre 1870 et 1927 fut la firme Auguste Couillard, détaillant en quincaillerie. Pendant l'occupation de ce dernier, on a rallongé l'immeuble afin d'occuper toute la cour arrière et on a transformé le toit en mansarde en un troisième étage en brique avec un toit plat. De toute évidence les premiers travaux étaient réalisés entre 1890 et 1912, tandis que la transformation du toit était achevée en 1912-1913.

En 1942, les descendants de Viger ont finalement disposé de la propriété en faveur de Paul Boudrias, grossiste en fruits et légumes, qui l'aménagea en entrepôt pour des produits agricoles. Bien que Boudrias dut surmonter quelques revers commerciaux, entraînant plusieurs changements de propriété, la société Boudrias-Lafamme était toujours propriétaire de l'édifice jusqu'en 1964. La maison était détruite par un incendie en 1966 et reconstruite par le nouveau propriétaire, le chirurgien Claude Bertrand, à partir des murs de pierre l'année suivante. Il est à noter qu'on a alors enlevé le troisième étage en brique et imposé la construction d'un toit à pignon. Plus récemment, en 1977, les Éditions Flammarion ont acheté la maison et ont procédé à sa restauration en 1982. Quatre ans plus tard, elle était vendue et transformée en boutiques et bureaux. Depuis 1967, la maison est classée monument historique.",1800,,-73.5528,45.5071
0040-65-3709-00,Magasin-entrepôt Amable-Prévost I,magasin-entrepôt,98,98,rue,98,,Saint-Paul,Est,Ville-Marie (Montréal),"Ce bâtiment fait partie de l’ensemble magasins-entrepôts Prévost qui comprend aussi le 100 Saint-Paul Est. Les deux bâtiments, qui en formaient un à l’origine, ont été construits en 1864 par le marchand montréalais Amable Prévost. Ce dernier a fait démolir ce qui était probablement une maison-magasin pour ériger le nouvel immeuble.

Le premier occupant du magasin-entrepôt d’origine est Amable Prévost & Co., une entreprise de vente en gros d’articles de <i>dry goods</i> (tissus, articles de mercerie et peut-être d'autres produits), d’épicerie et de provisions diverses. Elle occupe les lieux vingt ans, de 1865 à 1885 ; la fonction d’origine des lieux est sans contredit commerciale. Après le départ de Amable Prévost & Co. et jusqu’au début du XXe siècle, divers types de commerçants s’installeront dans le magasin-entrepôt d’origine. On y trouve alors de un à trois occupants simultanément, dont un quincaillier, un marchand de <i>dry goods</i>, un marchand de cuir et un fabricant de souliers. 

Vers 1910, le magasin-entrepôt d’origine est divisé en deux propriétés distinctes, probablement suite à l'incendie de 1907. De cette époque à 1944, le 98 Saint-Paul Est accueille plusieurs entreprises de milieux très diversifiés : une entreprise internationale de vente en gros d’appareils réfrigérants, une compagnie d’auvents et une entreprise d’importation d’épices. C’est en 1944 que le 98 et le 100 Saint-Paul Est sont réunis et occupés par l’entreprise de <i>wholesale goods supplies</i> Hector Lamontagne Inc., qui est aussi propriétaire du bâtiment voisin, le 92-94 Saint-Paul Est. L’entreprise occupe le magasin-entrepôt jusque vers 1965. Par la suite, le bâtiment accueille en ses murs une entreprise d’échafaudage. Dans les années 1980, un magasin de tapis s’installe dans le bâtiment. Il y est toujours en 2005.",1864,,-73.5528,45.5065
0040-65-4115-00,Magasin-entrepôt Amable-Prévost II,magasin-entrepôt,100,100,rue,100,,Saint-Paul,Est,Ville-Marie (Montréal),"Ce bâtiment fait partie de l’ensemble magasins-entrepôts Prévost qui comprend aussi le 98 Saint-Paul Est. Les deux bâtiments, qui en formaient un à l’origine, ont été construits en 1864 par le marchand montréalais Amable Prévost. Ce dernier a fait démolir ce qui était probablement une maison-magasin pour permettre l’érection du nouveau bâtiment. Le premier occupant du magasin-entrepôt est Amable Prévost & Co., une entreprise de vente en gros d’articles de <i>dry goods</i> (tissus, articles de mercerie et peut-être d'autres produits), d’épicerie et de provisions diverses. Elle y demeure vingt ans, de 1865 à 1885. 

Après le départ de Amable Prévost & Co., diverses entreprises occupent les lieux jusqu’à la division du magasin-entrepôt en deux propriétés distinctes vers 1910. Les travaux de division sont vraisemblablement réalisés suite à l'incendie de 1907. Pendant ces années, on y trouve de un à trois occupants simultanément dont un quincaillier, un marchand de <i>dry goods</i>, un marchand de cuir et un fabricant de souliers. Après la scission du magasin-entrepôt d’origine, différents occupants s’installent à tour de rôle dans le 100 Saint-Paul Est, mais aucun n’y demeure très longtemps. Ainsi y trouve-t-on, vers 1910, une entreprise d’empaquetage de thé, puis en 1915, un quincaillier. En 1920, le magasin-entrepôt accueille en ses murs une entreprise de raffinage de sucre dont la production se fait ailleurs. En 1930 c’est une entreprise de vente de <i>smallwares</i> qui est sur place et en 1940, un épicier en gros. 

C’est en 1944 que le 100 et le 98 Saint-Paul Est sont réunis et occupés par l’entreprise de <i>wholesale goods supplies</i> Hector Lamontagne Inc., qui est aussi propriétaire du bâtiment voisin, le 92-94 Saint-Paul Est. L’entreprise occupe le magasin-entrepôt jusque vers 1965. Par la suite, le bâtiment accueille en ses murs une entreprise d’échafaudage. Dans les années 1980, un magasin de tapis s’installe dans le bâtiment. Il y est toujours en 2005.",1864,,-73.5528,45.5065
0040-65-4292-00,Maison de l'Enseigne-du-Patriote,maison urbaine façon Nouvelle-France,165,165-169,rue,169,,Saint-Paul,Est,Ville-Marie (Montréal),,1814,,-73.5528,45.5072
0040-65-4829-01,110 rue Saint-Paul Est,non applicable,110,110,rue,110,,Saint-Paul,Est,Ville-Marie (Montréal),,1979,,-73.5527,45.5067
0040-65-4829-02,Immeuble Simon-Valois II,indéterminé,104,104,rue,104,,Saint-Paul,Est,Ville-Marie (Montréal),"Tout indique que le bourgeois Simon Valois fait relier en 1858 une maison-magasin et un entrepôt bâtis huit ans plus tôt pour former ce magasin-entrepôt. Propriétaire de l'emplacement depuis 1840, Valois avait fait construire, après un incendie au printemps 1850, une maison-magasin de trois étages sur la rue Saint-Paul vouée au commerce et à l'habitation ainsi qu'un entrepôt de quatre étages sur la rue des Commissaires (rue de la Commune) dédié au commerce. 

En septembre 1858, l'entreprise E. Hudon Fils & Cie loue les deux bâtiments pour le 1er mai suivant et s'engage d'ici-là à les rénover. C'est fort probablement à ce moment que les deux immeubles sont fusionnés en un seul, couvrant tout le lot et coiffé d'un toit à mansarde. Le nouveau magasin-entrepôt à vocation exclusivement commerciale abrite au cours du XIXe siècle essentiellement des firmes marchandes qui occupent l'un ou l'autre des bâtiments initiaux. Le marchand de cuir Siméon Delorme s'installe notamment sur la rue Saint-Paul pendant plus de trente ans à compter de 1872. 

Au début du XXe siècle, l'immeuble change de vocation pour servir à la fabrication de produits manufacturés. En 1905, il est occupé en entier par un fabricant de bottes et de souliers. En novembre 1912, la succession Valois vend la propriété. Celle-ci sert toujours pendant une soixantaine d'années de lieu de fabrication et d'entreposage notamment pour des compagnies d'importation. Vers 1925, l'immeuble est augmenté d'un étage et couvert d'un toit plat. 

Depuis les années 1970 et encore en 2004, le bâtiment est l'hôte d'une boîte à chanson.
",1858,1859,-73.5527,45.5066
0040-65-5442-00,Immeuble Alexandre-Roy,indéterminé,114,114,rue,114,,Saint-Paul,Est,Ville-Marie (Montréal),,1859,1860,-73.5526,45.5068
0040-65-5953-00,Magasin-entrepôt John-Pratt,magasin-entrepôt,120,120-124,rue,124,,Saint-Paul,Est,Ville-Marie (Montréal),"En 1874, John Pratt, de son vrai nom Jean-Baptiste Pratt, et son frère Charles-Ferdinand acquièrent ce terrain de la succession de Joseph Normandeau. Les frères Pratt font aussitôt démolir les deux vieux bâtiments en pierre qui s'y trouvent et y font ériger un magasin-entrepôt de cinq étages, terminé vers le début de 1875. En juin 1876, John Pratt achète la part de son frère. Il décède le mois suivant. 

Deux locataires occupent l'immeuble en 1875 : l'épicier en gros Gaucher Telmosse Co. et le marchand de tissus Joseph N. Dupuis. Après quelques années, Gaucher Telmosse Co. occupe l'ensemble du bâtiment. Il quitte les lieux au début des années 1890, remplacé par une succession de grossistes en épicerie. 

L'immeuble, géré par la succession John Pratt, est vendu en 1917 aux négociants Patenaude et Carignan Co. ltd, locataires des lieux depuis quelques années. Cette entreprise vend en 1922 au grossiste en tissus Couvrette Sauriol ltée, déjà propriétaire de l'immeuble voisin du côté est. Des ouvertures sont pratiquées dans les murs intérieurs afin de permettre une communication entre les deux bâtiments. 

En 1941, Couvrette Sauriol ltée vend ses deux bâtiments de la rue Saint-Paul à la Coopérative fédérée de Québec qui occupe les lieux jusqu'en 1961, puis revend le tout à Antonio Bourque, épicier en gros. On peut encore observer son nom sur la façade secondaire de l'immeuble. L'année 1977 marque la fin de la vocation d'entreposage dans l'immeuble Pratt. 
",1874,1875,-73.5526,45.5069
9940-27-8955-01,Maisons Charles-Sheppard,Maison en rangée,2082,2082,rue,2082,,Jeanne-Mance,,Ville-Marie (Montréal),,1890,0,-73.570025,45.508799
9940-27-8459-01,Maison Victoria J.-Prentice,Maison en rangée,2086,2086-2088,rue,2088,,Jeanne-Mance,,Ville-Marie (Montréal),,1888,0,-73.570101,45.508826
9940-27-7763-01,Maison Daniel-Kneen,Maison en rangée,2090,2090-2092,rue,2090,,Jeanne-Mance,,Ville-Marie (Montréal),,1886,0,-73.570178,45.508855
9840-91-6512-01,Club universitaire,Club privé,2045,2047,rue,2047,,Mansfield,,Ville-Marie (Montréal),,1912,1913,-73.574332,45.502873
0041-85-6028-01,Maison Marguerite-Hay,Maison isolée,511,511,rue,515,,Montcalm,,Ville-Marie (Montréal),,1853,0,-73.550069,45.515587
0141-08-6811-01,Brasserie Molson,indéterminée,1500,1670,rue,1670,,Notre-Dame,Est,Ville-Marie (Montréal),,NULL,NULL,-73.547186,45.519799
0142-10-5285-01,2000 rue Notre-Dame Est,indéterminée,1806,2000,rue,2000,,Notre-Dame,Est,Ville-Marie (Montréal),,NULL,NULL,-73.547048,45.519053
0142-14-3039-01,Prison des Patriotes au Pied-du-Courant,Prison,2121,2121-2145,rue,2145,,Notre-Dame,Est,Ville-Marie (Montréal),,1832,1836,-73.546403,45.523682
0142-14-3039-02,Maison du gouverneur de la prison du Pied-du-Courant,Maison isolée,2121,2121-2145,rue,2145,,Notre-Dame,Est,Ville-Marie (Montréal),,1894,0,-73.546450,45.523248
9942-94-9369-01,Église Sacré-Coeur,Édifice de culte,1471,1471-1495,rue,1495,,Ontario,Est,Ville-Marie (Montréal),,NULL,NULL,-73.561220,45.523992
0040-65-6365-00,Magasin-entrepôt Ricard,magasin-entrepôt,130,130,rue,130,,Saint-Paul,Est,Ville-Marie (Montréal),"C’est la succession Ricard, formée de Louis Ricard et de Mme Louis H. Latour, qui fait construire ce magasin-entrepôt en 1877-1878. Sur le terrain, se trouve alors une ancienne maison-magasin qui n’a plus de fonction résidentielle depuis le début des années 1860 et qui sera démolie. Au départ, le bâtiment accueille trois locataires qui occupent des espaces de dimension et de valeur inégales. Ces premiers occupants, des marchands, n’y demeurent pas très longtemps. Le tout premier, l’épicier Joseph Robitaille, occupe une partie de l’espace durant un an, de 1878 à 1879. Le deuxième occupant est le marchand Ovide Dufresne, présent de 1879 à 1881, alors que le troisième, Fabre & Simpson, y reste aussi deux ans, de 1881 à 1883. 

Des années 1880 aux années 1920, plusieurs locataires se succèdent dans les espaces du magasin-entrepôt, mais la plupart n’y restent pas très longtemps. Parmi les nombreux occupants de cette période, on trouve un quincaillier, un marchand de farine et un manufacturier de tabac à priser. Le premier décembre 1923, le bâtiment est vendu à la Coopérative fédérée de Québec, un regroupement de coopératives agricoles québécoises, qui existe toujours en 2005. Elle y demeure près de quarante ans, jusqu'en 1961. Le bâtiment sert alors de siège social et d'entrepôt à la coopérative. La Coopérative fédérée de Québec achète le bâtiment voisin, le 120-124 Saint-Paul Est, en 1941.

Des années 1960 à 2004, des entreprises variées s’installent dans le bâtiment, dont un épicier et quelques marchands. En 2004, on y trouve des boutiques donnant sur la rue Saint-Paul, des comptoirs de nourriture légère et friandises du côté de la rue de la Commune, et un peu d'espace d'habitation.",1877,1878,-73.5525,45.507
0040-65-6775-00,Immeuble Joseph-Auguste-Laviolette,indéterminé,136,136,rue,136,,Saint-Paul,Est,Ville-Marie (Montréal),NULL,1893,,-73.5525,45.5071
0040-65-6982-00,Magasin-entrepôt Victor-Hudon,magasin-entrepôt,138,138,rue,138,,Saint-Paul,Est,Ville-Marie (Montréal),"Le propriétaire constructeur de ce magasin-entrepôt est l’homme d’affaires montréalais bien connu, Victor Hudon. C’est en 1861 que le bâtiment est construit à l’endroit où se trouvait auparavant un bâtiment qui était fort probablement une maison-magasin. Lors de la première occupation, le magasin-entrepôt accueille deux occupants. Hudon & Gélinas, marchands de <i>dry goods</i> (tissus, articles de mercerie et peut-être d'autres produits), occupent un espace locatif dont l’adresse est sur la rue St-Paul. Ils demeurent dans le bâtiment pendant neuf ans, de 1862 à 1871. L’autre occupant est le propriétaire constructeur, Victor Hudon, qui occupe un espace dont l’adresse est sur la rue des Commissaires (aujourd’hui de la Commune) à titre de négociant (<i>flour dealer</i>). L’entreprise de Victor Hudon occupera les lieux seulement un an, de 1862 à 1863.

En 1870-1871, Victor Hudon vend le bâtiment à la Compagnie du Richelieu, devenue ensuite la Richelieu & Ontario Navigation Co., qui l’utilise principalement comme entrepôt jusqu’en 1913. C’est alors que l’entreprise est fusionnée, par les monopoles britanniques Furness & Vickers, à quatre autres entreprises de transport maritime pour former la Canada Steamship Lines (CSL). À partir de 1913, la CSL occupe le bâtiment et s’en sert surtout comme entrepôt. La Canada Steamship Lines demeure propriétaire du bâtiment jusqu’en 1980.

À partir des années 1980 et dans les années 1990, la fonction du magasin-entrepôt change complètement et on y trouve désormais un logement, des boutiques et des restaurants. En 2004, le rez-de-chaussée, rue Saint-Paul, est occupé par une boutique de souvenirs. Il y a un restaurant à l'étage et un autre, rue de la Commune. Le dernier étage est habité.",1861,,-73.5524,45.5071
0040-65-7292-00,Immeuble de la Canada Steamship Lines Co.,non applicable,140,140,rue,140,,Saint-Paul,Est,Ville-Marie (Montréal),,1945,,-73.5524,45.5072
0040-66-0237-00,Maison-magasin Jean-Baptiste-Castonguay,maison-magasin,432,432-436,place,436,,Jacques-Cartier,,Ville-Marie (Montréal),"Jean-Baptiste Castonguay fait construire cette maison-magasin en 1828. Castonguay est propriétaire de l’emplacement, avec un bâtiment en bois, par la donation que lui en a fait sa mère en 1827. Une annonce publiée dans <i>La Minerve</i> en janvier 1829, permet à la fois d’apprendre la construction récente de l’immeuble à louer et de connaître ses fonctions d’origine, commerciale et résidentielle, à l’instar des autres maisons-magasins : &laquo;&nbsp;deux magasins spacieux avantageusement situés sur le nouveau marché, dans cette nouvelle maison de pierre à deux étages [n’incluant probablement pas le rez-de-chaussée], voisine de Mr. Séraphino Giraldi. Les caves sont séparées et disposées d’une manière convenable pour le commerce de groceries. Le haut de la maison fournit des logemens [sic] propres et convenables pour deux familles&nbsp;&raquo;. L’aubergiste Michel Jacques s’y établit en mai 1829.

Cette double vocation résidentielle et commerciale se perpétue jusqu’au milieu du XXe siècle. En 1850-1851, Ferdinand Perrin, marchand de tissus, d’articles de mercerie et d’autres produits (<i>dry goods</i>), achète l’emplacement des héritiers Castonguay. En 1853, alors qu’il loue l’immeuble à un marchand de cuir et de chaussures, il s’engage à effectuer d’importantes modifications. En plus de rénovations intérieures, Perrin engage le maçon Lambert Bleau et le menuisier Eugène Lamoureux pour remodeler la façade du rez-de-chaussée. Une adjonction servant de cuisine et de lieu d’entreposage est aussi ajoutée à l’arrière. Des artisans dont un sellier et un ferblantier ainsi que des marchands, notamment des marchands de chaussures et de fruits et de légumes dont Osias Séguin, occupent successivement le bâtiment. 

Dès 1940, l’immeuble est l’hôte d’un restaurant. Un incendie endommage le bâtiment en 1975 forçant des rénovations. En 2004, un restaurant occupe toujours le premier (rez-de-chaussée) et le deuxième étage, alors que le troisième étage sert à l’habitation.",1828,,-73.5533,45.5076
0040-66-0401-01,Entrepôt frigorifique Cherrier,non applicable,419,419-423,rue,423,,Saint-Vincent,,Ville-Marie (Montréal),"L'entrepôt frigorifique Cherrier est érigé en deux étapes. La section la plus ancienne est construite le long de la rue Saint-Amable entre 1896 et 1899 sur la propriété de Philomène Charlotte et Marie Jophte Cherrier. Les architectes Cox et Amos intègrent dans la nouvelle construction un des trois bâtiments qui s'y trouvent (vestige Côme Séraphin Cherrier). L'entrepôt terminé, il est aussitôt loué à l'épicier Charles Langlois qui entreprend divers travaux à ses frais, dont l'installation d'un système de réfrigération. 

La seconde section, la partie nord de l'entrepôt frigorifique, est construite en 1904 sur un terrain acheté de la succession Branchaud par Gunn, Langlois & Co. La maison de pierre et la manufacture qui s'y trouvent sont d'abord démolies, puis l'architecte William E. Doran conçoit un immeuble de cinq étages contigu à l'entrepôt frigorifique de 1896-1899. Dans les faits, les deux immeubles ne font qu'un. 

De 1904 à 1935, les grossistes Gunn, Langlois & Co. occupent le bâtiment en entier bien qu'ils soient seulement propriétaires de la partie construite en 1904. La compagnie vend sa partie en 1937 à la Canada Packers Inc qui à son tour occupe les deux sections du bâtiment. Cette dernière fait l'acquisition de la seconde partie en 1954 et ne quitte l'entrepôt frigorifique Cherrier qu'en 1980.",1896,1899,-73.5533,45.5073
0040-66-0401-02,Maison du Cabinet-de-Côme-Séraphin-Cherrier,maison urbaine façon Nouvelle-France,419,419-423,rue,423,,Saint-Vincent,,Ville-Marie (Montréal),"Ce vestige est constitué des murs de façade de l'édifice où logeait le cabinet de l'avocat montréalais Côme Séraphin Cherrier, patriote, propriétaire foncier et cousin de Denis Benjamin Viger, seigneur de l'île Bizard. Cette ancienne maison construite en 1818 possède à l'origine deux étages et demi. Après la mort de Cherrier en 1885, l'édifice est occupé pendant environ 10 ans avant d'être partiellement démoli et intégré à un entrepôt de trois étages. Pour plus de renseignements, veuillez consulter la fiche de l'entrepôt Cherrier dans le présent ensemble.
",1818,,-73.5533,45.5072
0040-66-2723-00,Magasin Côme-Séraphin-Cherrier,non applicable,420,420,place,420,,Jacques-Cartier,,Ville-Marie (Montréal),,1866,,-73.553,45.5075
0040-66-2998-00,Maison Jacob-Wurtele,maison urbaine façon Nouvelle-France,431,431-433,place,433,,Jacques-Cartier,,Ville-Marie (Montréal),,1804,,-73.553,45.5081
0040-66-3518-00,Maison Perrine-Charles-Cherrier,maison urbaine façon Nouvelle-France,410,410,place,410,,Jacques-Cartier,,Ville-Marie (Montréal),,1813,,-73.5529,45.5075
0040-66-4111-00,Entrepôt Del Vecchio,non applicable,183,183,rue,183,,Saint-Paul,Est,Ville-Marie (Montréal),,1815,,-73.5528,45.5074
0040-66-4289-00,Hôtel Nelson,non applicable,417,417-425,place,425,,Jacques-Cartier,,Ville-Marie (Montréal),"
",1865,,-73.5528,45.5081
0040-66-4906-00,Immeuble Del Vecchio,non applicable,177,177-181,rue,181,,Saint-Paul,Est,Ville-Marie (Montréal),,1814,,-73.5527,45.5074
0040-66-4921-00,Auberge Pierre-Del Vecchio,maison urbaine façon Nouvelle-France,404,404,place,404,,Jacques-Cartier,,Ville-Marie (Montréal),,1806,1807,-73.5527,45.5075
0040-66-5678-00,Maison Parthenais-Perrault II,maison-magasin,407,407-413,place,413,,Jacques-Cartier,,Ville-Marie (Montréal),,1812,,-73.5526,45.5079
0040-66-6898-00,Magasin-entrepôt Hubert-Paré,magasin-entrepôt,273,273-277,rue,277,,Saint-Paul,Est,Ville-Marie (Montréal),,1851,1852,-73.5524,45.5082
0040-66-6984-00,Maison-magasin Augustin-Perrault,maison-magasin,265,265-271,rue,271,,Saint-Paul,Est,Ville-Marie (Montréal),,1845,,-73.5523,45.508
0040-66-7604-01,Magasin-entrepôt Thomas-Wilson,magasin-entrepôt,158,158,rue,158,,Saint-Paul,Est,Ville-Marie (Montréal),"En 1861, le quincaillier montréalais Thomas Wilson fait construire ce magasin-entrepôt à la forme géométrique particulière. Son emplacement était auparavant occupé par des bâtiments, qui ont été démolis, dont la fonction principale était commerciale, mais dans lesquels il y avait également de l’habitation. Le premier occupant du bâtiment est Thomas Wilson & Co. La compagnie du propriétaire constructeur occupera les lieux pendant trente-deux ans, de 1862 à 1894. Elle est spécialisée dans le commerce, en gros et au détail, de quincaillerie. Par la suite, William Wilson & Co. prend la relève et occupe les lieux jusque vers 1900. 

Au tournant du XXe siècle, l'organisation interne du bâtiment est transformée. Ce dernier accueillera parfois un seul occupant, parfois deux. Il n’est pas aisé de déterminer comment l’intérieur du bâtiment est divisé. On sait cependant qu’il possède une ou deux adresses, sur des Commissaires et/ou sur Saint-Paul, selon les années. Au début du XXe siècle, à l’adresse du magasin-entrepôt sur la rue des Commissaires, se trouve un restaurant et ensuite un hôtel. Au même moment, dans l’espace locatif dont l’adresse est sur la rue Saint-Paul, se trouve l’entreprise Mander Frères, spécialisée dans les vernis et la peinture. Dans les années 1920, 1930 et 1940, des grainetiers s’installent à tour de rôle à l’adresse du bâtiment sur Saint-Paul. À partir de 1935 environ, et jusque vers 1975, des marchands de fruits occupent en alternance le bâtiment à l'adresse sur des Commissaires. 

À partir des années 1960, tout change. Des travaux de rénovation ont lieu en 1968, en 1973 et 1977. Le restaurant <i>Chez Queux</i> s'y installe alors. Il partagera les lieux avec d’autres restaurants, des ateliers et une discothèque. En 2004, il est toujours dans l'immeuble (relié au bâtiment voisin). Il y a alors des logements aux derniers étages.",1861,,-73.5523,45.5074
0040-66-7604-02,154 rue Saint-Paul Est,indéterminé,154,154,rue,154,,Saint-Paul,Est,Ville-Marie (Montréal),NULL,1860,,-73.5524,45.5073
0040-66-9451-00,Magasin-entrepôt Thomas-Tiffin,magasin-entrepôt,250,250,rue,250,,Saint-Paul,Est,Ville-Marie (Montréal),"En 1854, Thomas Tiffin acquiert un terrain sur lequel se trouve un bâtiment commercial dans lesquel il y a aussi de l'habitation, au début des années 1850. Thomas Tiffin rénove ce bâtiment en 1855, mais ce n’est visiblement pas suffisant puisqu’il fait construire le magasin-entrepôt actuel en 1857. L’architecte de ce bâtiment est fort probablement William Footner. 

Tiffin & Co., épiciers, est le premier occupant du magasin-entrepôt. L’entreprise s’y installe dès 1858 et y demeure jusqu’en 1886, soit vingt-huit ans. Au départ, Tiffin & Co. occupe environ la moitié du magasin-entrepôt pour finalement étendre ses activités, vers 1880, à la quasi totalité du bâtiment. À l’origine, l’autre moitié est occupée par trois locataires qui demeurent peu de temps sur les lieux. De 1860 à 1861, on y trouve Pierre Dufresne, fabricant de souliers, et Ovide A. Richer, commerçant. De 1860 à 1862, il y a Pierre R. Fauteux, marchand. La fonction d’origine du magasin-entrepôt est clairement commerciale. 

En 1888, suite à un incendie, le toit et le dernier étage du bâtiment sont transformés. En effet, du fronton triangulaire d’origine, il ne reste rien. Il a été remplacé par un toit plat. Après le départ de Tiffin & Co., plusieurs épiciers vont occuper les lieux, ce qui n’est pas étonnant compte tenu de la proximité du marché Bonsecours et de la place Jacques-Cartier. Le plus important est certainement Lalonde & Desroches, épiciers en gros, présent dans le bâtiment pendant environ 50 ans à compter de la fin du XIXe siècle. Vers 1905, une succursale de la Molson’s Bank s’installe au rez-de-chaussée, rue Saint-Paul. La Banque de Montréal achète la Molson’s Bank en 1925 et continue d’occuper les lieux pendant une vingtaine d’années.

Après 1945, le nombre d’occupants augmente et les fonctions de l’immeuble se modifient. D’importantes rénovations ont lieu dans les années 1980. Désormais, le rez-de-chaussée est caractérisé par la présence de restaurants, alors que des créateurs (cinéastes, photographes) installent leurs bureaux à tour de rôle aux étages. Il y aura aussi des logements aux deux derniers étages.",1857,,-73.5521,45.5078
0040-66-9863-00,252-256 rue Saint-Paul Est,non applicable,252,252-256,rue,256,,Saint-Paul,Est,Ville-Marie (Montréal),,1977,,-73.5521,45.5079
0040-67-5192-00,425-441 rue Saint-Claude ,non applicable,425,425-441,rue,441,,Saint-Claude,,Ville-Marie (Montréal),,1997,,-73.5527,45.509
0040-67-7380-01,417-423 rue Saint-Claude ,indéterminé,417,417-423,rue,423,,Saint-Claude,,Ville-Marie (Montréal),NULL,1919,,-73.5524,45.509
0040-67-7380-02,Immeuble Legault et Masse,non applicable,411,411,rue,411,,Saint-Claude,,Ville-Marie (Montréal),"Ce bâtiment, dont la structure date probablement d'avant 1815, est occupé par une auberge dans les années 1850 et 1860, puis transformé en maison unifamiliale. Napoléon Lefebvre s'en porte acquéreur en juin 1875 à la suite d'un jugement de la cour ordonnant la vente des biens de la succession Alfred Turgeon. Redevenu une auberge vers 1880, le bâtiment est rénové durant l'été 1892, transformé en salle à manger et loué à Auguste Saint-Germain. La facture architecturale de la façade est alors profondément altérée : le toit en pente est relevé et une fausse mansarde est ajoutée. Napoléon Lefebvre meurt quelques mois plus tard.

La fonction de restauration est maintenue jusqu'à la Deuxième Guerre mondiale, malgré un changement de propriétaire en 1909 (Joseph Edmond Morin). En 1944, le locataire, l'épicier Legault & Masse Ltée, présent dans le secteur depuis quelques décennies, achète la propriété et y installe les bureaux de ses représentants. Le matériau de la façade est remplacé par de la pierre moderne et la fausse mansarde est enlevée.

L'entreprise cesse ses activités au début des années 1960, et vend la propriété en 1964. Le bâtiment est rénové l'année suivante; il prend alors l'aspect qu'on lui connaît aujourd'hui et sert d'annexe au restaurant Le Fadeau situé au 417-423 Saint-Claude.",1944,,-73.5524,45.5089
0040-67-9370-01,Immeuble Alfred-Turgeon,non applicable,311,311,rue,311,,Saint-Paul,Est,Ville-Marie (Montréal),,1860,,-73.5521,45.5088
0040-68-2704-01,Magasin-entrepôt Donohue,magasin-entrepôt,300,300-304,rue,304,,Notre-Dame,Est,Ville-Marie (Montréal),"En 1875, la succession de Timothy Donohue décide de faire construire ce magasin-entrepôt sur un terrain ayant appartenu à Timothy Donohue de 1862 jusqu’à sa mort, en 1873. La succession fait démolir l’ancienne maison en pierre, au toit en pente, mais conserve certaines sections du bâtiment qui sont réutilisables, comme la cave et une petite partie des murs du côté de la rue Saint-Claude. L’architecte Ovide Mailloux a dessiné les plans du magasin-entrepôt. 

À l’origine, le bâtiment est divisé en trois magasins distincts. Le magasin Est est occupé, de 1877 à 1879, par les marchands tailleurs Langevin & Monday. Le magasin du centre est occupé, de 1877 à 1878, par une prêteuse sur gage, Edith Blumberg, qui habite également les lieux. Dans le magasin Ouest on trouve les marchands tailleurs Meunier & Germain (1877-1888), dont l’un des associés habite sur place. La fonction d’habitation demeure présente presque tout au long de l’histoire de ce magasin-entrepôt. 

Malgré la présence d’habitation, la fonction principale des lieux est commerciale, comme l’atteste la présence d’entreprises liées au secteur du vêtement. Des marchands de <i>dry goods</i> (tissus, articles de mercerie et peut-être d’autres produits) occupent la majorité de l’espace pour presque toute l’histoire du bâtiment. En effet, de 1877 jusque vers 1985, il y a toujours une entreprise de <i>dry goods</i> sur place. Notons parmi celles-ci Coutlée Frères, qui acquiert le bâtiment au début des années 1910 et qui l’occupe depuis environ 1890 et jusque vers 1925. C. & A. Anber & Sons Ltd. (<i>dry goods</i>) est présente dans le magasin-entrepôt d’environ 1940 jusque vers 1985. D’autres entreprises occupent aussi les lieux, pour très peu de temps, en parallèle avec ces occupants plus marquants. Dans les années 1970, les étages sont transformés en logements et le rez-de-chaussée accueille des commerces, une utilisation de l’espace qui perdure en 2004, alors que trois logements occupent les étages et un restaurant, le rez-de-chaussée. 

Notons l’importante modification qu’a subi la façade du magasin-entrepôt, vers 1945, alors que la pierre et l’importante fenestration d’origine sont remplacées par une devanture de brique et des fenêtres plus réduites.",1875,,-73.553,45.5092
0040-68-2704-02,443-447 rue Saint-Claude ,indéterminé,443,443-447,rue,447,,Saint-Claude,,Ville-Marie (Montréal),"Cet immeuble est construit vers 1910 lorsque le marchand Georges Coutlee fait l’acquisition de la propriété. Cependant, la structure du bâtiment date vraisemblablement du début des années 1860. 

Le marchand Timothy Donohue fait construire un bâtiment en bois de deux étages à cet endroit vers 1862. Il est alors en retrait de la rue de quelques mètres. De la fin des années 1870 à 1900, le rez-de-chaussée sert d’établissement hôtelier, tandis qu’un logement occupe le second étage. À partir de 1903, le rez-de-chaussée de l'immeuble est relié au bâtiment mitoyen de la rue Notre-Dame pour les besoins de la maison Coutlée et Frères, des marchands de tissus, d’articles de mercerie et possiblement de produits divers (<i>dry goods</i>). Un des propriétaires de l’entreprise, Georges Coutlée, fait l’acquisition du bâtiment en 1910 : une nouvelle façade est alors construite. Un plan de 1912 nous montre en effet pour la première fois la nouvelle façade alignée sur les autres devantures de la rue Saint-Claude. Au cours des décennies suivantes, l’immeuble continue d'abriter le même type de commerce au rez-de-chaussée, tandis qu'un logement occupe l'étage supérieur.",1910,,-73.5529,45.5091
0040-68-4420-01,Maison William-Maitland,non applicable,320,320,rue,320,,Notre-Dame,Est,Ville-Marie (Montréal),"William Maitland, un des plus importants négociants de la ville, faisait partie d'un groupe restreint de personnes qui, à la fin du XVIIIe siècle, avaient les moyens et le désir de garder à distance leur résidence et leur lieu d'affaires. En 1796, Maitland, avant même d'avoir son titre de propriété, avait engagé le maître maçon François-Xavier Daveluy dit Larose pour la construction d'une maison sur un grand terrain situé sur la rue Notre-Dame, l'artère la plus recherchée à l'époque pour les résidences bourgeoises. Maitland venait toute juste d'acheter, par vente de shérif, l'ancienne maison en pierre à un étage appartenant au juge John Fraser. À l'origine, la nouvelle maison avait une apparence nettement différente de celle de l'immeuble actuel : plutôt que les trois étages et le toit plat qu'on voit aujourd'hui, elle n'avait que deux étages surmontés par un toit à deux versants avec des coupe-feu de part et d'autre. À l'entrée se trouvait un portail de style néo-classique, un élément architectural toujours visible sur des photographies du XIXe  siècle. Sur le côté est de la maison, la majeure partie du terrain était aménagée en un des plus grands jardins privés à l'intérieur de la ville fortifiée.

En 1803, Maitland vendait la maison à un autre important négociant montréalais, John Forsyth de la société Forsyth, Richardson and Company, concurrente de la compagnie du Nord-ouest dans le commerce des fourrures. La maison demeure entre les mains de la famille Forsyth jusqu'en 1845. Un an plus tard, le terrain était subdivisé et sa partie ouest sur laquelle s'élevait la maison passait à Georges René Saveuse de Beaujeu, seigneur de Soulanges et membre du Conseil législatif de 1848 à sa mort en 1865. Son mari étant décédé intestat, sa veuve Catherine Adélaide Aubert de Gaspé devait rassembler les parts de ses enfants, un processus qui dura plus de 20 ans, avant de donner le tout à sa fille, Marie-Alice, veuve de Alain Siréchan de Kersabiac, pour la récompenser de sa sollicitude. Même si la famille de Beaujeu fut propriétaire de l'immeuble durant trois quarts de siècle, elle n'y résida que de manière très ponctuelle, les membres de la famille préférant s'établir au manoir de Soulanges ou en France. 

À partir de 1870, la maison changeait de vocation : de résidentielle, elle devenait commerciale. En 1903, afin de gagner plus d'espace, on remplaçait le toit à pignon par un troisième étage surmonté d'un toit plat. En 1922, la maison n'appartenait plus à la famille de Beaujeu. Elle avait tout de même accueilli divers locataires : un charretier, un carrossier, un marchand de grains et de foin et d'autres. Mais depuis au moins 1918, une imprimerie occupe les lieux ; probablement la construction d'une rallonge au niveau de l'entresol date des premières années de cet usage. Après quelques autres changements de propriétaire, le publiciste Noël Lanoix la posséda pendant huit ans avant de la céder au marchand Albert Hudon en 1935. Ce dernier en retenait la possession jusqu'en 1951. Durant cette période de 30 ans, les lieux furent occupés par la Compagnie d'Imprimerie des Marchands. Par la suite, pendant la propriété de Philippe Ayoub, divers commerces occupèrent l'immeuble, notamment un marchand en gros d'olives et d'oignons, le restaurant Maison de Beaujeu et le théâtre expérimental de Jean-Pierre Ronfard. En 1986 la société Mongeau, Bacon, Chen et associés, graphistes et photographes, a acquis l'immeuble et l'a réaménagé en bureaux. La rénovation a impliqué la conservation de la forme existante et la démolition presque complète de l'intérieur, à l'exception des pièces structurales qui avaient résisté à la pourriture. 
",1796,,-73.5528,45.5093
0040-68-4420-02, rue Notre-Dame Est,non applicable,318,,rue,318,,Notre-Dame,Est,Ville-Marie (Montréal),,1958,,-73.5528,45.5092
0040-68-5646-00,Immeuble Louis-Bournival,non applicable,334,334-338,rue,338,,Notre-Dame,Est,Ville-Marie (Montréal),,1919,1920,-73.5526,45.5095
0040-68-5769-00,Magasin-entrepôt George-Étienne-Cartier I,magasin-entrepôt,340,340-348,rue,348,,Notre-Dame,Est,Ville-Marie (Montréal),"C’est en 1864 qu’est construit ce magasin-entrepôt, sur un lot vacant depuis plusieurs années. Son propriétaire constructeur n’est nul autre que George-Étienne Cartier, qui travaille alors activement au projet de confédération canadienne. Le bâtiment comprenant deux espaces locatifs, est construit selon &laquo;&nbsp;les règles de l’art&nbsp;&raquo; et les spécifications de Cartier, comme le stipule le marché de construction. L'architecte du bâtiment est inconnu. Cartier et ses descendants conservent la propriété de l’immeuble jusqu’en 1952.

Depuis sa construction, l’occupation du magasin-entrepôt a été diversifiée tout en attirant une grande concentration d’entreprises liées au secteur du vêtement. Le premier occupant de l’espace locatif à l’Ouest du bâtiment est Larue & Co., marchands tailleurs, qui est présent un an, de 1865 à 1866. Le premier occupant de l’espace locatif situé à l’Est du bâtiment est William Allen & Co., un ébéniste. Ce dernier est présent dans le magasin-entrepôt pendant deux ans, de 1866 à 1868. 

Par la suite, différentes entreprises vont occuper le magasin-entrepôt quelques années chacune sans véritablement marquer son histoire. On y retrouve, par exemple, un statuaire et un libraire en plus des tailleurs et des fabricants de produits textiles. Vers 1905, l’entreprise National Clothing Co. s’installe sur les lieux et y demeure environ 50 ans, soit jusque vers 1955. Après son départ, la fabrication disparaît. Dans les années 1960, la fonction commerciale n'est maintenue qu'au rez-de-chaussée alors que quatre logements sont aménagés aux étages. En 2004, ces logements s’y trouvent toujours, tandis que le rez-de-chaussée accueille une boutique et une galerie d’art.",1864,,-73.5526,45.5097
0040-68-6280-00,Magasin-entrepôt George-Étienne Cartier II,magasin-entrepôt,350,350-350A,rue,350,,Notre-Dame,Est,Ville-Marie (Montréal),"Ce magasin-entrepôt est construit par l’honorable George-Étienne Cartier en 1864 sur un lot vacant dont il était propriétaire  depuis quelques années. La famille Cartier conservera la propriété de l’immeuble jusqu’en 1952. L'immeuble appartient à un ensemble formé de deux bâtiments comptant chacun deux magasins. Il accueille ses premiers occupants en 1865 et en 1866. Il s’agit  du prêteur sur gage Jacob L. Moss, présent de 1865 à 1870, et du sellier Robert Morris, dont le séjour ne dure qu’une seule année.

Des années 1870 jusqu’en 1940, les deux parties de l’immeuble ont des histoires distinctes. La section Ouest est occupée par une succession de prêteurs sur gages, dont Mme Dora Lazarus, présente pendant une trentaine d’années. L’espace commercial voisin accueille plutôt des  marchands en gros de tissus ainsi que des tailleurs. Pendant près de trente ans, la Abdelmour & Bouziane Importing Co., grossistes en tissus, y reçoit ses clients. Pendant ces années, les étages supérieurs de l’immeuble sont parfois destinés à des fins résidentielles; ils hébergent alors  le locataire du rez-de-chaussée ou ses employés.

Vers 1940, les deux parties de l’immeuble  sont réunies en une seule adresse civique, mais plusieurs locataires partagent toujours l’espace. C’est peut-être vers la même époque que deux balcons métalliques apparaissent en façade. Entre 1940 et 1970, le commerce en gros de tissus de Jos. Tabah & Fils est une présence constante et semble occuper l’ensemble du rez-de-chaussée; cet occupant et au moins un autre plus tôt dans le siècle témoignent de la présence, longtemps importante, des marchands d'origine syrienne dans le secteur. Au fil des ans, l’entreprise côtoie plusieurs voisins, dont un fabricant de bijoux et une librairie pédagogique (et peut-être certains résidants). La fonction résidentielle est évidente en 1970 alors qu'on trouve des logements aux étages supérieurs. Les logements aux étages et les commerces au rez-de-chaussée sont toujours présents au début du XXIe siècle.
",1864,,-73.5525,45.5098
0040-68-6993-00,Maison-magasin George-Étienne Cartier,maison-magasin,356,356-362,rue,362,,Notre-Dame,Est,Ville-Marie (Montréal),"Cette maison-magasin est construite en 1844-1845 à la demande de Georges-Étienne Cartier. Propriétaire de l’emplacement avec une maison au coin sud-ouest des rues Notre-Dame et Bonsecours depuis le printemps 1842, Cartier fait appel à l’entrepreneur Olivier Fréchette pour lui construire la maison-magasin. Comme d’autres bâtiments similaires, celle-ci est conçue pour être utilisée à des fins résidentielles et commerciales. Ainsi, au printemps 1845, l’épicier Joseph Nickless devient le premier locataire de la partie nord-est du bâtiment, comprenant un magasin au rez-de-chaussée et un logement au-dessus dont une cuisine et deux chambres au deuxième étage et quatre chambres et un cabinet d’aisance au troisième. Un bail de la partie sud-ouest consentit à un libraire en mai 1846 démontre que l’occupation de l’espace y est comparable.

L’immeuble conserve cette double vocation commerciale et résidentielle jusqu’à ce jour. Pendant la seconde moitié du XIXe siècle, son rez-de-chaussée abrite principalement de petits commerçants, tels que hôtelier, tailleur ou modiste, bijoutier et coiffeurs offrant leurs produits et services à la population locale. Parmi eux s’illustre notamment le pharmacien Pierre-Étienne Picault. Au cours de la première moitié du XXe siècle, le marchand de tabac Louis Bissonnette tient son commerce dans la partie ouest du rez-de-chaussée, alors que l’hôtel d’Uldéric Gauthier puis une épicerie occupent le magasin au coin des rues Notre-Dame et Bonsecours. Les résidants des logements sont fréquemment les mêmes personnes qui occupent les espaces commerciaux de l’immeuble. En 1953, la succession Cartier vend la propriété qui sera l’hôte dès les années 1970 d’une boutique d’artisanat et jusqu’au début des années 2000 d’un restaurant.",1844,1845,-73.5524,45.51
0040-68-7978-01,Maison Papineau,non applicable,440,440,rue,440,de,Bonsecours,,Ville-Marie (Montréal),"En 1779, le colonel John Campbell, commissaire responsable des affaires amérindiennes dans le district de Montréal, achetait ce terrain sur lequel l'ancien propriétaire, Joseph Papineau dit Montigny, avait fait construire une maison de bois avec une rallonge en pierre. Campbell attendit l'année 1785 avant d'engager le maçon Jean-Baptiste Cérat dit Coquillard pour y faire bâtir une nouvelle maison de pierre à deux étages en intégrant, semble-t-il, la rallonge. Après le décès de Campbell, la propriété passait à sa veuve qui la vendait en 1809 au notaire Joseph Papineau, fils de l'ancien propriétaire. Ayant récupéré la propriété paternelle, Papineau n'en fut à son tour propriétaire que pendant cinq ans avant de la céder à son fils Louis-Joseph, politicien qui jouissait déjà d'une certaine renommée comme réformiste et protecteur des droits des Canadiens français.

Bien que la maison, qui constitue la partie principale de l'immeuble actuel, ait subi d'importantes transformations par la suite, une description de l'aménagement intérieur vers 1830 écrite par Amédée Papineau, fils de Louis-Joseph nous livre un bon aperçu de son allure. À cette époque la maison n'avait pas la porte cochère surmontée des étages supérieurs. Du vestibule situé à l'entrée, on passait à gauche dans la bibliothèque et l'étude d'avocat du père ou à droite dans l'étude de notaire du grand-père. Un couloir menait du vestibule à l'arrière de la maison, séparant ainsi une cave de part et d'autre, chacune adossée à une des études à l'avant. Ce même corridor conduisait à une aile sur le côté de la cour arrière. Amédée se souvient d'une aile où l'on retrouvait une grande cuisine, surmontée par une autre cuisine à l'étage et des chambres sous le comble, mais en réalité l'étage de la seconde cuisine et des chambres n'existait pas avant les travaux de rénovation commencés en 1831. On gagnait le premier étage à partir d'un escalier tournant dans le vestibule. À l'étage, il y avait un petit salon à gauche et le grand salon à droite. En arrière de ce dernier, était située la chambre à coucher de la mère ouvrant sur la salle à manger qui occupait tout l'espace derrière le petit salon et l'escalier. Un toit en pente très raide abritait les autres chambres à coucher.

Responsables d'une famille toujours plus nombreuse au début des années 1830, Louis-Joseph Papineau et sa femme Julie Bruneau rejetaient l'idée de déménager et optaient plutôt pour la rénovation de la maison paternelle. Grâce à une riche correspondance entre les deux époux alors que Louis-Joseph s'occupait de politique à Québec au début de 1831, on peut apprécier leurs échanges d'opinion concernant la nature des travaux à faire, notamment par rapport au réaménagement de l'intérieur de la maison. En effet, Louis-Joseph insistait pour que sa femme accepte la répartition qu'il proposait, avec  &laquo;&nbsp;peu de déviation&nbsp;&raquo; sauf si elle lui prouvait que ses suggestions étaient meilleures, ce qui lui semblait peu probable ! Les décisions prises, les Papineau faisaient construire la porte cochère afin d'allonger la partie supérieure de la maison, ils ont fait agrandir la salle de compagnie et ont fait surélever l'aile de la cuisine. Concernant la façade de la maison, Papineau n'approuvait pas l'idée de lambrisser une maison de pierre, mais il était d'accord sur la nécessité de la faire en &laquo;&nbsp;rustique de bois peinturé&nbsp;&raquo; pour le bas seulement, &laquo;&nbsp; jusqu'au dessous des fenêtres pour cacher la mauvaise maçonne que l'abaissement de la rue a mis à découvert &nbsp;&raquo;. Il laissait toutefois le dernier mot sur cette question à sa femme qui a décidé de lambrisser la façade au complet afin de déguiser le mélange de composantes différentes.

Les rébellions de 1837-1838 bouleversèrent la vie des Papineau. À la suite de la défaite du mouvement patriote dont il était le chef, Papineau dut quitter le pays. Il établit d'abord sa résidence aux États-Unis et, entre 1839 et 1845, il s'installa en France. Durant cette période, la maison demeura vacante pendant quelques années avant d'être louée en 1842 à un hôtelier qui y établissait le Exchange Hotel. Deux ans plus tard, le Arcade Hotel s'y installait. Le retour d'exil de Papineau n'interrompit que brièvement la nouvelle vocation de l'immeuble. À partir de 1853 jusqu'au début des années 1960, l'immeuble abrita une série d'hôtels et de restaurants: successivement, les hôtels Empire, Rivard, Bonsecours et Royal en plus de quelques noms réutilisés par la suite. Avant 1878, date à laquelle un partage entre les membres de la famille nous donne une description de la maison transformée une fois de plus, on enlevait l'ancien toit à deux versants afin de surélever l'immeuble de deux étages en brique. 

Propriété de générations successives de Papineau jusqu'en 1920, la maison connut plusieurs propriétaires avant d'être achetée par le journaliste Eric McLean au début des années 1960. Ce dernier, un pionnier de la restauration et de la conservation du patrimoine du Vieux-Montréal, a restauré la maison selon son apparence des années 1830 et l'a occupé jusqu'à la fin de sa vie même si le gouvernement du Canada l'a achetée en 1982. En 1998, la façade de la maison était totalement restaurée : durant l'intervalle entre l'enlèvement de l'ancien lambrissage en bois et la pose du nouveau, le mur en pierre et brique fut exposé. La maison est classée monument historique depuis 1965.
",1785,,-73.55220,45.509926
0040-68-7978-02,Cuisine de la Maison-Papineau,non applicable,NULL,NULL,NULL,NULL,NULL,NULL,NULL,Ville-Marie (Montréal),,1752,,-73.552346,45.509873
0040-68-7978-03,NULL,non applicable,NULL,NULL,NULL,NULL,NULL,NULL,NULL,Ville-Marie (Montréal),,1965,,-73.552364,45.509794
0040-68-9278-01,Maison Jane-Tate II,maison-magasin,430,430,rue,430,de,Bonsecours,,Ville-Marie (Montréal),"Située à côté de la Maison Papineau, cette maison-magasin appartient à un ensemble formé de deux bâtiments construits en 1863-1864 pour Mlle Jane Tate, sur des terrains qui lui appartiennent depuis 1856. Le bâtiment de pierre de trois étages compte deux unités commerciales au rez-de-chaussée et des logements aux étages. Il est construit sur un terrain vacant adjacent à la résidence de Mlle Tate, démoli pour permettre la construction du bâtiment voisin. Jane Tate s’installe dans un logement des étages supérieurs du 430 Bonsecours dès sa construction et y réside jusqu’à sa mort en 1874. La propriété est alors transmise à ses frères et demeure aux mains de la famille Tate jusqu’en 1905.  

Immédiatement après sa construction, le 430 Bonsecours éprouve de la difficulté à attirer des occupants stables. Parmi ses nombreux locataires, on retrouve les épiciers Daigle & Giard, le Colonel Boucher et la veuve Raymond. On note aussi la présence de Napoléon Bourassa, sculpteur de renom et gendre de Louis-Joseph Papineau. Dans les décennies suivantes, les étages supérieurs accueillent un très grand nombre de locataires et de chambreurs -parfois jusqu’à une quinzaine; leur nombre diminue toutefois au XXe siècle. Le rez-de-chaussée accueille aussi plusieurs commerces différents, mais la situation se stabilise rapidement. Le secteur de l’alimentation s’impose avec l’arrivée du marchand de poissons et d’huitres D. Hatton & Co. en 1876; en 1912 ce dernier étend ses activités à l’ensemble du rez-de-chaussée de l’immeuble. Ce commerce est présent jusqu’au début des années 1960.  

En 1964, l’architecte Frederic Lebensold acquiert la propriété; il  effectue une restauration intérieure et extérieure du bâtiment dans le même esprit que la restauration de l’autre composante de l’ensemble Tate.  Entre 1970 et 1990, l’immeuble abrite une galerie d’art et divers bureaux, de même que quelques logements, dont celui du propriétaire. Au  début du XXIe siècle, une galerie d’art occupe le rez-de-chaussée du 430 Bonsecours  alors que les étages supérieurs sont utilisés à des fins résidentielles
",1863,1864,-73.5521,45.5099
0040-68-9278-02,NULL,non applicable,NULL,NULL,NULL,NULL,NULL,NULL,NULL,Ville-Marie (Montréal),Ce bâtiment est sans histoire.,9999,,-73.5522,45.5097
0040-68-9319-00,Hôtel du Canada,non applicable,339,339-349,rue,349,,Saint-Paul,Est,Ville-Marie (Montréal),,1861,,-73.5522,45.5092
0040-69-0497-00,417-419 rue Champ-de-Mars ,non applicable,417,417-419,rue,419,du,Champ-de-Mars,,Ville-Marie (Montréal),,1910,,-73.5533,45.5109
0040-69-2462-00,Immeuble de l'Association des débardeurs du port de Montréal,non applicable,525,525-539,rue,539,de,Bonsecours,,Ville-Marie (Montréal),"En 1923, à la suite d’un incendie qui ravage deux bâtiments, l’Association des débardeurs syndiqués du port de Montréal acquiert une propriété à l’angle des rues Champ-de-Mars et Bonsecours. Elle y fait construire, en 1924, un immeuble sous la supervision de l’architecte Emmanuel-Arthur Doucet. L’association syndicale s’installe aux deux derniers étages, tandis que les étages inférieurs sont occupés par des grossistes. Au milieu des années 1940, l’immeuble est transformé en manufacture de chaussures par la Bluestone & Co. La famille Bluestone conserve le bâtiment jusqu’au début des années 1980. Peu après, il est recyclé en copropriétés.",1924,,-73.553,45.5106
0040-69-2784-00,Maison Thomas-Hood,non applicable,410,410-416,rue,416,du,Champ-de-Mars,,Ville-Marie (Montréal),,1860,,-73.553,45.5108
0040-69-3896-00,Maison Polyxène-Beaudry,non applicable,422,422-430,rue,430,du,Champ-de-Mars,,Ville-Marie (Montréal),Polyxène Beaudry fait construire cette maison en 1892. La maison compte à l’origine six logements dont la plupart sont occupés par des ménages relativement aisés. La maison a fait l'objet de travaux de restauration en 1986. Elle a été transformée depuis en copropriétés.,1892,,-73.5529,45.5109
0040-69-4147-00,519 rue Bonsecours ,non applicable,519,519,rue,519,de,Bonsecours,,Ville-Marie (Montréal),,1903,,-73.5528,45.5104
0040-69-4278-00,Ateliers Thomas-Hood,non applicable,412,412-414,rue,414,du,Champ-de-Mars,,Ville-Marie (Montréal),,1857,1858,-73.5529,45.5107
0040-69-6584-00,Maison-magasin Jean-Baptiste-Beaudry,maison-magasin,433,433,rue,433,,Notre-Dame,Est,Ville-Marie (Montréal),,1846,1847,-73.5523,45.5107
0040-69-6672-00,Maison-magasin Mary-Grant,maison-magasin,425,425,rue,425,,Notre-Dame,Est,Ville-Marie (Montréal),,1845,,-73.5525,45.5106
0040-69-7699-00,Maisons-magasins Daniel-Gorrie,maison-magasin,435,435-443,rue,443,,Notre-Dame,Est,Ville-Marie (Montréal),,1846,1847,-73.5523,45.5109
0040-69-8820-00,Magasin-entrepôt Alexandre-Maurice-Delisle,magasin-entrepôt,400,400-406,rue,406,,Notre-Dame,Est,Ville-Marie (Montréal),"En 1862, l’homme d’affaires montréalais Alexandre-Maurice Delisle acquiert, de la succession de Jacques Viger, un très grand terrain situé au coin sud-est des rues Notre-Dame et Bonsecours. Delisle y fera éventuellement construire un ensemble de quatre bâtiments, dont ce magasin-entrepôt qui comprend deux magasins. Les autres bâtiments de cet ensemble disparaissent dans les années 1970. Après la mort de Delisle, en 1880, sa succession conserve la propriété de cet immeuble jusqu’en 1910.

C’est en 1864 que les premiers occupants s’installent sur les lieux. Bruneau, Nadeau et Cie., des épiciers et marchands de produits alcoolisés, louent le magasin Est. Ils demeurent dans le bâtiment seulement un an. Aimé Béliveau, un aubergiste qui habite les lieux, occupe également en 1864-1865, une partie du magasin Est. L’autre magasin est occupé pour la première fois en 1865 par Dupuis & Labelle, des marchands de <i>dry goods</i> (tissus, articles de mercerie et peut-être d’autres produits). Ils y restent jusqu’en 1869. Un des associés de cette entreprise, Édouard P. Labelle, utilise une partie des lieux, située aux étages, comme résidence de 1865 à 1867.

La plupart des entreprises qui se succèdent dans le bâtiment ont des fonctions commerciales, comme le montre la présence d’épiciers de 1865 à environ 1925 et d’une bijouterie des années 1920 aux années 1960. Par contre, notons qu’il y a de l’habitation pratiquement à toutes les époques dans le magasin-entrepôt. Cette habitation est principalement localisée dans les étages supérieurs du magasin Ouest. Un des occupants marquant de ce magasin-entrepôt est la maison de statuaires et modeleurs T. Carli-Petrucci Ltd., qui occupe d’abord les bâtiments voisins, à l’est, pour s’installer dans le magasin-entrepôt vers 1925. L’entreprise occupe le magasin Est jusque vers 1960. Au tournant des années 1970, la fonction du bâtiment change complètement puisqu’il accueille alors des entreprises liées au secteur de la production artistique, notamment de l’industrie cinématographique. Dans les années 1980, des logements occupent les étages, alors que l’organisme de promotion et de protection du patrimoine, Héritage Montréal, y a ses bureaux. En 1991, le bâtiment est restauré et transformé en immeuble de bureaux, bien qu’on y trouve un espace commercial au rez-de-chaussée en 2004.",1862,1863,-73.5522,45.5102
0040-70-9274-01,Hangar No 3,non applicable,1,,quai,1,,Alexandra,,Ville-Marie (Montréal),,1907,1908,-73.5516,45.5023
0040-70-9274-02,Hangars Nos 4 et 6,non applicable,1,,quai,1,,Alexandra,,Ville-Marie (Montréal),,1904,1908,-73.5507,45.5029
0040-76-0274-00,Immeuble Joseph-Roy,non applicable,262,262-264,rue,264,,Saint-Paul,Est,Ville-Marie (Montréal),,1852,1854,-73.552,45.508
0040-76-0685-00,Immeuble John-Elliott,maison-magasin,266,266-272,rue,272,,Saint-Paul,Est,Ville-Marie (Montréal),"En 1844, la Corporation de la Ville de Montréal a élaboré un grand projet d'établir des halles du marché afin de mieux répondre aux besoins de la population et à l'image qu'elle se faisait de sa ville. Bien que le Marché Bonsecours ait été la pierre angulaire de cette démarche, le conseil municipal prévoyait un autre immeuble qui servirait à la fois de marché aux poissons et de boutiques. À cette fin, au printemps 1844, la Ville acheta les deux lots bâtis et fit démolir la maison et la boutique construites en pierre sur la rue Saint-Paul et les grandes écuries en bois au niveau de la rue de la Commune. Elle constituait ainsi le terrain sur lequel furent érigés les commerces. Elle engagea l'architecte William Footner pour la conception du bâtiment et l'entrepreneur Pierre Lippé pour sa réalisation. Mais les travaux avançaient lentement, Lippé était incapable de respecter son contrat. En 1845, la ville dut faire appel à l'entrepreneur Vital Gibault afin de consolider les fondations de l'immeuble avant l'hiver. Bien qu'on proposa la mise sous contrat de nouveaux entrepreneurs en vue du parachèvement de l'immeuble pour mai 1846, les travaux furent suspendus jusqu'à ce que le Marché Bonsecours soit terminé. 

En effet, ce n'est qu'en 1847 que le comité des marchés décida de compléter le nouvel immeuble, mais cette fois selon les dessins et sous la surveillance de George Browne, l'architecte à qui la ville avait déjà confié le parachèvement du Marché Bonsecours. Le délai dans la réalisation des travaux entraîna un changement majeur dans l'utilisation prévue pour cet immeuble. Un marché aux poissons ayant déjà été incorporé au Marché Bonsecours, le nouveau bâtiment fut divisé en quatre boutiques: deux sur la rue de la Commune et les deux autres, incluant les appartements dans les étages supérieurs, sur la rue Saint-Paul. Les premiers locataires, entre autres les épiciers Tiffin et Elliott, occupèrent leurs locaux à partir de mai 1848. 

Elliott continua de louer des boutiques sur la rue Saint-Paul jusqu'en 1859, date à laquelle il acheta l'immeuble entier. Sa famille en demeura propriétaire jusqu'en 1888. Après trois transactions en quatre ans, la propriété passait aux mains de la famille Darling. Pendant toute la période de 1888 aux années 1920, l'immeuble fut occupé par une série d'épiciers et de marchands de fruits et légumes, une vocation renforcée par l'acquisition de la propriété en 1914 par Joseph D. Côté, marchand de fruits. Sous Côté et ses héritiers, la partie de l'immeuble faisant face à la rue de la Commune servit au commerce en gros des fruits jusqu'aux années 1950 avant d'être aménagée en restaurant et taverne. Mais sur la rue Saint-Paul, la fonction de l'immeuble eut une évolution nettement différente. À partir des années 1910, des succursales bancaires occupèrent le rez-de-chaussée : tout d'abord la Banque royale en 1913, suivie par la Banque canadienne nationale de 1927 jusqu'en 1980. 

Après le départ de la Banque canadienne nationale, la coopérative L'Empreinte regroupant une vingtaine d'artisans y installa sa boutique et une galerie permanente ; elle s'y trouve toujours. Quant aux étages supérieurs, à partir de 1965 et ce pendant plus de 25 ans, Madeleine Arbour &#8212; pionnière des arts visuels, du design d'intérieur et de la communication et signataire du Refus global en 1948 &#8212;- y aménagea son bureau de design d'intérieur. De côté de la rue de la Commune, les restaurants et tavernes ont cédé la place à des magasins.",1845,1848,-73.552,45.5081
0040-77-4486-00,Marché Bonsecours,non applicable,300,300-390,rue,390,,Saint-Paul,Est,Ville-Marie (Montréal),"Premier immeuble de grande envergure érigé par la Corporation de la Ville de Montréal, le marché Bonsecours fut conçu dès le départ comme un monument pour embellir la ville, un témoin digne de son nouveau statut de capitale accordé en 1843. L'immeuble devait aussi souligner l'importance des activités commerciales de Montréal. Occupant tout le quadrilatère situé entre les rues de la Commune, Saint-Paul, de Bonsecours et du Marché Bonsecours, le marché occupait un site de choix sur le bord du fleuve, visible de tous les voyageurs arrivant à Montréal par bateau.

La Ville décida de faire ériger un nouveau marché en 1843 afin de remplacer le marché Sainte-Anne où le Gouvernement du Canada-Uni avait choisi d'installer le parlement. Ayant rejeté l'idée de construire une halle en pierre sur le site du Marché Neuf (actuelle place Jacques-Cartier), le conseil municipal, sur la proposition de John Molson, alors conseiller et propriétaire d'un grand terrain sur l'emplacement éventuel du marché, vota l'achat de neuf propriétés avec leurs bâtisses le long du fleuve (une dixième ayant été déjà acquise en 1842 pour le prolongement de la rue Saint-Claude). Les plans du marché, originalement confiés à John Ostell en sa qualité d'inspecteur des chemins, devinrent l'objet d'un concours architectural. Le projet de l'architecte William Footner remporta le concours.

Parmi les entrepreneurs engagés, on peut souligner les maçons Monro et Kinlock, les charpentiers John et Michael Kelly et le fondeur William Parkyn de la St-Mary's Foundry Company. Les travaux d'excavation débutèrent en septembre 1844 et le maire Ferrier posa la pierre angulaire en août 1845. Dès la signature des premiers contrats, le budget initial de 20 000£ était dépassé ; il atteignit un montant de plus de 53 000£ peu après l'inauguration du marché en janvier 1847. La coupole fut construite cette année-là.

À l'origine, l'immeuble était multifonctionnel. Les étaux du marché occupaient l'étage ouvert sur la rue de la Commune et le rez-de-chaussée sur la rue Saint-Paul. Ces espaces étaient partagés avec un poste de police (incluant des cellules pour des prisonniers). L'étage supérieur fut aménagé dans une deuxième phase de travaux, dirigée par l'architecte George Browne en 1848, et visait l'installation éventuelle des bureaux de l'Hôtel de ville dans la partie ouest et de salles de concert dans la partie est. L'un des premiers usagers de ces locaux fut le Parlement du Canada-Uni, en 1849, qui s'y déplaça après l'incendie du marché Sainte-Anne provoqué le 26 avril au cours d'une émeute <i>tory</i>. Mais dès le 8 mai, il siégeait ailleurs. La présence du Parlement fut donc éphémère. L'Hôtel de ville prit quant à lui place au marché en 1852 pour y demeurer jusqu'en 1878 alors que la salle de bal continuait à servir pour divers événements. Mais ce type d'activité tirait à sa fin. Après un incendie majeur survenu en 1891, la fonction de marché public monopolisait l'immeuble, le commerce de gros devenant prépondérant au XXe siècle. 

Bien que des incendies en 1891, 1948 et 1954 et des problèmes structuraux relatifs au toit nécessitèrent certaines réparations et des réaménagements majeurs, des changements de nature économique provoquèrent toutefois une réaffectation de l'immeuble au début des années 1960. Avec la restructuration du réseau routier et l'arrivée du camionnage de gros tonnage, le marché Bonsecours perdit son utilité pour le commerce en gros. En 1964, la ville fermait le marché. L'immeuble était éventré et réaménagé en édifice administratif un an plus tard. Pendant les années 1990, l'immeuble fut modifié en deux temps afin de lui redonner son caractère d'origine. Dans un premier temps, en 1992, pour marquer les célébrations du 350e anniversaire de la fondation de Montréal, on y aménagea un hall d'entrée et des salles d'exposition temporaires. Quatre ans plus tard des travaux majeurs ont été entrepris selon le concept de l'architecte Mario Roy. Ils visaient la création de la galerie marchande, composée de boutiques et de restaurants aux niveaux des rues de la Commune et Saint-Paul, avec des bureaux et des salles de conférence et d'exposition aux étages supérieurs. Les travaux étaient complétés en 1997.",1844,1848,-73.5515,45.5089
0040-78-0037-01,Hôtel La Prairie,non applicable,355,355-363,rue,363,,Saint-Paul,Est,Ville-Marie (Montréal),"Construite en 1881 par la succession de Jean-Baptiste Beaudry, cet immeuble comprend à l'origine deux auberges, des commerces au rez-de-chaussée et des logements. Entre 1883 et 1909, l’<i>hôtel de Laprairie</i> occupe la majeure partie du bâtiment. ",1881,,-73.5518,45.5094
0039-48-7126-01,Magasins des soeurs Grises III,magasin-entrepôt,360,,place,360,,D'Youville,,Ville-Marie (Montréal),"C'est en 1874 que les s&#339;urs Grises confient à l'architecte Michel Laurent la construction de ce bâtiment qui comprend six magasins-entrepôts mitoyens. L'immeuble occupe des lots compris entre l'Ancien Hôpital général et la rue Saint-Pierre. 

Jusqu'à 1980, la proximité du port attire plusieurs grossistes et distributeurs qui utilisent les locaux comme entrepôts. Parmi ceux-ci, citons l'importateur de tissus E. W. Mudge, présent durant 70 ans, ainsi que le fabricant et marchand de cordages, de ficelles, de toiles et de voiles pour bateaux, Gourock Ropework Export Co. Ce dernier s'installe vers 1905 dans les deux unités situées à l'extrémité sud de l'immeuble et quitte les lieux à la fin des années 1970. Le fabricant de havanes Granda Hermanos et la Oxol Fluid Beef Co. ont laissé quant à eux leurs noms d'entreprises peintes sur les pierres du bâtiment.

En 1981, les s&#339;urs Grises réintègrent leur ancien domaine du Vieux-Montréal où elles y installent leur administration générale et leurs archives. Principalement utilisée à des fins d'entreposage depuis un siècle, d'importants travaux de rénovation et de restauration sont entrepris pour la reconversion du bâtiment. En outre, les religieuses font démolir les deux unités occupées jadis par la Gourock Ropework et réduisent de près de 50 % la profondeur de trois autres unités afin de dégager l'Ancien Hôpital général. Une adjonction relie maintenant le couvent aux anciens magasins-entrepôts.",1874,,-73.5551,45.5006
0040-78-0037-02,NULL,non applicable,NULL,NULL,NULL,NULL,NULL,NULL,NULL,Ville-Marie (Montréal),,9999,,-73.5519,45.5095
0040-78-0037-03,Auberge Bonsecours du Vieux-Montréal,non applicable,NULL,NULL,NULL,NULL,NULL,NULL,NULL,Ville-Marie (Montréal),Cet ancien bâtiment de service a été transformé en auberge en 2001.,1900,,-73.5523,45.5095
0040-78-0776-00,Maison Jane-Tate I,non applicable,416,416-420,rue,420,de,Bonsecours,,Ville-Marie (Montréal),"Cette maison-magasin appartient à un ensemble formé de deux bâtiments contigus construits en 1863-1864 pour Mlle Jane Tate, sur des terrains qui lui appartiennent depuis 1856. Le bâtiment de pierre de trois étages compte deux unités commerciales au rez-de-chaussée et des logements aux étages. Il remplace la résidence de Mlle Tate, une petit maison en brique de deux étages; après la construction du nouvel ensemble, cette dernière s’installe dans la partie supérieure de la maison-magasin voisine, au 430 Bonsecours, où elle résidera jusqu’à son décès en 1874. La propriété est alors transmise à ses frères et demeure aux mains de la famille Tate jusqu’en 1905. 

Pendant de nombreuses années, le bâtiment connaît une grande diversité fonctionnelle et ne réussit pas  à attirer des occupants stables. Cette tendance s’exprime dès la construction. Ainsi les occupants d’origine, sont les marchands de tissus Labelle & Crevier et la modiste Mme Samuel Poulin au rez-de-chaussée, de même que les occupants des étages supérieurs, le tailleur François Bousquet, le &laquo;&nbsp;laborer&nbsp;&raquo; Charles Rivest et le &laquo;&nbsp;trader&nbsp;&raquo; Félix Poulin qui ne restent qu’une seule année. 

Malgré tout, la proximité du marché Bonsecours semble orienter la vocation de l’immeuble car plusieurs de ses occupants sont liés au secteur de l’alimentation : épicier, confiseur, marchands de fruits, légumes et poissons, fabricant de pâtes alimentaires, restaurateur. Vers 1940, la National Dried Fruit Co. s’installe dans l’immeuble et occupe tout le rez-de-chaussée jusqu’à l’arrivée, en 1963, des ateliers de haute couture de Marie-Paule Nolin. Le bâtiment connaît alors sa première importante restauration intérieure et extérieure. La même année, il est classé  monument historique sous la dénomination de Maison Nolin. L’immeuble fait l’objet d’une seconde restauration intérieure en 1975 et conserve sa vocation résidentielle. La dénomination officielle de l'immeuble est changée en 2004 pour Maison Jane-Tate.
",1863,1864,-73.552,45.5098
0040-78-0951-00,Hôtel Fédéral,non applicable,367,367-375,rue,375,,Saint-Paul,Est,Ville-Marie (Montréal),"Cet immeuble est construit en 1881 par la succession Saveuse de Beaujeu. Pour faire place au bâtiment, deux maisons de pierre sont démolies, dont l’auberge de la famille Gadoua, en activité depuis le milieu des années 1860. Cette même famille loue en bonne partie le nouveau bâtiment et y gère une auberge jusqu’en 1887. Un aubergiste du nom d'Antoine Décary ouvre alors l’<i>hôtel Fédéral</i>, lequel demeure en fonction jusqu’en 1905.",1881,,-73.5521,45.5096
0040-78-1977-00,Immeuble Brodeur,non applicable,408,408-410,rue,410,de,Bonsecours,,Ville-Marie (Montréal),,1889,1890,-73.5518,45.5098
0040-78-2763-00,Maison William-Walker II,maison-magasin,383,383-387,rue,387,,Saint-Paul,Est,Ville-Marie (Montréal),"William Walker fait construire cet immeuble en 1833 sur un emplacement qu’il a acquis l’automne de l’année précédente. Le bâtiment est probablement à l’origine une maison convertie ultérieurement en maison-magasin, à l’instar de l’immeuble voisin aussi bâti par Walker, à moins qu’il n’ait été dès le départ une maison-magasin conçue pour servir à des fins commerciales et résidentielles. En 1849 du moins, alors que Pierre Jodoin en est le propriétaire depuis trois ans, le bâtiment est le lieu de résidence d’un commissaire-priseur et d’un aubergiste qui y tient aussi son commerce. 

Cette double vocation résidentielle et commerciale se maintient au cours du XIXe siècle. Situé à proximité du marché Bonsecours, le bâtiment se prête bien à l’établissement de petits commerçants mais surtout d’aubergistes et d’épiciers. La vocation de l’immeuble demeure inchangée à la suite de sa vente à l’hôtelier Christophe Brodeur en 1888, aussi propriétaire du bâtiment voisin au coin des rues Bonsecours et Saint-Paul depuis 1875. À la suite du décès de son propriétaire, le bâtiment, hypothéqué, est vendu en 1897 par le shérif et devient la propriété du médecin Azarie Brodeur. 

Bien qu’en 1925 le rez-de-chaussée de l’immeuble sert toujours de salle à manger et les étages de logements, lentement le commerce et la fabrication y prend davantage d’importance. En 1950, l’immeuble, coiffé récemment d’un toit plat, abrite un atelier de préparation et réparation de fourrures ainsi qu’un magasin d’accessoires de boucherie. Dix ans plus tard, un commerçant en gros de fruits et de légumes y est établi. Après avoir servi de résidence et de magasin à des artisans de céramique, l’immeuble est occupé en 2004 par un magasin de souvenirs au rez-de-chaussée et les étages abritent des logements. ",1833,,-73.5517,45.5097
0040-78-3176-00,Maison William-Walker I,maison-magasin,393,393-395,rue,395,,Saint-Paul,Est,Ville-Marie (Montréal),"L’avocat William Walker fait bâtir cette maison en 1831-1832. À l’été 1831, il acquiert l’emplacement vacant au coin des rues Saint-Paul et Bonsecours. Il engage à l’automne le maçon David Scobie pour construire le bâtiment fort probablement en conformité avec les plans de l’architecte John Try. En décembre 1833, Walker vend la maison à Janet Mary Katherine Bruyères, épouse du juge Michael O’Sullivan. Le couple y établit sa résidence. 

L’avocat Charles-Séraphin Rodier en devient le propriétaire en 1845. L’immeuble jusque-là à vocation résidentielle sera dorénavant aussi utilisé à des fins commerciales. Pour se faire, Rodier équipe de magasins le rez-de-chaussée de la maison devenue maison-magasin. Situé à proximité du marché Bonsecours, l’immeuble est l’hôte d’épiciers, de petits commerçants et presque exclusivement, à compter de 1865, d’aubergistes et de restaurateurs (<i>eating houses</i>) qui y tiennent leur établissement et, souvent, y résident. La vocation du bâtiment demeure inchangée à la suite de sa vente à l’hôtelier Christophe Brodeur en 1875 qui acquiert de même l’immeuble voisin, rue Saint-Paul, en 1888. À la suite du décès de son propriétaire, le bâtiment, hypothéqué, est vendu en 1897 par le shérif et devient la propriété du médecin Azarie Brodeur. Au tournant du siècle, l’immeuble est coiffé d’un toit à mansarde et une petite tourelle agrémente sa devanture. Vers 1910, il est connu sous le nom d’Hôtel Frontenac. 

Au milieu des années 1920, la vocation hôtelière du bâtiment fait place au commerce de détail, notamment au magasin de tissus, d’articles de mercerie et d’autres produits (<i>dry goods</i>) J.A. Bruce & Co Ltd. Au même moment, l’immeuble est augmenté d’un étage et est couvert d’un toit plat. Vers 1945, le bâtiment est réduit d’un étage. Il abrite en 2004 une boutique d’artisanat au rez-de-chaussée et deux logements aux étages.",1831,1832,-73.5516,45.5098
0040-78-7984-01,Chapelle Notre-Dame-de-Bon-Secours,non applicable,400,400,rue,400,,Saint-Paul,Est,Ville-Marie (Montréal),"Lieu de pèlerinage et de dévotion depuis le XVIIe  siècle, l'actuelle chapelle Notre-Dame-de-Bon-Secours est la seconde construite sur le site. La première, une modeste chapelle érigée à la demande de Marguerite Bourgeoys dans les années 1670, fut très endommagée par un incendie en 1754. Les vestiges de cette chapelle constituent d'ailleurs un des plus importants sites archéologiques du Vieux-Montréal. La fabrique de la paroisse Notre-Dame, propriétaire du terrain, ne put entreprendre la reconstruction de la chapelle qu'en 1771. Les travaux s'échelonnèrent de 1771 à 1773 et les plans de la nouvelle chapelle prévoyaient un bâtiment plus de deux fois plus grand que l'original. Les principaux travaux furent confiés au maçon Joseph Morin et au charpentier Pierre Raza dit Rangeard. 

Tel que représentée sur des photographies prises avant les rénovations effectuées à partir de 1885, la façade de la chapelle comportait une grande porte centrale flanquée de fenêtres cintrées. Au-dessus de la porte se trouvait une autre fenêtre cintrée, elle-même surmontée d'un &#339;il-de-b&#339;uf. Chaque côté de la nef était percé de quatre fenêtres cintrées. Il n'y avait qu'un seul clocher à double lanterne situé à l'avant. Pendant le siècle suivant sa construction, la chapelle elle-même n'a subi que des améliorations mineures alors que des constructions importantes s'ajoutaient sur son périmètre. Tout d'abord, en 1784, on fit construire un corps de logis, dont une partie englobait l'abside de la chapelle (extrémité arrière du ch&#339;ur). Vers 1853, des boutiques et des magasins étaient construits et adossés au mur de l'église situé face au marché Bonsecours. Christophe Brodeur, marchand des vins, occupa le magasin à l'angle des rues Saint-Victor et de la Commune depuis au moins 1870 jusqu'à sa démolition 20 ans plus tard.

Les années 1880 correspondent à une époque charnière dans l'histoire de la chapelle. Après avoir repoussé des tentatives d'expropriation par le chemin de fer Canadien Pacifique qui souhaitait y installer une gare, le séminaire, propriétaire du bâtiment depuis 1869, entreprenait de vastes rénovations en 1886. Une nouvelle façade avec deux clochetons de part et d'autre, conçue dans un style néo-classique par les architectes Perrault, Mesnard et Venne, était accolée sur l'ancienne. Sur le côté est, un passage fermé menant de la rue Saint-Paul jusqu'à des salles au-dessus d'une voûte en arrière, construit à l'origine en bois, était reconstruit en pierre. Durant ces années  toutes les boutiques du côté ouest furent démolies ; en 1890 l'annuaire Lovell ne les mentionne plus. Dans un deuxième temps, entre 1892 et 1894, on fit construire la chapelle aérienne et le campanile du côté du fleuve. Tout récemment, entre 1996 et 1998, la Congrégation Notre-Dame a entrepris d'importants travaux afin de restaurer l'intérieur de l'église, notamment le décor peint du plafond par François-Édouard Meloche, et de réaménager le Musée Marguerite Bourgeoys dans la voûte arrière.
",1771,1773,-73.5511,45.5098
0040-78-7984-02,École Notre-Dame-de-Bon-Secours,non applicable,417,417,rue,417,de la,Commune,Est,Ville-Marie (Montréal),,1893,,-73.5508,45.51
0040-79-0866-00,Habitations Dollier de Casson (Notre-Dame),non applicable,424,424-430,rue,430,,Notre-Dame,Est,Ville-Marie (Montréal),,1977,1978,-73.552,45.5106
0040-79-2720-00,Maison Louis-Viger,non applicable,415,415,rue,415,de,Bonsecours,,Ville-Marie (Montréal),"Louis Viger fait construire cette maison vers 1765. Viger achète en 1764 cet emplacement situé sur la rue Bonsecours sur lequel est construit un hangar en bois. Dès 1770 une nouvelle maison en pierre est bâtie sur le lot. Quoique le nombre d'étages de ce bâtiment demeure inconnu, il est fort probable qu'il s'agisse de la même maison, en pierre de deux étages, qui se trouve sur l'emplacement en 1808, alors que Viger et son épouse Marie-Agnès Papineau lèguent à leur fils Louis-Michel la résidence familiale.

Tout indique que Louis-Michel Viger apporte des modifications majeures à la maison en la rehaussant d'un étage et en rénovant la façade en pierre de taille, plutôt que d'entreprendre la construction d'un nouvel immeuble. Ainsi, lorsqu'il loue la maison en 1841 au capitaine Hubert Taylor, le bâtiment est dit de trois étages. Bien que la première mention d'une façade en pierre de taille date de 1843, celle-ci est sans doute réalisée à la même époque que les travaux de rehaussement, tout comme l'adjonction en brique à l'arrière.

La succession Viger possède l'emplacement jusqu'en 1900. Durant cette période, le bâtiment est loué à des aubergistes et des tenanciers de pension. L'immeuble change ensuite plusieurs fois de propriétaires et sert successivement de salle à manger et de résidence ainsi que d'atelier de sculpture. Par la suite l'entreprise Houle et frères, oeuvrant dans le commerce des produits laitiers et de la boucherie, devient propriétaire et apporte des modifications au bâtiment et ses dépendances. Entre 1922 et 1940, un agrandissement de trois étages remplace l'adjonction en brique. Vers 1945, le bâtiment est lié à un entrepôt de deux étages à l'arrière de manière à former un ensemble couvrant tout le lot. Depuis les années 1960, l'immeuble abrite un restaurant et une auberge. 
",1765,,-73.5517,45.5101
0040-79-3752-01,Habitations Dollier de Casson (Saint-Paul I),non applicable,435,435,rue,435,,Saint-Paul,Est,Ville-Marie (Montréal),,1977,1978,-73.5514,45.5105
0040-79-3752-02,Habitations Dollier de Casson (Saint-Paul II),non applicable,435,,rue,435,,Saint-Paul,Est,Ville-Marie (Montréal),,1977,1978,-73.5515,45.5104
0040-79-3803-00,Maison Du Calvet,maison urbaine façon Nouvelle-France,401,401,rue,401,,Saint-Paul,Est,Ville-Marie (Montréal),"Avec ses murs massifs de maçonnerie, ses murs coupe-feu incorporant des cheminées, son toit à deux versants et ses esses de fer attachées au pignon, la maison Du Calvet constitue le modèle typique d'une maison bourgeoise du XVIII<sup>e</sup> siècle. La date de construction de cette maison a toutefois soulevé la controverse parmi les historiens. À cause de la présence sur ce lot, en 1770, d'une maison en pierre en mauvais état qui n'avait qu'un étage divisé en deux appartements, on peut écarter toute hypothèse qui propose une date antérieure. Le propriétaire qui acquerrait le lot en avril 1770, le marchand huguenot Pierre Du Calvet, nous a indiqué lui-même qu'il a fait construire une nouvelle maison cette même année en utilisant des nouvelles techniques de construction afin de la mettre à l'abri des incendies. Bien que certains auteurs suggèrent que les travaux furent confiés aux maçons Jacques Roy et Charles-Esprit Senet, le seul document qui implique ces derniers n'est qu'une estimation des immeubles érigés sur le lot quatre mois avant l'achat par Du Calvet. 

Conscient des dangers posés par le feu, particulièrement à la suite des ravages occasionnés par les incendies de 1765 et de 1768, Du Calvet était fier d'avoir fait ériger une maison à l'épreuve du feu. Une description de la maison qu'il faisait publier dans la <i>Gazette de Québec</i> en 1781, mérite d'être citée: <blockquote>une belle maison en pierre d'environ 90 pieds sur la ligne de la rue Saint-Paul, à trois étages, à l'abri du feu et de tout autre accident par sa construction, la couverture étant en ciment et par-dessus le ciment couverte en bon fer blanc avec un vernis plaqué dessus; les dalles sont toutes en pierre de taille et garnies en dedans avec des plaques de plomb d'environ 25 pieds de long sur 80 de large et deux lignes d'épaisseur vernissées. Il y a de très belles caves de la grandeur de ladite maison. Au premier et au second étage, il y a 20 belles chambres et on peut en faire le moins la moitié autant au troisième....</blockquote>
Un fait important de cette description concerne les dimensions de la maison : la façade était presque trois fois plus grande que celle de l'immeuble actuel. Il n'y a aucune erreur possible dans cette description, puisque le shérif de Montréal, qui a saisi et a annoncé la propriété à plusieurs reprises pendant les années 1780, publiait les mêmes informations concernant les dimensions.

En 1789, le shérif a vendu toute la propriété à Louis Cavilhe qui, à son tour, a vendu un immeuble selon les dimensions actuelles à l'aubergiste Frederick Gonnerman en 1798. Gonnerman possédait déjà l'autre partie du bâtiment de Du Calvet, mais on ignore si la maison nouvellement acquise était créée par la simple érection d'un mur pour diviser le bâtiment en deux corps de logis ou si elle était le résultat d'une nouvelle construction. Un plan daté de 1817 nous indique que Gonnerman en était toujours propriétaire et que l'immeuble était toujours divisé en deux portions. L'aubergiste fit cependant faillite au début des années 1820. Ayant acquis la partie de la maison située sur le coin de la rue vers la fin de 1825, l'avocat Dominque Mondelet engageait le menuisier John Thompson pour des travaux de réparation entrepris le printemps suivant. Vraisemblablement Mondelet y résida jusqu'à 1843 quand il fut nommé juge à Trois-Rivières, mais il conserva la maison jusqu'en 1862, un an avant sa mort. 

Après le départ de Mondelet en 1843 l'immeuble eut une vocation essentiellement commerciale. Utilisée comme auberge dès les années 1840 jusqu'en 1880, la maison devenait une épicerie après son acquisition par James Skelly en 1881. Elle fut utilisée à cette fin jusque vers 1920 même si elle fut occupée par divers locataires. Sous la propriété de la famille Skelly, entre l'acquisition de 1881, mais avant un partage des biens effectué en 1899, on érigeait deux boutiques sur l'espace vacant derrière la maison face à la rue Bonsecours. Ces boutiques, construites sur un étage, avaient des façades composées presque entièrement de vitres. Pendant des années, ces locaux furent occupés par des barbiers. Quant à l'immeuble principal, il servit en alternance d'épicerie ou de restaurant pendant les années 1920, 1930 et 1940. La famille Skelly en gardait la propriété jusqu'en 1924 suivi par Bernard Bissonnette, avocat puis juge, entre 1927 et 1961. À la suite d'une série de transactions, Joseph A. Ogilvy Limited acquerrait la maison en 1963. Elle fut restaurée et servit de musée de meubles à partir de 1966. En 1984, de nouveaux propriétaires ont réaménagé le bâtiment et en ont fait une épicerie au rez-de-chaussée. Depuis 1998 il fait partie de l'ensemble immobilier de l'Auberge-restaurant Pierre Du Calvet.",1770,1771,-73.5516,45.51
0040-52-4891-02,Magasin-entrepôt Paul-Galarneau,magasin-entrepôt,64,64,rue,64,,Saint-Paul,Ouest,Ville-Marie (Montréal),"En 1853, Paul Médard Galarneau et Charles Damase Roy font l'acquisition d'une maison de pierre de trois étages sur la rue Saint-Paul dans laquelle ils déménagent leur commerce (maison Galarneau et Roy). Peu après le décès de Roy, en 1859, Galarneau y installe son propre commerce de <i>dry goods</i> (tissus, articles de mercerie et produits divers), la maison P. M. Galarneau et Cie. Selon toute vraisemblance, Galarneau fait construire un nouveau magasin-entrepôt pour son commerce en 1874-1875. Le bâtiment, de style néo-renaissance, possède quatre étages à l'origine. 

La maison P. M. Galarneau et Cie occupe d'abord tout le magasin-entrepôt. À partir de 1876, les deux fils de Paul Galarneau, Auguste et Léopold, gèrent la maison de commerce. L'entreprise familiale va occuper l'immeuble jusqu'en 1889. Auguste et Léopold Galarneau louent ensuite les locaux à divers marchands jusqu'à sa vente en 1903. 

En 1905, le propriétaire voisin, le grossiste de tissus et d'articles de mercerie (<i>dry goods</i>) Alphonse Racine, acquiert le magasin-entrepôt. L'entreprise de Racine étant en pleine croissance, il fait ajouter un étage vers le milieu des années 1910. En 1933, Alphonse Racine ltée fusionne avec deux autres compagnies pour former Greenshields, Hodgson, Racine Ltd. La firme occupe le magasin-entrepôt jusqu'à la fin des années 1960. En 2003-2004, l'immeuble est recyclé en copropriétés.",1874,1875,-73.5541,45.5047
0040-79-4017-00,Immeuble Pierre-Du Calvet,non applicable,NULL,NULL,NULL,NULL,NULL,NULL,NULL,Ville-Marie (Montréal),"Le marchand huguenot Pierre Du Calvet fait construire cet entrepôt en 1768, sur un emplacement appartenant à sa belle-famille. Du Calvet qui devait jouir de l'entrepôt sans payer de loyer pour quatre ans, achète l'emplacement au printemps de 1770 comprenant une vieille maison au coin des rues Bonsecours et Saint-Paul qu'il reconstruira et le nouveau bâtiment. Dès le début des années 1780, il semble que Du Calvet rénove l'entrepôt qu'il transforme en auberge. Les biens de Du Calvet, décédé en mer, sont saisis par le shérif en 1787.
 
L'aubergiste Frederick Gonnerman en est par la suite le propriétaire-occupant pendant plus de trente ans. Gonnerman ayant fait faillite au début des années 1820, l'immeuble est à nouveau saisi par le shérif. En mars 1832, Samuel Davies se porte acquéreur du bâtiment alors toujours occupé par un tavernier. La même année, il entreprend d'importantes rénovations. En plus de travaux intérieurs, il modifie l'apparence du bâtiment en faisant reconstruire sa façade en pierre de taille et en l'agrémentant de deux grandes fenêtres. L'immeuble aux allures de maison-magasin sert toujours à des fins commerciales et résidentielles.  

Cette double vocation se maintient au moins jusqu'aux années 1960. Au XIXe siècle, alors que certains petits commerçants, dont des épiciers et des aubergistes, tiennent leurs commerces au rez-de-chaussée et résident aux étages, d'autres ne font qu'y habiter. En 1911, Philomène Giroux, épouse de Thomas Simard, un marchand de provisions, acquiert le bâtiment qu'elle possède jusqu'à son décès en 1935. Sa succession fait couvrir l'immeuble d'un toit plat vers 1945. Du début du XXe siècle et jusqu'aux années 1960, le rez-de-chaussée du bâtiment est occupé par des commerces notamment de provisions et les étages logent des petits travailleurs. En 2004, l'immeuble et ses dépendances, ajoutées graduellement dans la cour depuis la fin du XIXe siècle, font partie de l'ensemble de l'Auberge-restaurant Pierre-Du Calvet. 
",1768,,-73.5515,45.5102
0040-79-4229-00,Maison-magasin Samuel-Davies II,maison-magasin,421,421-425,rue,425,,Saint-Paul,Est,Ville-Marie (Montréal),"Le marchand de fourrures Samuel Davies fait construire cette maison-magasin en 1833. Davies acquiert au printemps 1832 un emplacement avec une maison en pierre de trois étages (l’actuel 411-417 rue Saint-Paul Est) et ses dépendances. En plus de rénover le bâtiment existant, Davies engage le maître maçon Thomas Hodgson et le charpentier James Ilsley pour construire une nouvelle maison-magasin. Celle-ci est probablement conçue, comme d’autres bâtiments semblables, pour servir à des fins résidentielles et commerciales. C’est du moins ce que confirme l’occupation des lieux en 1855, alors que le brasseur Daniel Gorrie en est le propriétaire. En effet, après avoir servi de caserne pour la Royal Artillery, l’immeuble est cette année-là en grande partie occupé par une auberge et la résidence de l’aubergiste et quelques pièces à l’arrière et aux étages logent deux journaliers et un charpentier. 

Cette double vocation résidentielle et commerciale se perpétue jusqu’à nos jours. Le rez-de-chaussée de la maison-magasin est toujours principalement occupé par des aubergistes jusqu’aux années 1870. Louis Rivet, marchand épicier, acquiert le bâtiment en 1873. C’est toutefois son neveu, Louis-Siméon Rivet, un des futurs héritiers de l’immeuble, qui y établit son épicerie en 1880 et sa résidence quelques années plus tard. Les étages servent aussi de logements à de petits travailleurs et à des veuves. Entre 1890 et 1912, une adjonction en pierre est ajoutée à l’arrière du bâtiment. Celui-ci est par ailleurs rehaussé d’un étage entre 1912 et 1940 et est recouvert d’un toit plat. Dans les années 1970, un antiquaire loue l’immeuble. En 2004, son rez-de-chaussée abrite une boucherie, les étages sont l’hôte d’un bureau et de logements.",1833,,-73.5515,45.5103
0040-79-4472-00,Maison Eustache-Prévost,maison urbaine façon Nouvelle-France,445,445,rue,445,,Saint-Paul,Est,Ville-Marie (Montréal),"Construite par le tonnelier Eustache Prévost vers la toute fin du régime français, cette maison constitue le seul exemple d'une habitation artisanale qui subsiste encore dans les confins de la ville fortifiée. Prévost avait acquis ce terrain sur lequel était érigée une maison de bois en 1750, sans doute à cause de la proximité du site de la Canoterie royale où on préparait les expéditions militaires. Favorisé par une demande accrue pour ses services pendant la guerre de la Conquête et par l'inflation que cette dernière a déclenchée, il trouvait ainsi les ressources nécessaires pour la construction d'une résidence plus solide. Le maçon Joseph Brazeau avait tout d'abord érigé un carré de maison d'un seul étage en 1757, mais en 1798 Charles Prévost, fils d'Eustache, faisait ajouter un deuxième étage par le maçon Jean-Baptiste Senet.

La famille Prévost conserva la maison jusqu'en 1823 alors qu'elle la vendait au marchand Toussaint Dumas. Son fils, Norbert Dumas, avocat, l'a achetée en 1839. À cette époque l'immeuble était divisé en deux corps de logis et servait plutôt de source de revenus pour son propriétaire que de résidence. Les héritiers de Dumas furent propriétaires jusqu'au début des années 1950. Thomas McCormick y tenait une auberge pendant les années 1850, suivi dans les années 1870 du cordonnier Joseph Ayotte qui y résida. Dès 1880, l'immeuble était divisé en quatre logements et on y retrouvait une série d'occupants associés à de petits métiers. La maison se constituait de logements multiples jusqu'aux années 1960, mais à la suite de rénovations effectuées fort probablement vers 1970, elle fut divisée en deux logements tenus en co-propriété. Donald Christopher est depuis cette date un des propriétaires.
",1757,,-73.5514,45.5106
0040-79-5274-00,451-455 rue Saint-Paul Est,indéterminé,451,451-455,rue,455,,Saint-Paul,Est,Ville-Marie (Montréal),,1913,,-73.5514,45.5107
0040-79-7518-01,Hospice Saint-Antoine-de-Bonsecours,non applicable,404,404-420,rue,420,,Saint-Paul,Est,Ville-Marie (Montréal),"Cet ensemble de maisons est construit en 1895 par le Séminaire de Saint-Sulpice. Au départ, les maisons logent principalement des familles dont les chefs de ménage exercent le métier de marchand. Vers 1905, une partie des maisons est transformée en hospice (hospice Saint-Antoine-de-Bonsecours) que l’on confie aux bons soins des soeurs Grises. L’autre partie est convertie en école (école Saint-Antoine). En 1906, on agrandit l’immeuble vers l’ouest ; l’école est alors transférée dans cette nouvelle section. Entre 1912 et 1916, on relie l’hospice à un bâtiment nouvellement construit sur la rue de la Commune. L’hospice Saint-Antoine-de-Bonsecours s’agrandit de nouveau dans les années 1930 lorsque l’école Saint-Antoine cesse ses activités. 

L’immeuble demeure un hospice jusqu’au début des années 1970. Dans les années 1980 et 1990, il est transformé partiellement en immeuble de bureaux. En 1988, la Salle de jour de l’Accueil  Bonneau, un organisme s’occupant des personnes vivant en situation d'itinérance, y est aménagée. En 2000, l’Accueil Bonneau acquiert l’immeuble.",1895,,-73.5511,45.5102
0040-79-7518-02, rue Bonneau ,non applicable,350,,rue,350,,Bonneau,,Ville-Marie (Montréal),,1900,,-73.5509,45.5103
0040-79-9470-01,Immeuble Lymburner III,indéterminé,450,450,rue,450,,Saint-Paul,Est,Ville-Marie (Montréal),NULL,1916,,-73.5511,45.5106
0040-79-9470-02,Immeuble Lymburner II,indéterminé,444,444,rue,444,,Saint-Paul,Est,Ville-Marie (Montréal),NULL,1916,,-73.5509,45.5105
0040-79-9470-03,Immeuble Lymburner I,indéterminé,460,460,rue,460,,Saint-Paul,Est,Ville-Marie (Montréal),,1904,,-73.5508,45.5107
0040-79-9919-00,Accueil Bonneau,non applicable,427,427-437,rue,437,de la,Commune,Est,Ville-Marie (Montréal),,1922,,NULL,NULL
0040-80-3786-01,Hangar No 5,non applicable,1,,quai,1,,Alexandra,,Ville-Marie (Montréal),,1907,1908,-73.5494,45.5024
0040-80-3786-02,Hangar No 6 [adjonction],non applicable,1,,quai,1,,Alexandra,,Ville-Marie (Montréal),,1928,,-73.5486,45.503
0040-85-7973-01,Pavillon de l'étang,non applicable,1,,promenade,1,du,Vieux-Port,,Ville-Marie (Montréal),,1984,,-73.5533,45.5028
0040-85-7973-02, quai Convoyeurs ,non applicable,1,,quai,1,des,Convoyeurs,,Ville-Marie (Montréal),,1957,,-73.5524,45.5035
0040-85-7973-03,Tour marine,non applicable,1,,quai,1,des,Convoyeurs,,Ville-Marie (Montréal),,1956,1957,-73.5514,45.5036
0040-85-7973-04, promenade Vieux-Port ,non applicable,1,,promenade,1,du,Vieux-Port,,Ville-Marie (Montréal),,9999,,-73.5531,45.5045
0040-85-7973-05,Hangars Nos 7 et 9,non applicable,1,,quai,1,,King-Edward,,Ville-Marie (Montréal),,1904,1908,-73.5499,45.5047
0040-85-7973-06,Hangars Nos 8 et 10,non applicable,1,,quai,1,,King-Edward,,Ville-Marie (Montréal),,1905,1908,-73.5498,45.5053
0040-85-7973-07,Pavillon Jacques-Cartier,non applicable,1,,quai,1,,Jacques-Cartier,,Ville-Marie (Montréal),,1991,1992,-73.5506,45.507
0040-85-7973-08, quai Jacques-Cartier ,non applicable,1,,quai,1,,Jacques-Cartier,,Ville-Marie (Montréal),,1990,,-73.5501,45.5071
0040-85-7973-09,Silo à grain n<sup>o</sup> 2,non applicable,1,,promenade,1,du,Vieux-Port,,Ville-Marie (Montréal),"En 1909, le silo no 1 et l'élévateur B du Grand Tronc (silo no 5) ne suffisent plus et les autorités portuaires décident de construire un nouveau silo. Les commissaires du Havre choisissent un emplacement situé tout juste derrière le marché Bonsecours. Ils engagent la firme de J. S. Metcalf Co. de Chicago, déjà responsable des silos no 1 et de l'élévateur B. Les travaux débutent en 1910 et se terminent en 1912.

Au départ, la firme a le mandat de construire un élévateur qui devrait rendre plus aisée la manutention des grains arrivant par wagons et qui puisse contenir environ 2 000 000 de boisseaux, soit deux fois plus que le silo no 1. En plein chantier, on décide de lui ajouter une annexe qui portera sa capacité finale à 2 622 000 boisseaux. L'énorme structure qui en résulte n'est pas sans attirer l'attention de l'avant-garde architecturale de l'époque, Gropius et Le Corbusier en tête. La photographie du silo no 2 est alors diffusée dans la presse spécialisée.

En 1922, on construit, devant l'élévateur no 2, une jetée reliée au silo au moyen d'un convoyeur. Des améliorations techniques sont réalisées dans les décennies qui suivent mais le déclin du port de Montréal dans la manutention des matières premières finit par avoir raison du silo no 2. En 1978, dans la foulée du projet «fenêtre sur le fleuve », le silo no 2 est le premier des silos du port à disparaître, ouvrant la voie à une revitalisation du Vieux- Port. Lors des travaux d'aménagement du début des années 1990, on décide de conserver et de mettre en valeur les traces du bâtiment qui subsistent. Les vestiges font maintenant partie intégrante des aménagements du Vieux-Port. 
",1910,1912,-73.5506,45.5085
9940-59-1074-01,Édifice Massoud,indéterminée,51,51-67,rue,67,,Ontario,Ouest,Ville-Marie (Montréal),,NULL,NULL,-73.567268,45.510669
9940-49-6471-01,87 rue Ontario Ouest,indéterminée,87,87,rue,87,,Ontario,Ouest,Ville-Marie (Montréal),,NULL,NULL,-73.567524,45.510348
0039-35-2441-01,Fonderie Darling,indéterminée,731,735,rue,745,,Ottawa,,Ville-Marie (Montréal),,NULL,NULL,-73.556625,45.497904
0039-35-2441-02,Fonderie Darling,indéterminée,731,745,rue,745,,Ottawa,,Ville-Marie (Montréal),,NULL,NULL,-73.556873,45.497683
0039-35-8315-01,744 rue Ottawa ,indéterminée,744,744,rue,744,,Ottawa,,Ville-Marie (Montréal),,NULL,NULL,-73.556054,45.497565
0041-59-7904-01,École Saint-Pierre-Apôtre,École,1212,1212,rue,1216,,Panet,,Ville-Marie (Montréal),,1886,1887,-73.553517,45.519129
0041-59-7904-02,Maîtrise Saint-Pierre,École,1212,1212,rue,1216,,Panet,,Ville-Marie (Montréal),,1868,0,-73.554001,45.518789
0042-44-5801-01,1640 avenue Papineau ,indéterminée,1640,1640,avenue,1640,,Papineau,,Ville-Marie (Montréal),,NULL,NULL,-73.555306,45.523516
0043-31-2638-01,2023-2025 rue Parthenais ,indéterminée,2023,2023-2025,rue,2063,,Parthenais,,Ville-Marie (Montréal),,NULL,NULL,-73.556887,45.530024
9839-52-8627-01,Maisons en rangée William D.-Stroud,Maison en rangée,1419,1419-1441,rue,1441,,Pierce,,Ville-Marie (Montréal),,1889,1890,-73.579147, 45.494933
0139-37-5032-01,Habitat 67,Tour d'habitation,2600,2600,avenue,2600,,Pierre-Dupuy,,Ville-Marie (Montréal),,1965,1970,-73.543779,45.499956
9940-51-4482-01,Maison William-Dow,Maison isolée,1175,1175-1183,place,1183,du,Frère-André,,Ville-Marie (Montréal),,1860,1861,-73.566822, 45.503492
9942-94-3494-01,Académie du Sacré-Coeur,École,2075,2075,rue,2075,,Plessis,,Ville-Marie (Montréal),,1877,1878,-73.561797,45.524345
0043-62-2287-01,École Gédéon-Ouimet,École,1960,1960,rue,1960,,Poupart,,Ville-Marie (Montréal),,NULL,NULL,-73.553196,45.531538
9839-46-6220-01,Presbytère St Andrew and St Paul,Édifice religieux,3415,3415-3421,rue,3421,,Redpath,,Ville-Marie (Montréal),,NULL,NULL,-73.581039,45.498468
9839-46-6220-02,Église St Andrew and St Paul,Édifice de culte,3415,3415-3421,rue,3421,,Redpath,,Ville-Marie (Montréal),,NULL,NULL,-73.58070,45.498513
0040-08-8023-01,Résidence Saint-Charles-Borromée,indéterminée,60,66,boulevard,66,,René-Lévesque,Est,Ville-Marie (Montréal),,NULL,NULL,-73.560221,45.509500
0040-85-7973-10,Pavillon du bassin Bonsecours,non applicable,1,,parc,1,du,Bassin-Bonsecours,,Ville-Marie (Montréal),,1991,1992,-73.5474,45.5085
0040-85-7973-11,Hangar numéro 16,non applicable,1,,quai,1,de l',Horloge,,Ville-Marie (Montréal),"En 1909, les commissaires du Havre décident d'entamer la construction du nouveau quai Victoria. Durant les travaux, on prend bien soin de creuser les fondations d'un entrepôt, le hangar no 16. Fin 1911, on commence à ériger une structure d'acier de deux étages. Bien que le hangar soit en opération dès le mois d'août 1912, le premier étage n'est complété qu'au début de l'année 1913. Outre l'espace d'entreposage, il comporte des salles pour le personnel alors qu'au second étage on aménage des salles d'attente pour les passagers de première et deuxième classe, un restaurant et une salle de bagage. 

Le hangar est d'abord occupé par la compagnie maritime Canada Line dont les transocéaniques desservent alors les ports européens de Hambourg, Brême et Rotterdam. Lorsque la Première Guerre mondiale éclate, le gouvernement réquisitionne le hangar. Entre les années 1920 et au moins jusqu'à la fin des années 1940, les navires de la compagnie britannique Furness Whity utilisent le hangar. La compagnie assure une liaison avec le port de Manchester pour le transport de fret.

Vers la fin des années 1940, on juge les infrastructures d'accueil des voyageurs à Montréal scandaleuses. Qui plus est, la croissance de l'aviation civile et le transfert des opérations portuaires dans l'est de la ville font des hangars du port des équipements obsolètes. Après qu'on eût même songé à faire du hangar un hôtel, il est finalement transformé en espace de loisir dans le cadre des activités récréo-touristiques du Vieux-Port. En 2001, il abritait le « labyrinthe » du Vieux-Port. 
",1911,1913,-73.5489,45.5094
0040-85-7973-12,Poste de police du port,non applicable,1,,promenade,1,du,Vieux-Port,,Ville-Marie (Montréal),,1923,1924,-73.5496,45.5099
0040-85-7973-13, quai Horloge ,non applicable,1,,quai,1,de l',Horloge,,Ville-Marie (Montréal),,1990,,-73.5484,45.5096
0040-85-7973-14,Tour de l'Horloge,non applicable,1,,quai,1,de l',Horloge,,Ville-Marie (Montréal),"La Tour de l’horloge est construite en 1921-1922. Dans le cadre de travaux d’agrandissement des installations portuaires, la Commission du havre de Montréal décide de construire le long de la jetée Victoria un convoyeur à grains et des hangars. On décide également d’ériger une tour afin de commémorer les marins de la marine marchande morts durant la Première Guerre mondiale. La tour, coiffée d’une spectaculaire horloge et d’une lampe guidant les navires, permet en outre de masquer les volumineuses installations le long de la jetée Victoria. À l’origine, elle est reliée à une tourelle par un mur d’une douzaine de mètres.  

Vers la fin des années 1970, les hangars, le convoyeur ainsi que le mur séparant les deux tours sont démolis. En 1984, trois années après la prise en charge de ce secteur portuaire par la Société du Vieux-Port de Montréal, la tour de l’horloge est restaurée afin de la rendre accessible à tous les visiteurs. On y aménage alors un centre d’interprétation historique le long de son escalier de 192 marches et un observatoire en lieu et place de l’ancienne lampe de phare.",1921,1922,-73.5457,45.5122
0040-85-7973-15,Entrepôts Nos 22 et 23,non applicable,1,,quai,1,de l',Horloge,,Ville-Marie (Montréal),,1965,,-73.5479,45.5127
0040-89-1398-01,350-354 rue Berri ,non applicable,350,350-354,rue,354,,Berri,,Ville-Marie (Montréal),,1905,,-73.5505,45.5109
0040-89-1398-02,356-360 rue Berri ,non applicable,356,356-360,rue,360,,Berri,,Ville-Marie (Montréal),,1940,,-73.5506,45.5109
0041-50-5852-00,Immeuble Alfred-Dolbec,non applicable,434,434-444,rue,444,,Saint-Antoine,Est,Ville-Marie (Montréal),"Ce bâtiment est construit en 1895 sur un terrain acquis la même année par l'avocat Alfred Dolbec. S'y trouvent un vieux duplex de deux étages et une dépendance, érigés en 1853 par Joseph Robillard. La nouvelle maison de trois étages &#8211; rez-de-chaussée commercial et logements aux étages &#8211; couvre dorénavant tout le lot. Un magasin de produits de beauté occupe la partie gauche du rez-de-chaussée; leurs propriétaires logent à l'étage supérieur. L'autre commerce appartient à Joseph N. Chagnon (il demeure dans son arrière boutique).

L'analyse des occupants, de 1895 à nos jours, reflète l'évolution socio-économique du secteur. Pendant les premières années, résidants et commerces traduisent l'aisance du quartier. En 1905, le rez-de-chaussée est transformé en restaurant. En 1952, le secteur n'est plus le quartier huppé d'autrefois : la gare Viger a fermé ses portes et l'École des Hautes études commerciales est déménagée sur la montagne. L'immeuble est alors acquis par Fayaz Shadeed et c'est probablement à cette époque que l'on transforme les étages supérieurs en maison de chambres. Shadeed exploite jusqu'en 1984 le restaurant &laquo;&nbsp;Le Buckingham&nbsp;&raquo;. 

Au milieu des années 1980, l'immeuble est transformé en copropriété, puis rénové. Le restaurant céde alors sa place à deux entreprises (produits informatiques, massothérapie).",1895,,-73.5539,45.5114
0041-50-7645-00,Maison Brossard-Gauvin,non applicable,433,433-435,rue,435,,Saint-Louis,,Ville-Marie (Montréal),"Presque unique en son genre, cette maison est un des deux exemples qui restent de maison en bois que des artisans, des jardiniers ou d'autres ouvriers faisaient construire dans les faubourgs qui entouraient la ville fortifiée. Bien que située dans les confins du Vieux-Montréal actuel, au XVIIIe siècle le site de la maison faisait partie du tout petit faubourg Saint-Louis qui se trouvait hors des murailles dans l'ombre du coteau de la citadelle. À la suite du démantèlement des fortifications qui débutait en 1804, ce territoire s'intégra de plus en plus à la vieille ville, un processus qui résultait du découpage imposé en premier lieu par l'ancienne Petite rivière et par la rue Saint-Antoine par la suite.

La maison telle qu'elle existe aujourd'hui a été restaurée selon sa présumée apparence d'origine, à l'exception du lambrissage extérieur. Typique des logements faubouriens de l'époque, elle avait un solage ou fondation de pierre sur lequel le carré de bois était érigé (des pièces de bois équarri déposées les unes sur les autres dans un mode de construction connu sous l'expression pièce sur pièce). Le carré avait la hauteur nécessaire pour permettre l'utilisation de l'espace sous le toit à deux versants comme un étage supérieur. Faute d'information précise, on ignore si à l'origine le carré de pièces sur pièces était exposé, lambrissé ou couvert par une couche du mortier ou crépi. Bien qu'on ne dispose pas d'informations documentaires sur les dimensions originales de la maison, on peut constater que la maison fut érigée en deux temps à cause des transformations visibles de l'intérieur. La partie est, mesurant 7,6 mètres par 9,1 mètres, date vraisemblablement de l'origine, tandis que la partie ouest, avec une façade de 4,6 mètres, fut ajoutée à une date ultérieure, tout probablement avant 1825. Il est à noter, qu'à cause des erreurs multiples dans la lecture de la chaîne de titres, on ne peut pas se fier aux divers historiques de la maison.

Le terrain sur lequel la maison se trouve faisait partie d'une plus grande étendue de terrain qui était découpée en 1743 de la ferme cultivée depuis des générations par la famille Brossard. L'acquéreur, Joseph Brossard, l'avait reçue en compensation pour &laquo;&nbsp;les bons services&nbsp;&raquo; qu'il avait rendus à sa mère pendant son veuvage. La première mention de la maison actuelle remonte à 1758 lors de la cession de Joseph à son frère Denis. Vraisemblablement la même maison qui est indiquée sur le plan Labrosse de 1767, elle fut jointe à la terre que Denis cultiva jusqu'en 1786 date où il donnait ses biens à son fils Jean-Baptiste. Ce dernier la conserva que pendant dix ans. Il s'ensuivit trois transactions en un an avec le résultat que le terrain avec sa maison était encore retiré de la terre cultivée et que le cordonnier François Brossard en devenait propriétaire. Cette transaction nous révèle la seule précision sur la maison au XVIIIe siècle : elle était en bois.

Le menuisier Joseph Gauvin l'acquerrait en 1805 et la propriété restait dans ses mains et celles de ses descendants (y compris sa fille, Marie-Elizabeth-Eléonore, épouse de l'architecte John Ostell), jusqu'en 1924. Gauvin n'occupa la maison que pendant cinq ans : après 1810 elle fut toujours louée à des gens de petits métiers. Grâce à une description de la maison en 1863 (elle était toujours en bois) et les précisions indiquées sur l'atlas Goad de 1879, on peut dater le lambrissage de la façade en brique pendant cette période. Il est fort probable que ces travaux impliquèrent aussi l'ajout d'un second étage complet, la transformation du toit à deux versants en un étage avec un toit plat en témoigne. Entre 1928 et 1952, la maison était détenue par deux propriétaires et servait de résidence ; par la suite Fayez Shadeed la posséda pendant 30 ans. Acquise en 1986 par Gaétan Trottier et Ronald Dravigne, la maison fut complètement restaurée : l'étage supérieur avec le toit plat était enlevé et remplacé par un toit à pignon afin de redonner à la maison son apparence d'origine. La maison, classée monument historique depuis 1983, sert toujours de résidence.",1750,,-73.5536,45.5113
0041-50-8568-00,451-453 rue Saint-Louis ,non applicable,451,451-453,rue,453,,Saint-Louis,,Ville-Marie (Montréal),,1885,,NULL,NULL
0041-50-8874-00,455-457 rue Saint-Louis ,non applicable,455,455-457,rue,457,,Saint-Louis,,Ville-Marie (Montréal),,1885,,NULL,NULL
0041-50-9006-00,414-418 rue Saint-Louis ,non applicable,414,414-418,rue,418,,Saint-Louis,,Ville-Marie (Montréal),,1902,,-73.5535,45.511
0041-50-9180-00,459-461 rue Saint-Louis ,non applicable,459,459-461,rue,461,,Saint-Louis,,Ville-Marie (Montréal),,1885,,NULL,NULL
0041-60-0298-01,Immeuble Jean-Baptiste-Mathyl,non applicable,471,471-473,rue,473,,Saint-Louis,,Ville-Marie (Montréal),,1885,,-73.5533,45.5118
0041-60-0298-02,806-808 rue Berri ,non applicable,806,806-808,rue,808,,Berri,,Ville-Marie (Montréal),,1940,,-73.5534,45.5118
0041-60-0517-00,Refuge Meurling,non applicable,435,435,rue,435,du,Champ-de-Mars,,Ville-Marie (Montréal),"En 1912, la ville de Montréal reçoit un legs de Gustave Meurling qui ne doit être utilisé qu'à des fins charitables. La Ville décide alors de construire le refuge Meurling, répondant ainsi aux nombreux réformateurs sociaux qui déplorent le manque d'asile public pour les indigents à Montréal. Le site choisi comprend un ensemble d'immeubles résidentiels répartis sur les rues du Champ-de-Mars et Saint-Louis. Les bâtiments de la rue Saint-Louis, majoritairement construits en bois, logent, au début des années 1910, des journaliers et leurs familles. Les immeubles de la rue du Champ-de-Mars possèdent quant à eux une structure en brique et abritent aussi des ménages ouvriers. Dans les deux cas, il s'agit généralement de bâtiments remontant au début du XIXe siècle. 

On fait appel à l'architecte Eugène Payette pour les travaux de construction qui débutent en août 1913. Au début de l'année suivante, le refuge ouvre ses portes. En plus des dortoirs qui peuvent accueillir 650 personnes, il compte des réfectoires et un bureau de placement. L'institution charitable demeure dans ces locaux jusqu'en 1956, année où elle déménage dans un secteur plus à l'est de la ville de Montréal. Le Service du bien-être social de la Ville installe alors ses bureaux dans l'ancien refuge. En 1984, l'immeuble inoccupé change complètement de vocation et est transformé en coopérative d'habitation, laquelle ouvre ses portes l'année suivante. 


",1913,1914,-73.5533,45.5111
0041-60-0840-00,442-450 rue Saint-Louis ,non applicable,442,442-450,rue,450,,Saint-Louis,,Ville-Marie (Montréal),,1894,,-73.5533,45.5113
0041-60-1352-00,Maison Joseph-Brossard,non applicable,454,454,rue,454,,Saint-Louis,,Ville-Marie (Montréal),"Le menuisier Joseph Brossard fait construire cette maison en 1828. Joseph Brossard père et Marie-Josephte Mathieu font donation à leur fils Joseph et à sa future épouse Marie-Josephte Dupéré, en 1826, de cet emplacement sans bâtiments situé au faubourg Saint-Louis. Brossard fils engage deux ans plus tard Charles-Simon Delorme pour lui bâtir une maison en bois, recouverte de planches en façade et ultérieurement de crépit, avec fondation et cheminées en pierre, rare exemple encore debout des maisons qui peuplaient les faubourgs montréalais au début du XIXe siècle. Probablement très croyant, Brossard en agrémente la devanture d’une niche et d’une statuette religieuse que l’on peut encore observer aujourd’hui. Le jeune couple s’y établit.

Devenu veuf, Brossard vend la maison en décembre 1843 à Joseph Boulanget, marchand tailleur. Cette famille en conserve la propriété pendant cent ans. Entre-temps, le bâtiment divisé en deux logements est loué à des commis, des journaliers, des petits artisans et des veuves. Le contremaître Omer Robitaille, qui y réside déjà comme locataire depuis 1939, l’achète en 1946. En 2005, la maison conserve toujours sa vocation résidentielle.",1828,,-73.5532,45.5114
0041-60-2468-00,Maisons Adolphe-Faust,non applicable,464,464-494,rue,494,,Saint-Louis,,Ville-Marie (Montréal),"Cet immeuble comprend quatre unités résidentielles. Il est construit en deux étapes par le médecin Alphonse Faust (Fausse). Les deux maisons sis à l’est sont construites en 1886. En 1890, Faust acquiert la propriété voisine à l’ouest. Il y fait bâtir en 1891 deux maisons identiques à celles de 1886.  ",1886,,-73.553,45.5115
0041-60-2637-00,Maison Michael-Cuddihy,non applicable,443,443-449,rue,449,du,Champ-de-Mars,,Ville-Marie (Montréal),,1862,,-73.553,45.5112
0041-60-3284-00,Hôtel Le Relais,non applicable,756,756-764,rue,764,,Berri,,Ville-Marie (Montréal),"Construit en 1911, l'hôtel Le Relais est localisé sur un emplacement acquis par Joseph Moreau en 1898. Le site abritait alors une auberge donnant sur la rue Saint-Louis. La construction de la nouvelle aile de la gare Viger incite sans doute Moreau à procéder à l'érection d'un nouvel hôtel faisant front sur la rue Berri. L'hôtel de quatre étage est complété en 1911. 

L'immeuble terminé, Joseph Moreau cède la propriété à deux de ses enfants, Maria et Joseph, qui le louent aussitôt à l'hôtelier Napoléon Geoffroy, président de la compagnie Le Relais. L'établissement acquiert alors le statut de taverne tout en maintenant sa fonction d'hébergement. Un autre tavernier, Ernest Henry Girard, loue à son tour l'immeuble au début des années 1920. Avec son frère, ils renouvellent périodiquement le bail et ils achètent finalement l'hôtel dans les années 1960. 

Après plus de quarante ans d'activités sous la gouverne des frères Girard, l'hôtel Le Relais est une institution hôtelière bien implantée. Cependant, alléguant la « réputation douteuse » de l'établissement, la Ville de Montréal menace, en 1963, de ne pas renouveler le permis d'exploitation. Les frères Girard vendent finalement l'immeuble en 1972. Bien que plusieurs propriétaires se succèdent, l'hôtel continue à fonctionner sous le nom d'hôtel Le Relais jusque dans les années 1980. Abandonné, il évite la catastrophe lors d'un incendie qui ravage le bâtiment voisin de la rue Champ-de-Mars. À la fin des années 1990, l'établissement fait l'objet de rénovations importantes et retrouve sa vocation sous l'appellation d'hôtel du Vieux-Port. 




",1911,,-73.5529,45.5117
9940-37-5413-01,Maison William-Cairns,Maison en rangée,2032,2032-2034,rue,2034,,Jeanne-Mance,,Ville-Marie (Montréal),,1887,0,-73.569196,45.508404
9940-37-4717-01,Maison Thomas-Fraser,Maison en rangée,2038,2040,rue,2042,,Jeanne-Mance,,Ville-Marie (Montréal),,1887,0,-73.569275,45.508440
9940-37-4121-01,Maison John T.-Haggar,Maison en rangée,2044,2044-2046,rue,2046,,Jeanne-Mance,,Ville-Marie (Montréal),,1887,0,-73.569355,45.508484
9940-37-3525-01,Maison Andreas C. F.-Finzel,Maison en rangée,2048,2050,rue,2052,,Jeanne-Mance,,Ville-Marie (Montréal),,1887,0,-73.569432,45.508520
9940-37-2830-01,Maisons Janvier-Arthur-Vaillancourt,Maison en rangée,2054,2054-2056,rue,2056,,Jeanne-Mance,,Ville-Marie (Montréal),,1888,0,-73.569516,45.508560
9940-37-2234-01,Maisons Janvier-Arthur-Vaillancourt,Maison en rangée,2058,2058-2064,rue,2064,,Jeanne-Mance,,Ville-Marie (Montréal),,1888,0,-73.569610,45.508585
9940-37-1538-01,Maisons Janvier-Arthur-Vaillancourt,Maison en rangée,2066,2066-2068,rue,2068,,Jeanne-Mance,,Ville-Marie (Montréal),,1888,0,-73.569688,45.508640
9940-37-0942-01,Maison Walter-Marriage,Maison en rangée,2070,2070-2072,rue,2072,,Jeanne-Mance,,Ville-Marie (Montréal),,1889,0,-73.569762,45.50866
9940-37-0446-01,Maisons Charles-Sheppard,Maison en rangée,2074,2074-2076,rue,2076,,Jeanne-Mance,,Ville-Marie (Montréal),,1890,0,-73.569841,45.508711
9940-27-9949-01,Maisons Charles-Sheppard,Maison en rangée,2078,2078,rue,2078,,Jeanne-Mance,,Ville-Marie (Montréal),,1890,0,-73.569902,45.508735
9940-27-9452-01,Maisons Charles-Sheppard,Maison en rangée,2080,2080A-2080B,rue,2080,,Jeanne-Mance,,Ville-Marie (Montréal),,1890,0,-73.569960,45.508767
0040-41-4063-04,Entrepôt Louisa-Goddard-Frothingham,non applicable,NULL,NULL,NULL,NULL,NULL,NULL,NULL,Ville-Marie (Montréal),"La quincaillerie Frothingham and Workman Co. achète en août 1852 de Jacob DeWitt un terrain de forme irrégulière où se trouvaient un magasin en pierre donnant sur la rue Saint-Paul et une écurie. Le tout est en ruines à la suite d'un incendie majeur ayant détruit plusieurs immeubles à l'est de la place Royale. Sur l'emplacement de l'écurie, la compagnie fait construire en 1855 un entrepôt de quatre étages et demi, selon les plans de George Browne. 

Le premier occupant en 1856 est le marchand de cuir Seymour and Whitney Co. L'entrepôt est ensuite loué au plus gros fabricant de clous à Montréal, T. D. Bigelow and Son Co., puis au quincaillier Morelan and Watson Co. La présence de ces locataires est généralement de courte durée et, vers 1880, ils cèdent leur place à la quincaillerie Frothingham & Workman.

En 1858, la propriété est vendue à la fille de John Frothingham, Louisa Goddard. En 1870, on redresse le toit de l'entrepôt afin de permettre l'éventuelle jonction avec le magasin-entrepôt Frothingham & Workman. De 1870 à 1980, l'entrepôt ne subit que des modifications mineures. Acquis en janvier 1981 par Habitat Place Royale Ltée, l'entrepôt est rénové et recyclé en copropriétés résidentielles.
",1855,1856,-73.5554,45.5035
0041-60-4306-00,Maison Daniel-Gorrie II,non applicable,436,436,rue,436,du,Champ-de-Mars,,Ville-Marie (Montréal),,1868,,-73.5528,45.511
0041-60-4913-00,Maison Daniel-Gorrie I,non applicable,440,440-454,rue,454,du,Champ-de-Mars,,Ville-Marie (Montréal),,1868,,-73.5528,45.5111
0041-61-1570-01,Gare-hôtel Viger,non applicable,700,700,rue,700,,Saint-Antoine,Est,Ville-Marie (Montréal),"La gare-hôtel Viger est construite entre 1896 et 1898 par le Canadien Pacifique d’après les plans de Bruce Price, l’architecte du château Frontenac à Québec (1892-1893). Pour construire cet imposant édifice, la Ville de Montréal et le Canadien Pacifique signent une entente. Le Canadien Pacifique cède ainsi trois importantes propriétés à la Ville de Montréal, tandis que celle-ci exproprie 35 lots entre 1893 et 1895 pour la construction de la gare-hôtel. Des dizaines de bâtiments sont détruits pour le projet, dont de nombreuses maisons. Le square Dalhousie est également rasé. Le nom de l’édifice fait d’abord référence à Denis-Benjamin Viger, un célèbre politicien du XIXe siècle. Il est renommé édifice Jacques-Viger en 1957 en l’honneur de l’ancien maire de Montréal.

L’édifice accueille ses premiers voyageurs en août 1898. La gare et de nombreux services pour les passagers occupent le rez-de-chaussée. Au premier étage est aménagé un restaurant spacieux qui offre à ses clients l’accès à une large terrasse donnant sur la rue Craig. Les 88 chambres de l’hôtel sont réparties sur les étages supérieurs.

Une dizaine d’années après son ouverture, la gare-hôtel Viger ne suffit déjà plus aux besoins. En 1911-1912, le Canadien Pacifique déménage la gare dans une aile attenante de deux étages qu’il a fait construire le long de la rue Berri. À partir de ce moment, l’édifice sert uniquement d’hôtel. 

En 1935, l’édifice &#8211; alors l’hôtel Place Viger &#8211; ferme ses portes malgré la vive opposition de politiciens et de gens d’affaires de l’est de Montréal. De 1939 à 1950, l’ancienne gare-hôtel Viger est occupé par le gouvernement canadien qui l’utilise pour différents services militaires, puis pour y loger d’anciens combattants. La gare cesse ses activités en 1951, une année après que la Ville de Montréal eût acheté le complexe ferroviaire Viger. À la suite d’importants travaux de rénovation effectués en 1954-1955, la Ville de Montréal y installe certaines divisions administratives. Elle occupe toujours l’immeuble en 2005.",1896,1898,-73.5532,45.5125
0041-61-1570-02,Gare Berri,non applicable,755,755-775,rue,775,,Berri,,Ville-Marie (Montréal),"Cette gare est construite en 1911-1912 par le Canadien Pacifique, soit une dizaine d’années après l’ouverture de la gare-hôtel Viger (1898) dont elle est le prolongement. Le nouveau bâtiment sert à la fois de gare et d'hôtel &#8211; les chambres étant situées à l'étage supérieur &#8211;, tandis que la gare-hôtel Viger assume désormais une vocation strictement hôtelière. La construction de cette gare survient au moment où le Canadien Pacifique termine l’agrandissement des installations ferroviaires attenantes au complexe, une opération qui force l’évacuation de plusieurs centaines de résidents des faubourgs Saint-Louis et Québec. La gare sera en fonction jusqu’en 1951.",1910,1912,-73.5525,45.512
0041-61-1570-03, rue Berri ,non applicable,515,,rue,515,,Berri,,Ville-Marie (Montréal),,9999,,-73.5519,45.512
0041-61-1570-04,NULL,non applicable,NULL,NULL,NULL,NULL,NULL,NULL,NULL,Ville-Marie (Montréal),,1956,,-73.5517,45.5124
0041-70-2608-00,Église orthodoxe grecque syrienne Saint-Nicolas,non applicable,452,452,rue,452,,Notre-Dame,Est,Ville-Marie (Montréal),"L’église orthodoxe grecque syrienne Saint-Nicolas est construite en 1910-1912 d’après les plans de l’architecte Charles Bernier. La congrégation syrienne &#8211; The Syrian Greek Orthodox Church of Saint-Nicholas of Canada &#8211; achète d’abord la propriété en février 1909. On y trouve alors une pension de famille (<i>boarding house</i>) de trois étages en pierre, laquelle est démolie lorsqu’on débute les travaux durant l’été 1910. L’inauguration de l’église, d’abord prévue au début du mois de décembre 1910, est considérablement retardée puisque l’entrepreneur fait faillite. La congrégation éprouve elle aussi des difficultés financières, si bien que le chantier se prolonge jusqu’au début de l’année 1912. Par rapport au plan original de Bernier, on note des changements majeurs. La congrégation a ainsi renoncé à la construction de la tour-lanterne. En outre, les constructeurs s’éloignent de la symétrie du plan original en prolongeant l’église au-dessus d’un passage mitoyen. 

En février 1931, l’église est endommagée lors d’un incendie qui touche surtout le bâtiment voisin à l’ouest. Pour une raison inconnue, l’édifice perd ses deux clochers dans les années qui suivent. En 1949, la congrégation syrienne quitte le Vieux-Montréal pour s’installer dans le quartier Villeray. L’édifice sert ensuite de centre socio-culturel pour la communauté belge jusqu’à la fin des années 1990. Au début des années 2000, l’ancienne église est recyclée en copropriétés.",1910,1912,-73.5517,45.511
0041-70-3025-01,Maison George-Étienne-Cartier I,non applicable,456,456-458,rue,458,,Notre-Dame,Est,Ville-Marie (Montréal),"L'avocat Arthur Ross fait construire sur un terrain vacant, peut-être par l'entrepreneur Richard Robinson, deux maisons jumelées partageant un passage mitoyen et une porte cochère entre 1836 et 1838. Ross vend la maison à l'ouest (la maison ouest) en décembre 1838 à l'avocat John Bleakley qui y installe sa demeure. 

La maison devient la propriété de l'avocat et politicien George-Étienne Cartier en 1862. De retour à Montréal après un séjour à Québec, Cartier, qui a occupé de 1848 à 1855 la maison voisine à l'est (la maison est) aussi construite par Ross, établit sa résidence familiale dans la maison ouest jusqu'en 1871. L'année suivante la maison est louée au docteur A.G.A Ricard qui y habite et y tient son bureau jusqu'en 1893. 

L'expropriation d'une partie de la maison est par la Ville de Montréal en vue de l'ouverture du tunnel de la rue Berri en 1893 devient une occasion d'apporter aussi des changements à la maison ouest, notamment à son toit et au passage mitoyen. Les rénovations terminées, l'étage sous la mansarde est loué à l'occupant de la maison est, un hôtelier, et les deux autres étages abritent chacun un logement. La succession Cartier vend la propriété en 1951. La division de l'espace est toujours la même, lorsque le gouvernement fédéral se porte acquéreur de la propriété en 1973. 
",1836,,-73.5517,45.5111
0041-70-3025-02,Maison George-Étienne-Cartier II,non applicable,458,458-460,rue,460,,Notre-Dame,Est,Ville-Marie (Montréal),"L'avocat Arthur Ross fait construire sur un terrain vacant, peut-être par l'entrepreneur Richard Robinson, deux maisons jumelées partageant un passage mitoyen et une porte cochère entre 1836 et 1838. Ross fait donation de la maison à l'est (appelée maison est) à sa mère en 1839.

La maison conserve sa vocation résidentielle jusqu'en 1871. Dans l'intervalle, en 1848, elle devient la propriété de l'avocat et politicien George-Étienne Cartier. Ce dernier en fait sa résidence familiale de 1848 à 1855. La famille Cartier quitte la ville en 1855 et loue la maison à un avocat. Lorsque les Cartier reviendront à Montréal en 1862, ils achèteront et habiteront dans la maison voisine à l'ouest (la maison ouest), l'autre résidence construite par Ross.

À compter de 1871, le bâtiment est transformé en hôtel particulier avant d'être loué comme magasin par le ministère de la Milice au début des années 1880. En 1884, l'immeuble, situé à proximité de la nouvelle gare Dalhousie, devient l'hôte du Grand Pacific Hotel. Bien que ses nouvelles occupations aient entraîné des modifications dans l'utilisation de l'espace intérieur, c'est en 1893, alors que la Ville de Montréal exproprie une partie du terrain pour ouvrir le tunnel de la rue Berri, que le bâtiment fait l'objet de travaux majeurs, notamment la rénovation de sa façade tronquée de 3,1 mètres et la transformation de son toit à versants en toit à mansarde. Après les travaux, la maison est demeure l'hôte du Grand Pacifique Hotel. Un incendie en endommage considérablement l'intérieur en 1901. L'établissement rénové prend le nom d'Hôtel Dalhousie. Puis dans les années 1930, il devient le Royal Rooms. La succession Cartier vend la propriété en 1951. Celle-ci est achetée par le gouvernement fédéral en 1973. 
",1837,,-73.5517,45.5112
0041-70-5003-01,Maisons Philip-Shorts,non applicable,461,461,rue,461,,Saint-Paul,Est,Ville-Marie (Montréal),La façade d'origine comprenait deux portes d'entrée distinctes et une porte-cochère. L'apparence actuelle du bâtiment lui a été donnée entre 1927 et 1947.,1804,,-73.5513,45.5109
0041-70-5003-02,Refuge Notre-Dame-de-la-Merci,non applicable,459,459,rue,459,,Saint-Paul,Est,Ville-Marie (Montréal),"En 1930, le journaliste Olivar Asselin, alors secrétaire du Refuge de Notre-Dame-de-la-Merci, invite les bienfaiteurs à l'assemblée générale annuelle du Refuge. Cette &#339;uvre charitable qui s'occupe d'hospitalisation et d'hébergement de la vieillesse indigente a été mise sur pied en 1915 par Achille David, &laquo;&nbsp;un communiste chrétien&nbsp;&raquo; selon Asselin, qui réussissait tant bien que mal à loger les malades particulièrement démunis.  À cause du manque d'argent chronique, ceux-ci étaient expulsés régulièrement de ces locaux de fortune. En 1923, Achille David loue de la succession Molson deux étages de l'immeuble situé au 459 de la rue Saint-Paul Est.  Il y installe ses pensionnaires mais rapidement, il lui devient  impossible de payer le loyer. 

En 1925, Olivar Asselin, qu'Achille David avait rencontré par hasard l'année précédente, devient la cheville ouvrière du renouveau de cette &#339;uvre en prenant la responsabilité de secrétaire du Refuge Notre-Dame-de-la-Merci.  Il sensibilise le public à cette cause, met sur pied un conseil d'administration composé de personnes influentes et demande aux Frères hospitaliers de Saint-Jean-de-Dieu de prendre en charge cette institution.  Ceux-ci arrivent en 1927 en provenance de Lyon. Grâce à cette nouvelle équipe, les finances sont remises sur pied et on peut même acheter l'édifice. À cette même époque, le conseil d'administration doit louer la maison de pierre voisine pour loger les Frères.  Cette maison délabrée est alors rénovée et leur sert de premier noviciat. 

Au Refuge, les demandes d'admission se multiplient et les places deviennent de plus en plus restreintes.  On projette donc en 1929 de construire l'hôpital Notre-Dame-de-la-Merci sur le boulevard Gouin à Rivière-des-Prairies. Cet édifice, oeuvre des architectes J.-Omer Marchand et de Joseph Sawyer, sera terminé en 1932 et pourra accueillir 400 vieillards nécessiteux. Au moment où les Oeuvres de Notre-Dame-de-la-Merci sont en pleine expansion, en février 1931 un incendie endommage sérieusement l'édifice de la rue Saint-Paul.On profitera de l'occasion pour rendre l'édifice à l'épreuve du feu et on fait encore appel à l'architecte J.-Omer Marchand.  Il proposera des transformations majeures qui lui donneront son apparence actuelle. L'édifice pourra alors loger plus de 200 hommes dans le besoin, vieillards, invalides ou infirmes. 

En 1956, le cardinal Paul-Émile Léger confie aux Frères hospitaliers de Saint-Jean-de-Dieu la direction et l'organisation de l'hôpital Saint-Charles-Borromée. Le Refuge cède alors sa place à l'hôpital Porte du ciel, nom donné par le cardinal.  L'année suivante, les Servantes de Marie-Immaculée prendront en charge cet édifice pour desservir cette fois-ci une clientèle de femmes âgées et démunies.  Elles inaugurent leur prise de possession par une corvée faisant appel à des plâtriers, menuisiers, plombiers et électriciens bénévoles qui apportent leurs outils pour faire un grand ménage dans l'édifice.   Une chapelle, quatre grandes salles et les étages supérieurs accueilleront les femmes malades et indigentes.",1931,,-73.5514,45.5109
0041-70-6093-00,Gare Dalhousie,non applicable,514,514-522,rue,522,,Notre-Dame,Est,Ville-Marie (Montréal),"La gare Dalhousie est construite en 1883-1884 par le Canadien Pacifique. L’entreprise prend possession des terrains en 1882 lorsqu’elle acquiert la Quebec, Montreal, Ottawa & Occidental Railway. Pour construire la gare, on démolit une dizaine de maisons et bâtiments situés le long de la rue Notre-Dame, une caserne de pompier, les casernes de la Porte de Québec et la partie sud du square Dalhousie. La gare est conçue par l’architecte anglais Thomas C. Sorby et elle accueille ses premiers passagers en 1884. Les trains du Canadien Pacifique desservent alors un territoire qui s’étend de Montréal à Winnipeg.

Le rez-de-chaussée de la gare donne accès aux quais et sert de gare de marchandises. Le premier train qui effectue la traversée transcontinentale du Canada part de cet endroit le 28 juin 1886. Au deuxième étage, dont la façade est vitrée sur la rue Notre-Dame, ont été aménagés la salle d’attente, le service télégraphique et des bureaux du Canadien Pacifique.

La gare a une courte vie puisqu’elle ferme ses portes en 1898, lors de l’ouverture de la gare-hôtel Viger située tous près. Jusqu’en 1929, la gare sert d’entrepôt pour le Canadien Pacifique et de salle d’encans de fruits. En 1935, le Canadien Pacifique y amorce d’importants travaux : le toit en croupe est entre autres remplacé par un toit plat. De 1935 à 1964, la Weddel Can Cork Limited l’utilise pour des fins d’entreposage, une fonction que le bâtiment gardera jusqu’à son achat par la Ville de Montréal en 1984. En 1986, des travaux majeurs de restauration et de recyclage sont effectués. La gare retrouve alors en partie son apparence d’origine. De 1986 à 2003, l’édifice loge l’École nationale de cirque. En 2005, il héberge le cirque Éloize.
",1883,1884,-73.5514,45.5117
0139-13-1892-03,Élévateur B,non applicable,1,,quai,1,de la,Pointe-du-Moulin,,Ville-Marie (Montréal),"En 1902, les commissaires du havre confient à la compagnie du Grand Tronc la construction de l’élévateur B et lui cèdent des terrains situés sur la Pointe-du-Moulin. La firme d’ingénierie de Chicago John S. Metcalf Co. est choisie pour ce projet. En 1904, les travaux d’excavation de l’élévateur débutent. Metcalf développe un projet composé d’un système de silos carrés formés de plaques d’acier. Le 28 avril 1906, on inaugure officiellement le nouveau silo qui a une capacité de 1 million de boisseaux. Le nouvel édifice innove en prenant livraison aussi bien des wagons que des barges. 

En 1913, les besoins grandissants du port commandent l’extension des installations existantes. La compagnie du Grand Tronc fait construire, à l’ouest, une annexe faite de cylindres de béton intégrée au bâtiment. Cette annexe reflète les avancées rapides de l’ingénierie de construction de l’époque avec l’introduction du béton qui supplante graduellement l’acier. 

Au début des années 1920, la Commission du havre crée un comité (Grain Elevator Committee) qui recommande l’achat de l’élévateur B par la Commission, une opération rendue possible depuis la nationalisation du Grand Tronc au début des années 1920 (Canadien National). En 1923, les ententes de principes sont signées, mais les modalités du transfert foncier s’échelonnent jusqu’en 1925. 

Les nouveaux propriétaires ordonnent dès 1923 l’agrandissement de l’annexe de 1913. La firme John S. Metcalf s’occupe encore une fois des travaux. Au terme de l’opération, en 1925, la capacité de l’élévateur B est portée à environ 3 500 000 boisseaux. À la fin des années 1950, on construit, à l’est, l’immense élévateur B-1. En 1963, on relie l’élévateur B par convoyeurs aériens avec le silo B-1. Les deux structures sont fusionnées et forment le silo no 5. 

Dans le Vieux-Port, seul le silo no 5 a échappé à la démolition et une importante campagne de sauvegarde du bâtiment est mise en branle dans les années 1990. 
",1904,1906,-73.5501,45.4971
0040-08-8023-02,66 boulevard René-Lévesque Est,indéterminée,60,66,boulevard,66,,René-Lévesque,Est,Ville-Marie (Montréal),,NULL,NULL,-73.559741,45.509058
0041-44-3917-01,Centre hospitalier Jacques-Viger,indéterminée,840,840-890,boulevard,890,,René-Lévesque,Est,Ville-Marie (Montréal),,NULL,NULL,-73.555604,45.514989
0041-44-3917-02,Centre hospitalier Jacques-Viger,indéterminée,840,840-890,boulevard,890,,René-Lévesque,Est,Ville-Marie (Montréal),,NULL,NULL,-73.556010,45.514296
0041-44-3917-03,Centre hospitalier Jacques-Viger,indéterminée,840,840-890,boulevard,890,,René-Lévesque,Est,Ville-Marie (Montréal),,NULL,NULL,-73.555604,45.514214
0041-44-3917-04,Centre hospitalier Jacques-Viger,indéterminée,840,840-890,boulevard,890,,René-Lévesque,Est,Ville-Marie (Montréal),,NULL,NULL,-73.555365,45.514665
9940-71-0958-01,Basilique St. Patrick,Édifice de culte,454,454,boulevard,460,,René-Lévesque,Ouest,Ville-Marie (Montréal),,1843,1847,-73.564763,45.503514
9939-02-5521-01,Maison Louis-Hippolyte-La Fontaine,Maison isolée,1395,1395-1401,avenue,1401,,Overdale,,Ville-Marie (Montréal),,1845,0,-73.572488,45.494978
9838-68-0701-01,Maison Shaughnessy,Maison semi-détachée,1923,1923,boulevard,1923,,René-Lévesque,Ouest,Ville-Marie (Montréal),,1874,1875,-73.578534,45.490906
9838-66-1324-01,1980 boulevard René-Lévesque Ouest,Maison isolée,1980,1980,boulevard,1980,,René-Lévesque,Ouest,Ville-Marie (Montréal),,NULL,NULL,-73.578740,45.489525
9838-55-8285-01,Couvent Saint-Joseph,Édifice religieux,2000,2010,boulevard,2010,,René-Lévesque,Ouest,Ville-Marie (Montréal),,NULL,NULL,-73.579202,45.489184
9838-55-4450-01,2080 boulevard René-Lévesque Ouest,Maison isolée,2080,2080,boulevard,2080,,René-Lévesque,Ouest,Ville-Marie (Montréal),,NULL,NULL,-73.579701,45.488859
0142-12-4467-01,Station de pompage Craig,indéterminée,2000,2000,avenue,2000,,Viger,Est,Ville-Marie (Montréal),,1887,0,-73.546413,45.522315
9941-74-4169-01,Bibliothèque de Saint-Sulpice,Bibliothèque,1700,1700-1706,rue,1706,,Saint-Denis,,Ville-Marie (Montréal),,1912,1914,-73.564230,45.515226
9941-80-7201-01,Atelier d'Horlorgerie Franco-Suisse,indéterminée,98,98,rue,98,,Sainte-Catherine,Est,Ville-Marie (Montréal),,NULL,NULL,-73.562617,45.510927
9941-80-8104-01,Église unie Saint-Jean,Édifice de culte,100,110,rue,110,,Sainte-Catherine,Est,Ville-Marie (Montréal),,NULL,NULL,-73.562510,45.510962
0041-13-0758-01,Chapelle Notre-Dame-de-Lourdes,Édifice de culte,430,430,rue,430,,Sainte-Catherine,Est,Ville-Marie (Montréal),,NULL,NULL,-73.559607,45.514114
0041-49-3161-01,1307-1317 rue Sainte-Catherine Est,indéterminée,1307,1307-1317,rue,1317,,Sainte-Catherine,Est,Ville-Marie (Montréal),,NULL,NULL,-73.555480,45.519566
0042-40-7639-01,1359-1371 rue Sainte-Catherine Est,indéterminée,1359,1359-1371,rue,1369,,Sainte-Catherine,Est,Ville-Marie (Montréal),,NULL,NULL,-73.554801,45.520251
0042-50-7659-01,Station postale C,indéterminée,1450,1450-1456,rue,1456,,Sainte-Catherine,Est,Ville-Marie (Montréal),,NULL,NULL,-73.554003,45.520556
0042-52-5303-01,1551-1577 rue Sainte-Catherine Est,indéterminée,1551,1551-1577,rue,1577,,Sainte-Catherine,Est,Ville-Marie (Montréal),,NULL,NULL,-73.553736,45.521428
0042-62-8767-01,Banque de Montréal,Banque,1698,1698-1700,rue,1700,,Sainte-Catherine,Est,Ville-Marie (Montréal),,NULL,NULL,-73.552328,45.522356
0142-07-2713-01,Télé-Québec,indéterminée,2200,2200,rue,2222,,Sainte-Catherine,Est,Ville-Marie (Montréal),,NULL,NULL,-73.548689,45.526204
0042-98-7403-01,2277-2279 rue Sainte-Catherine Est,indéterminée,2275,2277-2279,rue,2277,,Sainte-Catherine,Est,Ville-Marie (Montréal),,NULL,NULL,-73.548526,45.527089
0042-98-7810-01,2281 rue Sainte-Catherine Est,indéterminée,2281,2281,rue,2281,,Sainte-Catherine,Est,Ville-Marie (Montréal),,NULL,NULL,-73.548484,45.527164
0142-08-6516-01,Église et presbytère Saint-Vincent-de-Paul,Édifice de culte,2310,2310,rue,2340,,Sainte-Catherine,Est,Ville-Marie (Montréal),,NULL,NULL,-73.547608,45.527239
0142-08-9675-01,Accueil Ville-Marie,indéterminée,2380,2380,rue,2380,,Sainte-Catherine,Est,Ville-Marie (Montréal),,NULL,NULL,-73.547074,45.527925
0142-19-1734-01,Banque d'Épargne,Banque,2400,2400-2404,rue,2404,,Sainte-Catherine,Est,Ville-Marie (Montréal),,NULL,NULL,-73.546792,45.528317
0139-13-1892-02,Élévateur B-1,non applicable,1,,quai,1,de la,Pointe-du-Moulin,,Ville-Marie (Montréal),,1958,,-73.5502,45.4983
0139-13-1892-01, quai Pointe-du-Moulin ,non applicable,1,,quai,1,de la,Pointe-du-Moulin,,Ville-Marie (Montréal),,1923,,-73.5496,45.4965
0139-13-1892-04, quai Pointe-du-Moulin ,non applicable,1,,quai,1,de la,Pointe-du-Moulin,,Ville-Marie (Montréal),,1958,,-73.5496,45.4983
0040-00-5947-09,NULL,indéterminé,427,,rue,427,,Saint-Jacques,,Ville-Marie (Montréal),NULL,1938,1939,-73.5602,45.5017
0040-40-9092-01,173 place D'Youville ,non applicable,173,173,place,173,,D'Youville,,Ville-Marie (Montréal),"Nouvelle composante du Musée, la Station de pompage Youville, située au 173
d'Youville, s'avère être un élément important du patrimoine industriel de
Montréal. Cette première station de pompage des eaux usées alimentée à
l'électricité donne la chance aux visiteurs de mieux comprendre le mode de
fonctionnement et les étapes franchies par les eaux usées pour être finalement
acheminées vers l'actuelle station d'épuration.

Dernière-née du complexe architectural de Pointe-à-Callière

Transformée, depuis peu, en lieu d'interprétation, la Station de pompage
Youville, située au 173, Place d'Youville, est la première station de pompage
des eaux usées à Montréal à fonctionner à l'électricité. Construit en 1915, le
bâtiment abrite des objets précieux qui ont traversé près d'un siècle. Moteurs,
pompes, vannes, équipements électriques ont été conservés et les voici tous
réunis pour nous parler de l'usage du lieu, de ses mécanismes intimes, du mode
de fonctionnement et d'une histoire à plusieurs niveaux.
C'est à l'ingénieur Stuart Howard, anglais d'origine, que l'on doit la
conception de la station. Avec l'allure victorienne de sa façade et sa belle
brique écossaise, la station représente un pas important dans l'évolution
technologique et civique de la ville au XXe siècle. L'édifice comporte en effet
de nombreuses particularités. D'abord, le réseau de régulation des eaux
canalisées par l'égout collecteur plonge profondément sous terre -- deux étages
sous le niveau de la rue ! De plus, la partie souterraine de l'édifice est
accessible et laisse clairement voir les structures du mécanisme de pompage et
de régulation du flux des eaux dans l'égout.

Le rôle d'une station de pompage

Cette station a vu le jour dans le but ultime d'élever le niveau des eaux usées
du Vieux-Montréal, depuis l'égout collecteur de la petite rivière Saint-Pierre,
à plus de 6 mètres en hauteur, pour ensuite les déverser par gravité dans un
autre collecteur, situé à un kilomètre de là, sur la rue Craig (Saint-Antoine).
Historiquement appelée &laquo;&nbsp;station élévatoire&nbsp;&raquo; pour signifier sa fonction première
(élever les eaux usées), la station a été en fonction jusqu'en 1990, au moment
où le détournement complet des eaux usées du secteur Vieux-Montréal et de la
Cité du Havre s'est fait vers l'intercepteur sud de la station d'épuration des
eaux usées de la Communauté urbaine de Montréal.",1998,,-73.5547,45.5027
0039-28-0022-00,NULL,non applicable,444,444,rue,444,,McGill,,Ville-Marie (Montréal),,1955,,-73.5584,45.5003
0039-39-8503-01,Magasin-entrepôt Rambau,magasin-entrepôt,350,350,rue,350,,Saint-Paul,Ouest,Ville-Marie (Montréal),,1854,,-73.5562,45.5011
0039-56-9832-00,Cour fédérale du Canada,non applicable,30,30,rue,30,,McGill,,Ville-Marie (Montréal),,1998,,-73.5534,45.4986
0039-57-8611-00,NULL,non applicable,1,1,rue,1,,McGill,,Ville-Marie (Montréal),,1995,1997,-73.5536,45.4993
0039-59-4024-01,Entrepôt John-Try V,indéterminé,315,315,rue,315,de la,Commune,Ouest,Ville-Marie (Montréal),NULL,1854,1855,-73.5538,45.5008
0039-59-4024-05,Entrepôt John-Try IV,non applicable,NULL,NULL,NULL,NULL,NULL,NULL,NULL,Ville-Marie (Montréal),,1846,,-73.5542,45.501
0040-20-7762-00,Magasin-entrepôt Jacob-Henry-Joseph [1859-1860],magasin-entrepôt,464,464,rue,464,,Saint-Jean,,Ville-Marie (Montréal),NULL,1859,1860,-73.5574,45.5025
0040-40-6370-01,Immeuble Julien-Perrault,non applicable,200,200,rue,200,,Saint-Paul,Ouest,Ville-Marie (Montréal),"Julien Perrault, marchand de bois, fait construire cet immeuble en 1831. Perrault était propriétaire de l’emplacement et d’une maison en pierre de deux étages par la donation que lui en avait fait sa mère, Marie-Anne Tavernier, en 1816. Conçu principalement pour le commerce mais aussi pour l’habitation, le nouvel immeuble se trouve à proximité du port et à l’angle de deux axes commerciaux majeurs.

Il semble que William et Cyrus Brewster, quincailliers, y établissent leur commerce et leur résidence à compter de 1833. William Brewster y est toujours en 1842, alors que le procureur de la succession Perrault lui demande de quitter les lieux à la fin de son bail verbal. Néanmoins, pendant encore vingt ans, Brewster est lié à l’histoire de ce bâtiment, comme propriétaire de 1843 à 1856 et comme locataire de 1856 à 1864. S’il n’y habite plus au début des années 1840, le tiers de l’immeuble est toujours utilisé comme résidence à la fin de la décennie. Cette fonction n’occupe plus que le sixième de l’espace en 1855.

En janvier 1865, Joseph Tiffin acquiert l’immeuble que lui et ses héritiers détiendront jusqu’en 1922. Pendant cette période, le bâtiment est occupé essentiellement par des manufacturiers et des marchands de quincaillerie, puis à compter de 1913, par Ernest Albert, fourreur qui l’achète en 1922. La vente et la confection de vêtements de fourrure animent les lieux jusqu’en 1953, alors que la compagnie Irving I. Smith Limited y possède son siège social. 

Depuis 1970, le rez-de-chaussée du bâtiment est occupé par un restaurant et les étages supérieurs par des bureaux. ",1831,,-73.5552,45.5026
0040-50-3107-02,Entrepôt Gillespie-Moffatt II,non applicable,NULL,NULL,NULL,NULL,NULL,NULL,NULL,Ville-Marie (Montréal),,1831,1832,-73.5544,45.502
0040-52-4891-06,Entrepôt Charles-Lamontagne,non applicable,61,61-63,rue,63,de la,Commune,Ouest,Ville-Marie (Montréal),"Construit en 1830, l'entrepôt Charles Lamontagne est localisé sur une propriété comprise entre les rues de la Commune et Saint-Paul. L'emplacement est acquis par le marchand Charles Lamontagne en 1823-1824. À la toute fin de l'année 1829, ce dernier engage le maçon Vital Gibault pour la construction d'une &laquo;&nbsp;voûte&nbsp;&raquo; (entrepôt) de quatre étages en pierre sur la rue de la Commune. Les travaux sont terminés vers la fin du mois de septembre 1830. 

L'entrepôt est d'abord loué au marchand Norman Bethune. Lamontagne se défait de la propriété en 1846, puis le marchand Paul Médard Galarneau en fait l'acquisition en 1853. Des années 1860 aux années 1880, l'immeuble loge entre autres le Montreal Sailors' Institute, la P. M. Galarneau et Cie (le commerce de tissus, d'artcicles de mercerie et de produits divers des propriétaires) et des services fédéraux, notamment la police du Havre. Les héritiers de Paul Galarneau se défont de l'immeuble en 1903, au moment où il abrite le poste de police no 15.

En 1905, le grossiste de tissus et d'articles de mercerie (<i>dry goods</i>) Alphonse Racine fait l'acquisition de l'entrepôt. Quatre ans plus tard, on ajoute un étage et on remplace le toit à deux versants par un toit plat. En 1933, Alphonse Racine ltée fusionne avec deux autres compagnies pour former la Greenshields, Hodgson, Racine Limited, laquelle occupe l'immeuble jusqu'à la fin des années 1960. En 2003-2004, l'immeuble est recyclé en copropriétés.",1830,,-73.5538,45.5046
0040-54-9014-00,Magasin-entrepôt Marie-Hélène-Jodoin,magasin-entrepôt,8,8,rue,8,,Saint-Paul,Est,Ville-Marie (Montréal),"Marie-Hélène Jodoin, épouse d'Amable Jodoin fils, acquiert cette propriété en 1872 de l'épicier en gros Victor Hudon qui y occupe alors un bâtiment commercial. Elle fait immédiatement démolir le bâtiment et ses dépendances et entame la construction d'un magasin-entrepôt de plus grande dimension couvrant toute la superficie du lot.

Les premiers occupants sont le fabricant de chaussures et de bottes Zéphirin Lapierre et l'épicier en gros Joseph Hudon. Au début des années 1880, Lapierre quitte l'immeuble ; Joseph Hudon en devient ainsi l'unique occupant jusqu'à son départ en 1893. Entre temps, la succession Marie-Hélène Jodoin avait vendu l'immeuble à la succession John Pratt en 1888.

Vers 1900, et pour les vingt années suivantes, le marchand et fabricant de boîtes de carton George A. Mace & Co. (la Standard Paper Box Co. vers 1920) occupe le bâtiment. En 1914, on prolonge la rue Saint-Laurent vers le sud, de Notre-Dame à de la Commune. L'édifice Jodoin échappe de justesse à la démolition. En 1919, le grossiste en quincaillerie, L. H. Hébert et Cie Ltée, installé depuis environ 35 ans sur la rue Saint-Paul, de biais avec l'édifice Jodoin, achète le bâtiment et y emménage quelques mois plus tard. L. H. Hébert et Cie Ltée y poursuit ses activités pendant plus de 50 ans, jusqu'à la vente de l'immeuble en 1971 à un détaillant d'articles de cuisine. L'édifice est revendu en 1980, rénové en 1981 et recyclé en 1984 en copropriété. Des appartements sont aménagés aux étages supérieurs et des commerces et des entreprises aux étages inférieurs. 
",1872,1873,-73.5534,45.5056
0041-42-6570-01,Archives nationales du Québec,Collège / université,535,535,avenue,535,,Viger,Est,Ville-Marie (Montréal),,NULL,NULL,-73.555050,45.513263
0041-42-6570-02,Archives nationales du Québec (partie),Maison isolée,526,530,rue,540,,De La Gauchetière,Est,Ville-Marie (Montréal),,NULL,NULL,-73.555567, 45.513436
9940-94-1807-01,Église de la Mission catholique chinoise du Saint-Esprit,Édifice de culte,205,205,rue,205,,De La Gauchetière,Ouest,Ville-Marie (Montréal),,1834,1835,-73.562033, 45.505566
9940-81-2414-01,Édifice Unity,Atelier / entrepôt / usine / garage,454,454,rue,454,,De La Gauchetière,Ouest,Ville-Marie (Montréal),,1912,1913,-73.563208, 45.503082
9939-35-4731-01,Église anglicane St George's,Édifice de culte,1001,1101,rue,1001,,De La Gauchetière,Ouest,Ville-Marie (Montréal),,NULL,NULL,-73.569283, 45.497663
9839-94-6977-01,1214 rue Montagne ,indéterminée,1214,1214,rue,1214,de la,Montagne,,Ville-Marie (Montréal),,NULL,NULL,-73.574170,45.497148
9839-94-6977-02,Académie Bourget,indéterminée,1230,1230,rue,1230,de la,Montagne,,Ville-Marie (Montréal),,NULL,NULL,-73.574460,45.497260
9839-94-2597-01,1234 rue Montagne ,indéterminée,1234,1234,rue,1234,de la,Montagne,,Ville-Marie (Montréal),,NULL,NULL,-73.574765,45.497379
0041-68-0866-01,Église Saint-Pierre-Apôtre,Édifice de culte,1201,1201,rue,1215,de la,Visitation,,Ville-Marie (Montréal),,1851,1853,-73.553033,45.518594
0041-68-0866-02,Résidence des Missionnaires oblats,Édifice religieux,1201,1201,rue,1215,de la,Visitation,,Ville-Marie (Montréal),,1854,1856,-73.553628,45.518646
0042-20-4279-01,Maison L'Archevêque,Bâtiment commercial et résidentiel,1643,1647,rue,1647,de la,Visitation,,Ville-Marie (Montréal),,1891,0,-73.558148,45.520575
9838-06-2059-01,Station de métro Atwater,indéterminée,3015,3015,boulevard,3015,,De Maisonneuve,Ouest,Ville-Marie (Montréal),,NULL,NULL,-73.586324, 45.489803
0040-59-4811-01,Ancienne annexe de l'Hôtel-de-Ville,non applicable,775,775,rue,775,,Gosford,,Ville-Marie (Montréal),"Au début des année 1910, les autorités municipales confient à la firme d’architectes Marchand et Haskell la construction de l’édifice devant accueillir les quartiers de la police et la Cour du Recorder, aujourd'hui la Cour municipale. Un ancien temple anglican, transformé successivement en théâtre et en manufacture, et des résidences construites vers le milieu du XIXe siècle sur les rues Champ-de-Mars et Saint-Louis sont entre autres démolis pour réaliser le projet. Les travaux s’échelonnent de 1912 à 1913 et l’édifice, de style Beaux-Arts, est inauguré en janvier 1914.

Dès la fin des années 1930, les locaux de l’Annexe de l’Hôtel de ville ne suffisent plus.  Un projet d’agrandissement voit le jour, mais il est abandonné durant la guerre (1941). L’idée ne se concrétise qu’entre 1957 et 1960 alors qu’on construit un édifice contigu, de l’arrière de l’Annexe jusqu’à la rue Bonsecours (édifice du Quartier général de la police).  Par la suite, de 1961 à 1963, l’intérieur de l’annexe de la rue Gosford est démoli et totalement refait. L’Annexe de l’Hôtel de ville sert dès lors exclusivement à la Cour municipale tandis que le quartier général de la police de la CUM s’installe dans le nouveau bâtiment, rue Bonsecours. 
",1912,1913,-73.5542,45.5099
0040-66-1729-00,NULL,non applicable,422,422-430,place,430,,Jacques-Cartier,,Ville-Marie (Montréal),,1987,,-73.5531,45.5076
0040-66-6867-00,Maison Parthenais-Perrault I,non applicable,251,251-259,rue,259,,Saint-Paul,Est,Ville-Marie (Montréal),,1812,1813,-73.5525,45.5079
0040-67-0759-00,Château Ramezay - Musée et site historique de Montréal,non applicable,280,280-290,rue,290,,Notre-Dame,Est,Ville-Marie (Montréal),"Durant le régime français, le roi refusa toujours d'acheter ou de faire construire des résidences officielles pour ses gouverneurs à Montréal. Face à cette intransigeance royale, certains de ces officiers ont fait construire leur propre hôtel qui devenait ainsi le reflet de leur statut et de leurs moyens financiers. Des cinq hôtels particuliers construits par des gouverneurs (à l'époque, on les nommaient &laquo;&nbsp;hôtel&nbsp;&raquo;, mais à partir de la fin du XIXe siècle on a adopté l'appellation &laquo;&nbsp;château&nbsp;&raquo;), un seul subsiste, quoique très transformé : le château Ramezay. 

Construit à la demande de Claude de Ramezay, nommé gouverneur de Montréal en 1704, l'immeuble avait à l'origine une facture plus modeste que l'édifice actuel. Le marché de construction passé entre Ramezay et le maçon Pierre Couturier dit Bourguignon en 1705 précisait que la maison devait avoir 66 pieds français par 36 pieds (21,4 m par 11,7 m). Terminée en 1706, la maison fut occupée par Ramezay jusqu'à son décès en 1724. Se trouvant dans une situation financière précaire, sa veuve tenta sans succès de vendre la maison au roi, mais elle réussit cependant à la lui louer à partir de 1726. Ainsi la maison devenait la résidence de l'intendant à Montréal et servait de bureau d'administration et d'entrepôt pour les effets du Roi.

En 1745, trois ans après la mort de madame de Ramezay, ses enfants vendaient la maison à la Compagnie des Indes, une entreprise fondée en 1717 avec un monopole royal sur l'exportation des pelleteries de castor et sur l'importation de certains textiles réclamés comme marchandises de traite. Lors de son acquisition, la compagnie entreprit des réparations et fit bâtir un grosse voûte parallèle au côté ouest du terrain. Après qu'un incendie ait tout détruit en 1754, la compagnie engageait, la même année, le maçon Paul Tessier dit Lavigne afin de reconstruire la maison, mais cette fois avec des dimensions plus imposantes : 92 pieds français par 48 pieds ( 29,9 m par 15,6 m), soit une emprise de sol presque deux fois plus grande. Bien que certains textes donnent 1756 pour le commencement de ces travaux, le marché est daté du 24 août 1755 et le texte précise que les parties &laquo;&nbsp;ont dès le mois de septembre dernier fait le marché&nbsp;&raquo;. Des incertitudes dans le devis de construction nous empêchent d'évaluer à quel point la maison reconstruite englobait des composantes de la maison originale. Chose certaine, la taille élargie de la maison a probablement nécessité la construction à neuf d'au moins la façade arrière et d'un pignon. Le positionnement asymétrique de l'entrée principale, située à droite du centre de la façade, rappelle ces grands travaux.

La Compagnie des Indes ne conserva pas son immeuble longtemps après sa reconstruction. À la suite de la Conquête et du traité de Paris, qui obligeait la compagnie à liquider ses biens en Nouvelle-France, l'immeuble fut acheté par le négociant William Grant. Ce dernier ne résida que brièvement à Montréal et par conséquent, à partir de 1773, il loua la maison au gouvernement qui s'en servit comme résidence officielle du gouverneur. L'utilisation de la maison comme siège de gouvernement, reconnue même par les Américains qui y établissaient leur quartier général pendant leur occupation de Montréal en 1775-1776, fut officialisée en 1778 lorsque le gouvernement acheta la maison. 

Le rôle de l'immeuble ne changea pratiquement pas jusqu'aux années 1840. L'établissement de Montréal comme capitale du Canada-Uni en 1843 a entraîné la construction d'une aile administrative sur le côté est du terrain, mais à la suite de l'incendie du parlement en 1849, la capitale s'installa ailleurs. Bien que la maison demeurait la propriété du gouvernement, elle n'était plus un centre de pouvoir, mais elle conservait toutefois une fonction institutionnelle et publique. Entre 1849 et 1856, les cours de justice siégèrent dans l'immeuble en attendant la fin des travaux de construction du nouveau palais de justice sur la rue Notre-Dame. À partir de 1857, le département de l'éducation et l'école normale Jacques-Cartier occupèrent les lieux; le premier quittait lors de la Confédération tandis que l'école normale restait jusqu'en 1879, date de son déménagement dans son nouvel édifice de la rue Sherbrooke. Pendant la décennie suivante (1879 à 1889) l'école de médecine de l'université Laval s'y établissait, suivie par la cour des magistrats entre 1889 et 1895. Entre temps, en 1872, le gouvernement fédéral vendait le site au gouvernement provincial. Ce dernier envisagea le lotissement du terrain en 1893, mais finalement l'abandonnait à la ville en 1895, année où il semble que le toit du château ait été endommagé par un incendie.

Depuis ce temps, la Société d'archéologie et de numismatique de Montréal occupe le Château Ramezay, premièrement à titre de locataire, mais depuis 1929 elle en est propriétaire. La société historique a aménagé un musée dans le château. En 1903, on a démoli toutes les dépendances qui l'entouraient et on a construit une courte rallonge et une tour à l'est, peut-être pour y donner davantage l'aspect d'un château. Lors de son acquisition en 1929, la société a réussi à faire reconnaître la valeur historique de l'immeuble qui fut alors inscrit comme monument historique, le premier reconnu dans la province. 

Le Château Ramezay a fait l'objet d'importants travaux de restauration depuis le début du XXe : enlèvement du crépi pour faire ressortir la pierre, réfection du toit pendant les années 1980 et surtout des travaux, de 1995 à 1999, qui visaient à assurer la préservation du bâtiment et de ses collections. Le Jardin du Gouverneur, aménagé en 2000 à l'arrière de l'immeuble selon le concept de Robert Desjardins de la Ville de Montréal, se divise en trois parties : une section d'agrément, un potager et un verger. Faute d'informations historiques précises, cet aménagement ne peut que symboliser le jardin d'antan. En l'an 2001, la cour avant fera l'objet d'un nouvel aménagement.",1755,1757,-73.5531,45.5088
0040-67-7715-00,Hôtel Rasco,non applicable,281,281-295,rue,295,,Saint-Paul,Est,Ville-Marie (Montréal),,1834,1836,-73.5523,45.5083
0040-67-9370-02,NULL,non applicable,407,,rue,407,,Saint-Claude,,Ville-Marie (Montréal),,1910,,-73.5522,45.5089
0040-69-5749-00,NULL,non applicable,401,401-405,rue,405,,Notre-Dame,Est,Ville-Marie (Montréal),,1988,1995,-73.5525,45.5104
0041-50-3919-00,NULL,non applicable,408,408,rue,408,,Saint-Antoine,Est,Ville-Marie (Montréal),,1970,,-73.554,45.5112
0041-50-9688-00,NULL,non applicable,467,467,rue,467,,Saint-Louis,,Ville-Marie (Montréal),,1989,1990,-73.5533,45.5117
0041-51-8002-00,NULL,non applicable,480,480,rue,480,,Saint-Antoine,Est,Ville-Marie (Montréal),,1986,,-73.5536,45.5119
0041-60-7536-00,La Chancellerie du Vieux-Montréal,non applicable,445,445-465,rue,465,,Notre-Dame,Est,Ville-Marie (Montréal),,1981,1983,-73.5526,45.5112
0041-70-8906-00,NULL,non applicable,500,500,rue,500,,Saint-Paul,Est,Ville-Marie (Montréal),,1987,,-73.5509,45.511
0041-80-1942-00,NULL,non applicable,349,349-355,rue,355,,Berri,,Ville-Marie (Montréal),,1994,,-73.5503,45.5114
0040-52-4891-04,Magasin-entrepôt de la congrégation méthodiste St. James,magasin-entrepôt,70,70,rue,70,,Saint-Paul,Ouest,Ville-Marie (Montréal),"En 1861, la congrégation méthodiste St. James fait l'acquisition d'une maison de deux étages et demi datant environ de la fin du XVIIIe siècle. Elle fait démolir cette maison au printemps de 1866 et elle confie aux architectes Cyrus P. et William T. Thomas le soin d'ériger un magasin-entrepôt de quatre étages. Le bâtiment est terminé à la fin de 1866. 

Le magasin-entrepôt est loué vers le début de 1867 à la maison Foulds & Hodgson, des marchands de <i>dry goods</i> (tissus, articles de mercerie et produits divers) qui occupent déjà le bâtiment voisin à l'ouest. Ils quittent les lieux trois ans plus tard. Dans les décennies qui suivent, des commerces similaires occupent les lieux. Quant à la congrégation méthodiste, elle vend l'immeuble en 1892.

Vers le milieu de l'année 1905, le magasin-entrepôt subi des dommages importants lors d'un incendie. Les travaux de réparation s'effectuent l'année suivante sous la supervision de l'architecte Alexander F. Dunlop. Peu après, dans les années 1910, une partie de l'immeuble sert à des activités de production (imprimerie). En 1918, le grossiste de tissus et d'articles de mercerie (<i>dry goods</i>) Alphonse Racine ltée acquiert l'immeuble. L'entreprise fusionne en 1933 avec deux autres compagnies pour former Greenshields, Hodgson, Racine Ltd. Cette firme occupe l'immeuble jusqu'à la fin des années 1960. En 2003-2004, le magasin-entrepôt est recyclé en copropriétés.",1866,,-73.5542,45.5045
0040-79-9919-01,Accueil Bonneau,indéterminé,427,427,rue,427,de la,Commune,Est,Ville-Marie (Montréal),,1998,,-73.5507,45.5102
0040-56-4243-00,NULL,non applicable,NULL,NULL,NULL,NULL,NULL,NULL,NULL,Ville-Marie (Montréal),,1960,,-73.5539,45.5076
0040-79-2089-00,434-448 rue Notre-Dame Est,non applicable,434,434-448,rue,448,,Notre-Dame,Est,Ville-Marie (Montréal),,1999,2000,-73.5519,45.5108
0040-69-9758-00,Condos LeRoyer Saint-Claude,non applicable,301,301,rue,301,,Saint-Paul,Est,Ville-Marie (Montréal),,1999,2000,-73.5527,45.5086
0041-81-4413-01,Cours du Vieux-Montréal,non applicable,781,781-791,rue,791,de la,Commune,Est,Ville-Marie (Montréal),,1998,1999,-73.55,45.5117
0040-44-6811-02,Magasins de l'Hôtel-Dieu VI,magasin-entrepôt,433,433,rue,433,,Saint-Dizier,,Ville-Marie (Montréal),"Les Religieuses hospitalières de Saint-Joseph font construire cet immeuble en 1873-1874 sur le site de leur ancien hôpital, détruit en 1860. Oeuvre de l’architecte Henri-Maurice Perrault, il comprend à l’origine deux magasins-entrepôts mitoyens de cinq étages. Ils font partie des quatorze magasins-entrepôts conçus lors de la troisième et dernière phase de construction des magasins de l'Hôtel-Dieu. 

Les magasins-entrepôts restent vacants durant les premières années, puis des marchands s’y installent à la fin des années 1870. Le 13 janvier 1886, un feu endommage sérieusement un des deux magasins-entrepôts. Il est reconstruit durant l’année qui suit, mais avec deux étages en moins. Des manufacturiers louent ensuite le magasin-entrepôt de cinq étages alors que le magasin-entrepôt de trois étages loge les quincailliers William L. Haldimand & Sons.  Vers la fin des années 1890, ces derniers occupent aussi le magasin-entrepôt de cinq étages. La maison Haldimand & Sons quitte les lieux à la fin des années 1910. 

En 1935, l’entreprise de chaussures d’Alfred Lambert loue le magasin-entrepôt de cinq étages. C’est le début d’une présence de 25 ans d’Alfred Lambert dans le complexe des magasins de l’Hôtel-Dieu. En 1939, la librairie Granger & Frères s’installe dans l’autre magasin-entrepôt. Jusqu’à la fin des années 1950, elle y entrepose une partie de son matériel. 

La vocation de l’immeuble change lorsque Bonaventure Building acquiert le bâtiment en 1962. Il est alors transformé en immeuble de bureaux. En 2000-2002, les magasins-entrepôts ont fait l’objet de travaux de restauration.
",1873,1874,-73.5552,45.5057
0040-44-9469-00,Hôtel Le Saint-Sulpice,non applicable,414,414,rue,414,,Saint-Sulpice,,Ville-Marie (Montréal),,2000,2002,-73.5554,45.5041
0040-54-0393-00,Hôtel Marriott SpringHill Suites Vieux-Montréal,non applicable,445,"445, 447",rue,447,,Saint-Jean-Baptiste,,Ville-Marie (Montréal),,2000,2001,-73.5546,45.5064
9842-08-5691-01,774 boulevard Saint-Joseph Est,indéterminée,774,774,boulevard,776,,Saint-Joseph,Est,Le Plateau-Mont-Royal (Montréal),,NULL,NULL,-73.586012,45.527930
9842-08-6198-01,780 boulevard Saint-Joseph Est,indéterminée,780,780,boulevard,780,,Saint-Joseph,Est,Le Plateau-Mont-Royal (Montréal),,NULL,NULL,-73.585919,45.527993
9843-43-4299-01,Église Saint-Stanislas-de-Kostka,Édifice de culte,1350,1350-1370,boulevard,1370,,Saint-Joseph,Est,Le Plateau-Mont-Royal (Montréal),,NULL,NULL,-73.580840,45.532513
9843-43-4299-02,Presbytère Saint-Stanislas-de-Kostka,Édifice religieux,1340,1340,boulevard,1340,,Saint-Joseph,Est,Le Plateau-Mont-Royal (Montréal),,NULL,NULL,-73.581287,45.532432
9843-78-4787-01,Presbytère Saint-Pierre Claver,Édifice religieux,2000,2000,boulevard,2000,,Saint-Joseph,Est,Le Plateau-Mont-Royal (Montréal),,NULL,NULL,-73.577474,45.536820
9843-78-4787-02,Église Saint-Pierre Claver,Édifice de culte,2000,2000,boulevard,2000,,Saint-Joseph,Est,Le Plateau-Mont-Royal (Montréal),,NULL,NULL,-73.577005,45.536897
9941-03-0267-01,Ensemble 3660-3712 Saint-Laurent,indéterminée,3660,3660-3712,boulevard,3712,,Saint-Laurent,,Le Plateau-Mont-Royal (Montréal),,NULL,NULL,-73.574231,45.514370
9742-90-9269-01,4521 boulevard Saint-Laurent ,indéterminée,4521,4521,boulevard,4521,,Saint-Laurent,,Le Plateau-Mont-Royal (Montréal),,NULL,NULL,-73.586828,45.520491
9742-53-2124-01,Banque de Montréal,indéterminée,5060,5060,boulevard,5060,,Saint-Laurent,,Le Plateau-Mont-Royal (Montréal),,NULL,NULL,-73.592718,45.522835
9941-10-9958-01,Studio Ernest-Cormier,Atelier / entrepôt / usine / garage,3460,3460,rue,3460,,Saint-Urbain,,Le Plateau-Mont-Royal (Montréal),,NULL,NULL,-73.571313,45.511363
9941-01-9186-01,Maison Samuel-Burland,Maison isolée,3567,3567,rue,3567,,Saint-Urbain,,Le Plateau-Mont-Royal (Montréal),,1872,0,-73.572584,45.512538
9642-95-0532-01,Église St. Michael and St. Anthony,Édifice de culte,105,105,rue,105,,Saint-Viateur,Ouest,Le Plateau-Mont-Royal (Montréal),,NULL,NULL,-73.600521,45.524644
9642-95-0532-02,Presbytère St. Michael and St. Anthony,indéterminée,5580,5580,rue,5580,,Saint-Urbain,,Le Plateau-Mont-Royal (Montréal),,NULL,NULL,-73.600835,45.524856
9941-59-6176-01,839 rue Sherbrooke Est,indéterminée,839,839,rue,839,,Sherbrooke,Est,Le Plateau-Mont-Royal (Montréal),,NULL,NULL,-73.566577,45.519692
9941-59-7096-01,853 rue Sherbrooke Est,indéterminée,853,853,rue,853,,Sherbrooke,Est,Le Plateau-Mont-Royal (Montréal),,NULL,NULL,-73.566387,45.519823
9942-50-8123-01,Hôtel de Paris,indéterminée,901,901,rue,901,,Sherbrooke,Est,Le Plateau-Mont-Royal (Montréal),,NULL,NULL,-73.566357,45.520101
9941-21-8418-01,Maison William Collis-Meredith (Notman),Maison isolée,51,51,rue,51,,Sherbrooke,Ouest,Le Plateau-Mont-Royal (Montréal),,1844,0,-73.570066,45.511926
9941-20-7381-01,Maison John Gordon-Mackenzie,Maison contiguë,75,75,rue,75,,Sherbrooke,Ouest,Le Plateau-Mont-Royal (Montréal),,1840,0,-73.570140,45.511585
9941-20-1711-01,Commercial & Technical High School,indéterminée,125,125-139,rue,139,,Sherbrooke,Ouest,Le Plateau-Mont-Royal (Montréal),,1905,0,-73.570597,45.510892
9941-20-1850-01,École des Beaux-Arts,indéterminée,3450,3450,rue,3450,,Saint-Urbain,,Le Plateau-Mont-Royal (Montréal),,1922,0,-73.571005,45.511322
9642-59-6626-01,1 avenue Van Horne ,indéterminée,1,1,avenue,1,,Van Horne,,Le Plateau-Mont-Royal (Montréal),,NULL,NULL,-73.605189,45.528180
9445-34-8597-01,Collège André-Grasset,Atelier / entrepôt / usine / garage,1001,1001,boulevard,1001,,Crémazie,Est,Ahuntsic-Cartierville (Montréal),,0,0,-73.632801,45.550891
8944-06-0408-01,12275 boulevard Acadie ,indéterminée,12275,12275,boulevard,12275,de l',Acadie,,Ahuntsic-Cartierville (Montréal),,NULL,NULL, -73.701946,45.543167
8743-46-9284-01,12445 rue De Serres ,Maison isolée,12445,12445,rue,12445,,De Serres,,Ahuntsic-Cartierville (Montréal),,1921,0,-73.721134,45.534892
8944-37-1115-01,"Poste de police numéro 26, caserne de pompiers numéro 38",Atelier / entrepôt / usine / garage,12131,12137-12139,avenue,12139,du,Bois-de-Boulogne,,Ahuntsic-Cartierville (Montréal),,1913,1915,-73.697949,45.544165
9248-21-6692-01,Maison du Pressoir,Bâtiment agricole,10865,10865,rue,10865,du,Pressoir,,Ahuntsic-Cartierville (Montréal),,1813,0,-73.659559,45.575966
9145-15-3236-01,Maison Georges-Lebel,Maison isolée,1,1,boulevard,1,,Gouin,Est,Ahuntsic-Cartierville (Montréal),,NULL,NULL,-73.674598,45.551609
9145-28-7981-01,Maison Joseph-Dagenais,Maison isolée,337,337,boulevard,337,,Gouin,Est,Ahuntsic-Cartierville (Montréal),,1825,0,-73.672699,45.554693
9146-42-7310-02,Maison Boucher,Maison isolée,649,649,boulevard,665,,Gouin,Est,Ahuntsic-Cartierville (Montréal),,1860,0,-73.670028,45.557386
9146-42-7310-01,Institut Notre-Dame-du-Bon-Conseil de Montréal,Édifice religieux,649,665,boulevard,665,,Gouin,Est,Ahuntsic-Cartierville (Montréal),,NULL,NULL,-73.670626,45.557769
9146-57-5841-01,Vestiges de la maison Sophie-Barat,Atelier / entrepôt / usine / garage,1105,1125,boulevard,1239,,Gouin,Est,Ahuntsic-Cartierville (Montréal),,NULL,NULL,-73.667198,45.560947
9247-15-8128-01,Église de la Visitation du Sault-au-Récollet,Édifice de culte,NULL,NULL,NULL,NULL,NULL,NULL,NULL,Ahuntsic-Cartierville (Montréal),,1749,1752,-73.661394,45.570452
9248-30-7460-01,Maison Pascal-Persillier dit Lachapelle,Maison isolée,2084,2084-2086,boulevard,2084,,Gouin,Est,Ahuntsic-Cartierville (Montréal),,1840,0,-73.658875,45.574361
9045-11-4028-01,Hôpital Notre-Dame-de-la-Merci,indéterminée,555,555,boulevard,555,,Gouin,Ouest,Ahuntsic-Cartierville (Montréal),,NULL,NULL,-73.687572,45.547497
9044-28-5810-02,Maison Pierre-Persillier dit Lachapelle,Maison isolée,790,800,boulevard,800,,Gouin,Ouest,Ahuntsic-Cartierville (Montréal),,1830,0,-73.689825,45.546530
9044-28-5810-01,Établissement de détention de Montréal,Prison,800,800,boulevard,800,,Gouin,Ouest,Ahuntsic-Cartierville (Montréal),,NULL,NULL,-73.68580,45.545200
8944-07-7542-01,1576 boulevard Gouin Ouest,Maison isolée,1576,1576,boulevard,1576,,Gouin,Ouest,Ahuntsic-Cartierville (Montréal),,1862,0,-73.701026,45.544478
8944-07-1772-01,1589 boulevard Gouin Ouest,Maison isolée,1589,1589,boulevard,1589,,Gouin,Ouest,Ahuntsic-Cartierville (Montréal),,NULL,NULL,-73.701493,45.544632
8843-04-5129-02,5600 boulevard Gouin Ouest,indéterminée,5400,5600,boulevard,5600,,Gouin,Ouest,Ahuntsic-Cartierville (Montréal),,NULL,NULL,-73.717393,45.533003
8843-04-5129-01,Hôpital du Sacré-Coeur,Hôpital ou clinique,5400,5400,boulevard,5600,,Gouin,Ouest,Ahuntsic-Cartierville (Montréal),,1924,1925,-73.714238,45.532710
8843-04-5129-03,Fondation de l'Hôpital du Sacré-Coeur de Montréal,Maison isolée,NULL,NULL,NULL,NULL,NULL,NULL,NULL,Ahuntsic-Cartierville (Montréal),,NULL,NULL,-73.715118,45.533646
8843-04-5129-05,Hôpital du Sacré-Coeur (bâtiments secondaires),indéterminée,NULL,NULL,NULL,NULL,NULL,NULL,NULL,Ahuntsic-Cartierville (Montréal),,NULL,NULL,-73.712200,45.532124
8843-04-5129-04,Hôpital du Sacré-Coeur (bâtiment secondaire),Atelier / entrepôt / usine / garage,NULL,NULL,NULL,NULL,NULL,NULL,NULL,Ahuntsic-Cartierville (Montréal),,NULL,NULL,-73.71092,45.531944
8541-76-3865-01,Maison Mary-Dorothy-Molson,Maison isolée,9095,9095,boulevard,9095,,Gouin,Ouest,Ahuntsic-Cartierville (Montréal),,1930,1931,-73.744086,45.518683
9145-25-5949-01,10812  Grande Allée ,indéterminée,10810,10812,,10812,,Grande Allée,,Ahuntsic-Cartierville (Montréal),,NULL,NULL,-73.673007,45.551770
9247-44-5212-02,Collège Mont-Saint-Louis,Atelier / entrepôt / usine / garage,1700,1700,boulevard,1700,,Henri-Bourassa,Est,Ahuntsic-Cartierville (Montréal),,NULL,NULL,NULL,NULL
9247-44-5212-01,Maison Saint-Joseph,École,1700,1700-1750,boulevard,1750,,Henri-Bourassa,Est,Ahuntsic-Cartierville (Montréal),,1852,1853,-73.658277,45.569224
9146-40-7641-01,"Poste de police numéro 27, caserne de pompier numéro 35",indéterminée,10825,10827,rue,10827,,Lajeunesse,,Ahuntsic-Cartierville (Montréal),,1929,0,-73.670441,45.556086
9437-54-8866-01,Église St Mathew's,Édifice de culte,4940,4940,rue,4978,,Aumont,,Côte-des-Neiges—Notre-Dame-de-Grâce (Montréal),,NULL,NULL,-73.629975,45.478932
9439-49-2383-01,3600 avenue Kent ,Maison isolée,3600,3600,avenue,3600,de,Kent,,Côte-des-Neiges—Notre-Dame-de-Grâce (Montréal),,NULL,NULL,-73.632380, 45.501682
9640-40-3228-01,Maison Simon-Lacombe,Maison isolée,5085,5085,avenue,5085,,Decelles,,Côte-des-Neiges—Notre-Dame-de-Grâce (Montréal),,1840,0,-73.617205, 45.496867
9539-24-3228-02,École primaire Notre-Dame-des-Anges,École,5307,5307-5347,chemin,5347,de la,Côte-des-Neiges,,Côte-des-Neiges—Notre-Dame-de-Grâce (Montréal),,NULL,NULL,-73.622215, 45.496648
9537-92-4250-01,5225 chemin Côte-Saint-Antoine ,Maison isolée,5225,5225,chemin,5225,de la,Côte-Saint-Antoine,,Côte-des-Neiges—Notre-Dame-de-Grâce (Montréal),,NULL,NULL,-73.612854, 45.477087
9537-92-1018-01,5257 chemin Côte-Saint-Antoine ,indéterminée,5257,5257,chemin,5257,de la,Côte-Saint-Antoine,,Côte-des-Neiges—Notre-Dame-de-Grâce (Montréal),,NULL,NULL,-73.613286, 45.476853
9537-81-6545-01,Centre communautaire N-D-G,Centre communautaire / sportif,5311,5311,chemin,5311,de la,Côte-Saint-Antoine,,Côte-des-Neiges—Notre-Dame-de-Grâce (Montréal),,1932,0,-73.613834, 45.476139
9537-80-2575-01,Bibliothèque Notre-Dame-de-Grâce,Bibliothèque,5369,5369,chemin,5369,de la,Côte-Saint-Antoine,,Côte-des-Neiges—Notre-Dame-de-Grâce (Montréal),,NULL,NULL,-73.614446, 45.475584
9536-68-5420-02,Presbytère St Augustine's,indéterminée,5565,5565-5567,chemin,5567,de la,Côte-Saint-Antoine,,Côte-des-Neiges—Notre-Dame-de-Grâce (Montréal),,NULL,NULL,-73.616328, 45.473319
9536-68-5420-01,Église St Augustine's,indéterminée,5565,5565-5567,chemin,5567,de la,Côte-Saint-Antoine,,Côte-des-Neiges—Notre-Dame-de-Grâce (Montréal),,NULL,NULL,-73.616666, 45.473166
9335-73-9754-01,7070 rue Terrebonne ,indéterminée,7070,7070,rue,7070,de,Terrebonne,,Côte-des-Neiges—Notre-Dame-de-Grâce (Montréal),,NULL,NULL,-73.640285, 45.460030
9537-67-8252-01,Maison James-Monk (Villa Maria),Maison isolée,4245,4245,boulevard,4245,,Décarie,,Côte-des-Neiges—Notre-Dame-de-Grâce (Montréal),,1803,0,-73.617101, 45.481853
9537-36-9905-01,Monastère des Soeurs Adoratrices du Précieux-Sang,Édifice religieux,4361,4361-4363,boulevard,4363,,Décarie,,Côte-des-Neiges—Notre-Dame-de-Grâce (Montréal),,NULL,NULL,-73.620273, 45.480199
9636-54-3034-01,967-977 avenue Girouard ,Maison isolée,967,967-977,avenue,977,,Girouard,,Côte-des-Neiges—Notre-Dame-de-Grâce (Montréal),,NULL,NULL,-73.605294, 45.469838
9537-62-0341-01,Église Notre-Dame-de-Grâce et St Augustine of Canterbury,Édifice de culte,5323,5323-5333,avenue,5375,,Notre-Dame-de-Grâce,,Côte-des-Neiges—Notre-Dame-de-Grâce (Montréal),,NULL,NULL,-73.6164560, 45.476992
9335-81-2985-01,"Université Concordia, campus Loyola, chapelle Loyola",Édifice de culte,7141,7141,rue,7141,,Sherbrooke,Ouest,Côte-des-Neiges—Notre-Dame-de-Grâce (Montréal),,NULL,NULL,-73.639247, 45.458452
9335-81-2985-02,"Université Concordia, campus Loyola, pav. d'administration",Collège / université,7141,7141,rue,7141,,Sherbrooke,Ouest,Côte-des-Neiges—Notre-Dame-de-Grâce (Montréal),,NULL,NULL,-73.639763, 45.457999
9335-81-2985-03,"Université Concordia, campus Loyola, pavillon Central",Collège / université,7141,7141,rue,7141,,Sherbrooke,Ouest,Côte-des-Neiges—Notre-Dame-de-Grâce (Montréal),,NULL,NULL,-73.640387, 45.458230
9335-81-2985-04,"Université Concordia, campus Loyola, réfectoire",Collège / université,7141,7141,rue,7141,,Sherbrooke,Ouest,Côte-des-Neiges—Notre-Dame-de-Grâce (Montréal),,NULL,NULL,-73.641084, 45.458476
9335-81-2985-05,"Université Concordia, campus Loyola, bibliothèque Vanier",Collège / université,7141,7141,rue,7141,,Sherbrooke,Ouest,Côte-des-Neiges—Notre-Dame-de-Grâce (Montréal),,NULL,NULL,-73.638530, 45.459060
9335-81-2985-06,"Université Concordia, campus Loyola, pavillon de psychologie",Collège / université,7141,7141,rue,7141,,Sherbrooke,Ouest,Côte-des-Neiges—Notre-Dame-de-Grâce (Montréal),,NULL,NULL,-73.640416, 45.459026
9335-81-2985-07,"Université Concordia, campus Loyola, bâtiments secondaires",Collège / université,7141,7141,rue,7141,,Sherbrooke,Ouest,Côte-des-Neiges—Notre-Dame-de-Grâce (Montréal),,NULL,NULL,-73.639855, 45.459619
9335-81-2985-08,"Université Concordia, campus Loyola, bâtiments secondaires",Collège / université,7141,7141,rue,7141,,Sherbrooke,Ouest,Côte-des-Neiges—Notre-Dame-de-Grâce (Montréal),,NULL,NULL,-73.639457, 45.459389
9335-81-2985-09,"Université Concordia, campus Loyola, Campus Center",Collège / université,7141,7141,rue,7141,,Sherbrooke,Ouest,Côte-des-Neiges—Notre-Dame-de-Grâce (Montréal),,NULL,NULL,-73.639222, 45.459106
9335-81-2985-10,"Université Concordia, campus Loyola, Hingston Hall (partie)",Collège / université,7141,7141,rue,7141,,Sherbrooke,Ouest,Côte-des-Neiges—Notre-Dame-de-Grâce (Montréal),,NULL,NULL,-73.641747, 45.459367
9335-81-2985-11,"Université Concordia, campus Loyola, Drummond Science Bldg",Collège / université,7141,7141,rue,7141,,Sherbrooke,Ouest,Côte-des-Neiges—Notre-Dame-de-Grâce (Montréal),,NULL,NULL,-73.640320,45.457438
9335-81-2985-12,"Université Concordia, campus Loyola, Pavillon des sciences",Collège / université,7141,7141,rue,7141,,Sherbrooke,Ouest,Côte-des-Neiges—Notre-Dame-de-Grâce (Montréal),,NULL,NULL,-73.641372, 45.457300
9335-61-3209-01,Annexe de l'église St Ygnatius of Loyola,Édifice de culte,4501,4455,rue,4501,,West Broadway,,Côte-des-Neiges—Notre-Dame-de-Grâce (Montréal),,NULL,NULL,-73.642576, 45.458035
9335-61-3209-02,Église St Ygnatius of Loyola,Édifice de culte,4501,4455,rue,4501,,West Broadway,,Côte-des-Neiges—Notre-Dame-de-Grâce (Montréal),,NULL,NULL,-73.642329, 45.457801
9947-27-1424-01,Maison Longpré,Maison isolée,6450,6450-6452,Avenue,6452,,38e,,Rosemont—La Petite-Patrie (Montréal),,1822,0,-73.571204,45.571389
9644-81-9245-02,Presbytère Saint-Ambroise,Édifice religieux,1215,1215,rue,1215,,Beaubien,Est,Rosemont—La Petite-Patrie (Montréal),,NULL,NULL,-73.600914,45.538959
9644-81-9245-01,Église Saint-Ambroise,Édifice de culte,1215,1215,rue,1215,,Beaubien,Est,Rosemont—La Petite-Patrie (Montréal),,NULL,NULL,-73.600869,45.539257
9744-54-8272-01,École Madeleine-de-Verchères,École,5975,5975-6017,rue,6017,,Cartier,,Rosemont—La Petite-Patrie (Montréal),,NULL,NULL,-73.592099,45.541916
9743-78-9076-01,Écurie de la cour des Carrières,indéterminée,1500,1500,rue,1500,des,Carrières,,Rosemont—La Petite-Patrie (Montréal),,1928,1929,-73.588961,45.537267
9643-06-8169-01,Église Notre-Dame-de-la-Défense,Édifice de culte,6800,6800,avenue,6800,,Henri-Julien,,Rosemont—La Petite-Patrie (Montréal),,NULL,NULL,-73.611462,45.534947
9944-87-9932-01,Partie de l'ancienne Locoshop,indéterminée,2925,2925,rue,2925,,Rachel,Est,Rosemont—La Petite-Patrie (Montréal),,NULL,NULL,-73.563213,45.543783
9944-88-8410-01,3185 rue Rachel Est,indéterminée,3185,3185,rue,3185,,Rachel,Est,Rosemont—La Petite-Patrie (Montréal),,NULL,NULL,-73.561427,45.545578
0045-00-2481-01,3165 rue Rachel Est,Caserne de pompiers,3165,3165,rue,3165,,Rachel,Est,Rosemont—La Petite-Patrie (Montréal),,NULL,NULL,-73.561104,45.544961
9948-96-3930-01,"Hôpital Maisonneuve-Rosemont, Pavillon Rosemont",Hôpital ou clinique,5689,5689,boulevard,5689,,Rosemont,,Rosemont—La Petite-Patrie (Montréal),,NULL,NULL,-73.561948,45.577347
9948-96-3930-02,"Hôpital Maisonneuve-Rosemont, Centre de jour",indéterminée,5655,5655,boulevard,5655,,Rosemont,,Rosemont—La Petite-Patrie (Montréal),,NULL,NULL,-73.562040,45.576199
0048-13-6090-01,Monastère des franciscains,Édifice religieux,5750,5750,boulevard,5750,,Rosemont,,Rosemont—La Petite-Patrie (Montréal),,NULL,NULL,-73.559692,45.577647
9643-55-9985-01,6445 rue Saint-Denis ,indéterminée,6445,6445,rue,6445,,Saint-Denis,,Rosemont—La Petite-Patrie (Montréal),,NULL,NULL,-73.604651,45.534146
9643-56-6830-01,Église Saint-Édouard,Édifice de culte,6511,6511,rue,6511,,Saint-Denis,,Rosemont—La Petite-Patrie (Montréal),,NULL,NULL,-73.605074,45.534509
9643-56-4246-01,CLSC Petite-Patrie,indéterminée,6513,6515,rue,6517,,Saint-Denis,,Rosemont—La Petite-Patrie (Montréal),,NULL,NULL,-73.605680,45.534846
9643-56-6830-02,Ancien presbytère Saint-Édouard,Édifice religieux,6511,6511,rue,6511,,Saint-Denis,,Rosemont—La Petite-Patrie (Montréal),,NULL,NULL,-73.604779,45.534780
9643-08-2680-01,Théâtre Rivoli,Théâtre / auditorium / cinéma,6902,6902-6910,rue,6910,,Saint-Denis,,Rosemont—La Petite-Patrie (Montréal),,NULL,NULL,-73.611922,45.536796
9543-99-8506-01,Cinéma Le Château,Théâtre / auditorium / cinéma,6950,6950-6956,rue,6960,,Saint-Denis,,Rosemont—La Petite-Patrie (Montréal),,1931,0,-73.612470,45.537033
9644-02-2977-01,Bain Saint-Denis,indéterminée,7073,7075,rue,7075,,Saint-Hubert,,Rosemont—La Petite-Patrie (Montréal),,1910,0,-73.611871,45.540378
9946-98-1640-01,Pavillon administratif du Jardin botanique de Montréal,indéterminée,4101,4101-4601,rue,4601,,Sherbrooke,Est,Rosemont—La Petite-Patrie (Montréal),,1932,1933,-73.556464,45.556729
0557-39-8312-01,Maison Joseph-Brodeur,Maison isolée,4,4,Avenue,4,,43e,,Rivière-des-Prairies—Pointe-aux-Trembles (Montréal),,1820,0,-73.492104, 45.663221
0559-40-0847-01,Maison Langlois-Tenant,Maison isolée,20,24,Avenue,24,,58e,,Rivière-des-Prairies—Pointe-aux-Trembles (Montréal),,0,0,-73.491948, 45.673260
0559-45-5122-01,Maison Pierre-Beauchamp,Maison isolée,10,10,Avenue,12,,64e,,Rivière-des-Prairies—Pointe-aux-Trembles (Montréal),,1777,0,-73.491149, 45.677634
9655-30-9501-01,Maison Jean-Baptiste-Pépin,Maison isolée,7555,7555,boulevard,7555,,Gouin,Est,Rivière-des-Prairies—Pointe-aux-Trembles (Montréal),,1810,0,-73.607293, 45.636746
9655-94-3768-01,Maison Pierre-Pépin,Maison isolée,7830,7830-7832,boulevard,7832,,Gouin,Est,Rivière-des-Prairies—Pointe-aux-Trembles (Montréal),,1885,0,-73.600451, 45.641109
9755-26-4172-01,Maison Pierre-Chartrand,Maison isolée,8000,8000,boulevard,8000,,Gouin,Est,Rivière-des-Prairies—Pointe-aux-Trembles (Montréal),,1744,0,-73.598847, 45.642401
9755-38-8573-01,Maison Oakes,Maison isolée,8320,8320,boulevard,8320,,Gouin,Est,Rivière-des-Prairies—Pointe-aux-Trembles (Montréal),,1909,0,-73.594683, 45.644820
0361-45-0685-01,Maison Christin dit Saint-Amour,Maison isolée,12930,12930,boulevard,12930,,Gouin,Est,Rivière-des-Prairies—Pointe-aux-Trembles (Montréal),,1730,1735,-73.517489, 45.696168
0360-19-3037-01,Maison Bleau,Maison isolée,13200,13200,boulevard,13200,,Gouin,Est,Rivière-des-Prairies—Pointe-aux-Trembles (Montréal),,1855,0,-73.511068, 45.697867
0554-37-7248-01,Moulin à vent de Pointe-aux-Trembles,Moulin,11630,11630,rue,11630,,Notre-Dame,Est,Rivière-des-Prairies—Pointe-aux-Trembles (Montréal),,1719,0,-73.492442, 45.634736
0555-44-7628-01,Maison Urgel-Charbonneau,Maison isolée,11927,11931,rue,11931,,Notre-Dame,Est,Rivière-des-Prairies—Pointe-aux-Trembles (Montréal),,1913,0,-73.491376, 45.638776
0555-46-8954-01,Académie Roussin,Collège / université,12085,12085-1212,rue,12125,,Notre-Dame,Est,Rivière-des-Prairies—Pointe-aux-Trembles (Montréal),,1914,1914,-73.490573, 45.640640
0559-31-8447-01,Maison Jean-Baptiste-Langlois,Maison isolée,14490,14490,rue,14490,,Notre-Dame,Est,Rivière-des-Prairies—Pointe-aux-Trembles (Montréal),,1755,0,-73.491756, 45.674131
0559-44-1706-01,Maison Antoine-Beaudry,Maison isolée,14678,14678,rue,14678,,Notre-Dame,Est,Rivière-des-Prairies—Pointe-aux-Trembles (Montréal),,1750,0,-73.491277, 45.676571
9444-19-1962-01,Presbytère Saint-Alphonse-D'Youville,indéterminée,560,560,boulevard,560,,Crémazie,Est,Villeray—Saint-Michel—Parc-Extension (Montréal),,NULL,NULL,-73.636824, 45.546416
9444-19-1962-02,Église Saint-Alphonse-D'Youville,Édifice de culte,560,570-590,boulevard,590,,Crémazie,Est,Villeray—Saint-Michel—Parc-Extension (Montréal),,NULL,NULL,-73.636300, 45.546653
9444-19-1962-03,Salle Saint-Alphonse-D'Youville,indéterminée,560,560,boulevard,560,,Crémazie,Est,Villeray—Saint-Michel—Parc-Extension (Montréal),,NULL,NULL,-73.635661, 45.546471
9543-25-4684-01,65 rue De Castelnau Ouest,Atelier / entrepôt / usine / garage,65,65,rue,95,,De Castelnau,Ouest,Villeray—Saint-Michel—Parc-Extension (Montréal),,NULL,NULL,-73.621535, 45.534726
7543-27-5738-01,"Les Clercs de Saint-Viateur, Institution des Sourds-Muets",Édifice religieux,7400,7400,boulevard,7400,,Saint-Laurent,,Villeray—Saint-Michel—Parc-Extension (Montréal),,NULL,NULL,-73.621595, 45.535430
9444-54-8238-01,Église Saint-Vincent-Ferrier,Édifice de culte,301,301,rue,301,,Jarry,Est,Villeray—Saint-Michel—Parc-Extension (Montréal),,NULL,NULL,-73.630442, 45.541865
9444-89-7045-01,Caserne #37,Caserne de pompiers,791,791-795,rue,795,,Jarry,Est,Villeray—Saint-Michel—Parc-Extension (Montréal),,1912,0,-73.626724, 45.546366
9543-11-5249-01,Gare Jean-Talon,Construction pour le transport terrestre,375,395,rue,395,,Jean-Talon,Ouest,Villeray—Saint-Michel—Parc-Extension (Montréal),,NULL,NULL,-73.623733, 45.530495
9544-37-1073-01,Église Notre-Dame-du-Rosaire,Édifice de culte,7701,7701,rue,7701,,Saint-Hubert,,Villeray—Saint-Michel—Parc-Extension (Montréal),,NULL,NULL,-73.621079, 45.544859
9543-25-4684-02,NULL,Atelier / entrepôt / usine / garage,85,85,rue,85,,De Castelnau,Ouest,Villeray—Saint-Michel—Parc-Extension (Montréal),NULL,NULL,NULL,-73.621906, 45.533988
9948-96-3930-03,Hôpital Maisonneuve-Rosemont,indéterminée,5689,5689,boulevard,5689,,Rosemont,,Rosemont—La Petite-Patrie (Montréal),NULL,NULL,NULL,-73.561025,45.577818
0144-44-1321-01,École primaire Hochelaga,École,3349,3349,rue,3349,,Adam,,Mercier—Hochelaga-Maisonneuve (Montréal),,NULL,NULL,-73.542730,45.541563
0144-55-8997-01,Presbytère Très-Saint-Rédempteur,Édifice religieux,3530,3530,rue,3550,,Adam,,Mercier—Hochelaga-Maisonneuve (Montréal),,NULL,NULL,-73.540976,45.543157
0144-55-8997-02,Église Très-Saint-Rédempteur,Édifice de culte,3530,3532,rue,3550,,Adam,,Mercier—Hochelaga-Maisonneuve (Montréal),,NULL,NULL,-73.540616,45.543295
0144-55-8997-03,Annexe de l'église Très-Saint-Rédempteur,Édifice religieux,3530,3530-3550,rue,3550,,Adam,,Mercier—Hochelaga-Maisonneuve (Montréal),,NULL,NULL,-73.540522,45.543034
0145-83-5773-01,Église du Très-Saint-Nom-de-Jésus,Édifice de culte,4215,4215-4241,rue,4241,,Adam,,Mercier—Hochelaga-Maisonneuve (Montréal),,NULL,NULL,-73.537231,45.550276
0246-11-9630-01,Résidence Sainte-Émilie,Atelier / entrepôt / usine / garage,4837,4837,rue,4837,,Adam,,Mercier—Hochelaga-Maisonneuve (Montréal),,NULL,NULL,-73.532578,45.556966
0246-22-3706-01,Église Saints-Barnabé-et-Clément,Édifice de culte,4901,4901-4903,rue,4903,,Adam,,Mercier—Hochelaga-Maisonneuve (Montréal),,NULL,NULL,-73.532343,45.557748
0146-70-4635-01,2037 avenue Aird ,indéterminée,2037,2037,avenue,2037,,Aird,,Mercier—Hochelaga-Maisonneuve (Montréal),,NULL,NULL,-73.538632,45.556145
0145-94-5716-01,Banque d'Épargne,Banque,1489,1489-1493,avenue,1493,,De La Salle,,Mercier—Hochelaga-Maisonneuve (Montréal),,NULL,NULL,-73.535981,45.550654
0145-84-7503-01,Ancien presbytère du Très-Saint-Nom-de-Jésus,Édifice religieux,1620,1620,avenue,1620,,De La Salle,,Mercier—Hochelaga-Maisonneuve (Montréal),,NULL,NULL,-73.536780,45.550487
0144-13-4556-01,Presbytère de la Nativité-de-la-Sainte-Vierge,Édifice religieux,1855,1855,rue,1855,,Dézéry,,Mercier—Hochelaga-Maisonneuve (Montréal),,NULL,NULL,-73.546168, 45.540821
0144-13-4556-02,Église de la Nativité-de-la-Sainte-Vierge,Édifice de culte,1855,1855,rue,1855,,Dézéry,,Mercier—Hochelaga-Maisonneuve (Montréal),,NULL,NULL,-73.546540,45.541145
0144-13-4556-03,Centre de loisirs olympiques Sainte-Marie,indéterminée,1855,1855,rue,1855,,Dézéry,,Mercier—Hochelaga-Maisonneuve (Montréal),,NULL,NULL,-73.545980,45.541197
0145-16-2726-01,Centre et école Irénée-Lussier,indéterminée,4100,4100-4180,rue,4180,,Hochelaga,,Mercier—Hochelaga-Maisonneuve (Montréal),,NULL,NULL,-73.546618,45.552464
0145-16-2726-02,École primaire Saint-Jean-Baptiste-de-La Salle,École,4100,4100-4180,rue,4180,,Hochelaga,,Mercier—Hochelaga-Maisonneuve (Montréal),,NULL,NULL,-73.547354,45.552821
0249-36-0439-01,"Hôpital Louis-H.-Lafontaine, Pavillon Louis-Riel",Hôpital ou clinique,7401,,rue,7445,,Hochelaga,,Mercier—Hochelaga-Maisonneuve (Montréal),,NULL,NULL,-73.532483,45.591071
0249-36-0439-02,"Hôpital Louis-H.-Lafontaine, Pavillon Dominique-Bédard",Hôpital ou clinique,7401,,rue,7445,,Hochelaga,,Mercier—Hochelaga-Maisonneuve (Montréal),,NULL,NULL,-73.530930,45.590637
0249-36-0439-03,"Hôpital Louis-H.-Lafontaine, Pavillon Solange-Cloutier",Hôpital ou clinique,7401,,rue,7445,,Hochelaga,,Mercier—Hochelaga-Maisonneuve (Montréal),,NULL,NULL,-73.529395,45.589881
0249-36-0439-04,"Hôpital Louis-H.-Lafontaine, Pavillon Gamelin",Hôpital ou clinique,7401,7445,rue,7445,,Hochelaga,,Mercier—Hochelaga-Maisonneuve (Montréal),,NULL,NULL,-73.527863,45.589612
0249-36-0439-05,"Hôpital Louis-H.-Lafontaine, Pavillon Ignace-Bourget",Hôpital ou clinique,7401,7401,rue,7445,,Hochelaga,,Mercier—Hochelaga-Maisonneuve (Montréal),,NULL,NULL,-73.529036,45.588637
0249-36-0439-06,"Hôpital Louis-H.-Lafontaine, Pavillon Guillaume-Lahaise",Hôpital ou clinique,7401,,rue,7445,,Hochelaga,,Mercier—Hochelaga-Maisonneuve (Montréal),,NULL,NULL,-73.530505,45.588102
0249-36-0439-07,Hôpital Louis-H.-Lafontaine (bâtiment secondaire),Atelier / entrepôt / usine / garage,7401,,rue,7445,,Hochelaga,,Mercier—Hochelaga-Maisonneuve (Montréal),,NULL,NULL,-73.531190,45.588804
0249-36-0439-08,"Hôpital Louis-H.-Lafontaine, bâtiments secondaires",indéterminée,7401,,rue,7445,,Hochelaga,,Mercier—Hochelaga-Maisonneuve (Montréal),,NULL,NULL,-73.530772,45.589290
0249-36-0439-11,"Hôpital Louis-H.-Lafontaine, bâtiments secondaires",indéterminée,7401,,rue,7445,,Hochelaga,,Mercier—Hochelaga-Maisonneuve (Montréal),,NULL,NULL,-73.531780,45.589598
0249-36-0439-13,Hôpital Louis-H.-Lafontaine (garderie),indéterminée,7401,,rue,7445,,Hochelaga,,Mercier—Hochelaga-Maisonneuve (Montréal),,NULL,NULL,-73.528167,45.588138
0249-36-0439-14,Hôpital Louis-H.-Lafontaine (garderie),indéterminée,7401,,rue,7445,,Hochelaga,,Mercier—Hochelaga-Maisonneuve (Montréal),,NULL,NULL,-73.527895,45.588068
0249-36-0439-15,"Hôpital Louis-H.-Lafontaine, hangar",indéterminée,7401,,rue,7445,,Hochelaga,,Mercier—Hochelaga-Maisonneuve (Montréal),,NULL,NULL,-73.528052,45.587864
0145-43-3472-01,Édifice American Can Co.,indéterminée,2053,,avenue,2065,,Jeanne-d'Arc,,Mercier—Hochelaga-Maisonneuve (Montréal),,NULL,NULL,-73.542602,45.550202
0149-87-7749-01,Centre d'adaptation et de transition Radisson,Atelier / entrepôt / usine / garage,7250,7250,rue,7250,,Joseph-Daoust,,Mercier—Hochelaga-Maisonneuve (Montréal),,NULL,NULL,-73.535135,45.589166
0246-10-1861-01,École Saint-Clément de Viauville,École,4766,4770,rue,4780,,La Fontaine,,Mercier—Hochelaga-Maisonneuve (Montréal),,1912,1913,-73.534160,45.556637
0147-57-6289-01,Église Notre-Dame-des-Victoires,Édifice de culte,2700,2700,boulevard,2700,,Lacordaire,,Mercier—Hochelaga-Maisonneuve (Montréal),,NULL,NULL,-73.541205,45.572036
0147-57-6289-02,Presbytère Notre-Dame-des-Victoires,Édifice religieux,2700,2700,boulevard,2700,,Lacordaire,,Mercier—Hochelaga-Maisonneuve (Montréal),,NULL,NULL,-73.540876,45.572062
0350-94-7108-01,Maison Pierre-Joseph-Picard,Maison isolée,201,201,avenue,201,,Mercier,,Mercier—Hochelaga-Maisonneuve (Montréal),,1740,0,-73.510231,45.595624
0145-77-7628-01,Bain public et gymnase de Maisonneuve,Centre communautaire / sportif,1875,1875-1877,avenue,1877,,Morgan,,Mercier—Hochelaga-Maisonneuve (Montréal),,1914,1916,-73.538319, 45.553431
0245-33-1040-01,Caserne Létourneux,Caserne de pompiers,4300,4300,rue,4300,,Notre-Dame,Est,Mercier—Hochelaga-Maisonneuve (Montréal),,NULL,NULL,-73.531415,45.549965
0351-91-1970-01,Maison Brouillet dit Bernard,Maison isolée,325,325,boulevard,325,,Pierre-Bernard,,Mercier—Hochelaga-Maisonneuve (Montréal),,NULL,NULL,-73.511194,45.602526
0145-54-8813-01,Hôtel de Ville de Maisonneuve,Hôtel de ville,4120,4120,rue,4120,,Ontario,Est,Mercier—Hochelaga-Maisonneuve (Montréal),,NULL,NULL,-73.540584,45.550612
0145-65-3319-01,Banque de Toronto,Banque,4240,4240,rue,4240,,Ontario,Est,Mercier—Hochelaga-Maisonneuve (Montréal),,1911,0,-73.540113,45.551600
0145-65-6442-01,Banque de Montréal,Banque,4250,4250,rue,4250,,Ontario,Est,Mercier—Hochelaga-Maisonneuve (Montréal),,NULL,NULL,-73.539937,45.551877
0145-67-3765-01,Marché Maisonneuve,Halle d'exposition,4375,4375,rue,4375,,Ontario,Est,Mercier—Hochelaga-Maisonneuve (Montréal),,1912,1914,-73.540485,45.553787
0046-74-4328-01,Stade olympique,Stade,4545,4545,avenue,4549,,Pierre-De Coubertin,,Mercier—Hochelaga-Maisonneuve (Montréal),,NULL,NULL,-73.551934,45.557997
0046-94-0111-01,Vélodrome olympique,Centre communautaire / sportif,4777,4777,avenue,4777,,Pierre-De Coubertin,,Mercier—Hochelaga-Maisonneuve (Montréal),,1971,1976,-73.549800,45.559604
0251-90-9849-01,"Caserne de pompiers numéro 40, Poste de police numéro 28",Caserne de pompiers,8639,8639-8645,avenue,8645,,Pierre-De Coubertin,,Mercier—Hochelaga-Maisonneuve (Montréal),,1914,0,-73.522741,45.601378
0144-50-2216-01,3130 rue Sainte-Catherine Est,indéterminée,3130,3130,rue,3130,,Sainte-Catherine,Est,Mercier—Hochelaga-Maisonneuve (Montréal),,NULL,NULL,-73.541624,45.538088
0245-05-8903-01,Théâtre Denise-Pelletier,Théâtre / auditorium / cinéma,4343,4343-4355,rue,4355,,Sainte-Catherine,Est,Mercier—Hochelaga-Maisonneuve (Montréal),,NULL,NULL,-73.534195,45.551424
0045-57-6671-01,Château Dufresne,Maison semi-détachée,4040,4040,rue,4040,,Sherbrooke,Est,Mercier—Hochelaga-Maisonneuve (Montréal),,1915,1918,-73.553964,45.553867
0148-15-0801-01,Centre hospitalier Grace Dart,Hôpital ou clinique,6085,6085,rue,6085,,Sherbrooke,Est,Mercier—Hochelaga-Maisonneuve (Montréal),,NULL,NULL,-73.546604,45.578432
9837-75-7113-01,Marché Atwater,Halle d'exposition,110,110-154,avenue,154,,Atwater,,Le Sud-Ouest (Montréal),,NULL,NULL,-73.576870,45.479465
0038-63-2112-01,316 rue Bridge ,indéterminée,316,316,rue,316,,Bridge,,Le Sud-Ouest (Montréal),,NULL,NULL,NULL,NULL
9937-06-2886-01,Édifice Stelco,indéterminée,11,11,rue,11,,Charlevoix,,Le Sud-Ouest (Montréal),,NULL,NULL,-73.573377,45.481047
0038-11-9809-01,1100 rue De Condé ,indéterminée,1100,1100,rue,1100,,De Condé,,Le Sud-Ouest (Montréal),,NULL,NULL,NULL,NULL
9736-67-1784-01,604-606 rue De Courcelle ,indéterminée,604,604-606,rue,606,,De Courcelle,,Le Sud-Ouest (Montréal),,NULL,NULL,NULL,NULL
9736-59-3100-01,Édifice Grover's,indéterminée,630,630-644,rue,644,,De Courcelle,,Le Sud-Ouest (Montréal),,NULL,NULL,NULL,NULL
0039-40-4370-01,1065 rue Commune Ouest,Atelier / entrepôt / usine / garage,1065,1065,rue,1065,de la,Commune,Ouest,Le Sud-Ouest (Montréal),,NULL,NULL,-73.555315,45.493511
9837-58-7432-01,United Union Church,indéterminée,3007,3007-3021,rue,3021,,Delisle,,Le Sud-Ouest (Montréal),,NULL,NULL,NULL,NULL
9837-58-7432-02,Presbytère United Union Church,indéterminée,3007,3007-3021,rue,3021,,Delisle,,Le Sud-Ouest (Montréal),,NULL,NULL,NULL,NULL
9837-57-8681-01,Église Saint-Irénée,Édifice de culte,3030,3030-3040,rue,3040,,Delisle,,Le Sud-Ouest (Montréal),,NULL,NULL,-73.579024,45.482046
9837-57-8681-02,Presbytère Saint-Irénée,Édifice religieux,3030,3030-3040,rue,3040,,Delisle,,Le Sud-Ouest (Montréal),,NULL,NULL,-73.579301,45.481872
9737-75-6886-01,4005-4027 place De Richelieu ,indéterminée,4005,4005-4027,place,4027,,De Richelieu,,Le Sud-Ouest (Montréal),,NULL,NULL,NULL,NULL
9938-06-5860-01,Bain Hushion,Centre communautaire / sportif,757,757,rue,757,des,Seigneurs,,Le Sud-Ouest (Montréal),,1914,0,-73.573000, 45.489888
9937-74-2842-01,Caserne de pompiers Saint-Gabriel,Caserne de pompiers,1050,1050,rue,1060,d',Hibernia,,Le Sud-Ouest (Montréal),,1891,1892,-73.563691,45.479131
9937-67-6139-01,Église Saint-Charles,Édifice de culte,2111,2115,rue,2115,du,Centre,,Le Sud-Ouest (Montréal),,NULL,NULL,-73.565359,45.481515
9937-67-6139-02,Presbytère Saint-Charles,Édifice religieux,2111,2111,rue,2115,du,Centre,,Le Sud-Ouest (Montréal),,NULL,NULL,-73.564939,45.481511
9937-67-1206-01,Église Saint-Gabriel,Édifice de culte,2157,2157,rue,2157,du,Centre,,Le Sud-Ouest (Montréal),,NULL,NULL,-73.565930,45.481179
9937-67-1206-02,Presbytère Saint-Gabriel,indéterminée,2157,2157,rue,2157,du,Centre,,Le Sud-Ouest (Montréal),,NULL,NULL,-73.565499,45.481191
9937-45-3307-01,2463- 2473 rue Centre ,indéterminée,2463,2463- 2473,rue,2473,du,Centre,,Le Sud-Ouest (Montréal),,NULL,NULL,-73.568126,45.479399
9937-01-6588-01,Édifice Sherwin-Williams du Canada,indéterminée,2855,2855,rue,2855,du,Centre,,Le Sud-Ouest (Montréal),,NULL,NULL,NULL,NULL
9938-00-4390-01,Édifice de la Steel Company of Canada,Atelier / entrepôt / usine / garage,525,525,rue,525,du,Dominion,,Le Sud-Ouest (Montréal),,1924,1925,-73.573316,45.484674
9736-90-1595-01,5000 avenue Gilmore ,indéterminée,5000,5000,avenue,5000,,Gilmore,,Le Sud-Ouest (Montréal),,NULL,NULL,NULL,NULL
9836-96-2246-01,"Aqueduc de la Ville de Montréal, usine de filtration Atwater",indéterminée,3161,3161,rue,3161,,Joseph,,Le Sud-Ouest (Montréal),,NULL,NULL,-73.572933,45.472167
9735-83-0725-01,Bain Émard,Centre communautaire / sportif,6071,6071,rue,6071,,Laurendeau,,Le Sud-Ouest (Montréal),,1913,1914,-73.588733,45.457837
9837-37-9705-01,"Résidence Solin Hall, Université McGill",indéterminée,3450,3450-3510,rue,3510,,Lionel-Groulx,,Le Sud-Ouest (Montréal),,NULL,NULL,NULL,NULL
9837-37-9705-02,Caserne de pompiers numéro 21,Caserne de pompiers,1200,1200,rue,1200,,Mill,,Le Sud-Ouest (Montréal),,1912,0,-73.551521,45.489584
9937-43-6077-01,2660-2662 rue Mullins ,indéterminée,2660,2660-2662,rue,2662,,Mullins,,Le Sud-Ouest (Montréal),,NULL,NULL,NULL,NULL
9939-93-3206-01, rue Notre-Dame Ouest,indéterminée,984,,rue,1000,,Notre-Dame,Ouest,Le Sud-Ouest (Montréal),,NULL,NULL,-73.561658,45.495981
9938-46-9409-01,1638 rue Notre-Dame Ouest,indéterminée,1636,1638,rue,1638,,Notre-Dame,Ouest,Le Sud-Ouest (Montréal),,NULL,NULL,-73.567509,45.489411
9938-46-8904-01,1640-1642 rue Notre-Dame Ouest,indéterminée,1640,1640-1642,rue,1642,,Notre-Dame,Ouest,Le Sud-Ouest (Montréal),,NULL,NULL,-73.567550,45.489360
9938-45-8699-01,1644-1646 rue Notre-Dame Ouest,indéterminée,1644,1644-1646,rue,1646,,Notre-Dame,Ouest,Le Sud-Ouest (Montréal),,NULL,NULL,-73.567590,45.489309
9938-45-8293-01,1648-1650 rue Notre-Dame Ouest,indéterminée,1648,1648-1650,rue,1650,,Notre-Dame,Ouest,Le Sud-Ouest (Montréal),,NULL,NULL,-73.567634,45.489261
9938-45-7887-01,1652-1654 rue Notre-Dame Ouest,indéterminée,1652,1652-1654,rue,1654,,Notre-Dame,Ouest,Le Sud-Ouest (Montréal),,NULL,NULL,-73.567682,45.489208
9938-34-9823-01,Banque de Montréal,Banque,1850,1850,rue,1850,,Notre-Dame,Ouest,Le Sud-Ouest (Montréal),,NULL,NULL,-73.568674,45.487713
9938-33-9296-01,1870-1872 rue Notre-Dame Ouest,indéterminée,1870,1870-1872,rue,1872,,Notre-Dame,Ouest,Le Sud-Ouest (Montréal),,NULL,NULL,-73.568760,45.487486
9937-09-4491-01,2320-2340 rue Notre-Dame Ouest,indéterminée,2320,2320-2340,rue,2340,,Notre-Dame,Ouest,Le Sud-Ouest (Montréal),,NULL,NULL,-73.573302,45.483872
9837-98-0775-01,Family Theatre (Corona),Théâtre / auditorium / cinéma,2490,2490,rue,2490,,Notre-Dame,Ouest,Le Sud-Ouest (Montréal),,1912,0,-73.575003,45.482791
9736-87-3630-01,Caserne #24,Caserne de pompiers,4700,4700,rue,4700,,Notre-Dame,Ouest,Le Sud-Ouest (Montréal),,1898,0,-73.588707,45.472533
9736-65-4307-01,5001-5011 rue Notre-Dame Ouest,indéterminée,5001,5001-5011,rue,5011,,Notre-Dame,Ouest,Le Sud-Ouest (Montréal),,NULL,NULL,-73.591130,45.470473
0039-22-7650-01,950 rue Ottawa ,indéterminée,950,950,rue,956,,Ottawa,,Le Sud-Ouest (Montréal),,NULL,NULL,-73.557407,45.495356
0039-22-7650-02,956 rue Ottawa ,indéterminée,950,956,rue,956,,Ottawa,,Le Sud-Ouest (Montréal),,NULL,NULL,-73.557931,45.495174
0039-22-7650-03,141 rue Ann ,indéterminée,141,141,rue,141,,Ann,,Le Sud-Ouest (Montréal),,NULL,NULL,-73.557193,45.494947
9836-32-7194-01,2228 rue Pitt ,indéterminée,2228,2228,rue,2228,,Pitt,,Le Sud-Ouest (Montréal),,NULL,NULL,-73.582297, 45.468754
9836-43-5140-01,2232-2236 rue Pitt ,indéterminée,2232,2232-2236,rue,2236,,Pitt,,Le Sud-Ouest (Montréal),,NULL,NULL,-73.580757, 45.469047
9836-34-7205-01,Édifice Crane Co. Limited,indéterminée,2240,2240-2250,rue,2250,,Pitt,,Le Sud-Ouest (Montréal),,NULL,NULL,-73.581769, 45.469551
9837-02-4766-01,Bureau de poste de Saint-Henri,Bureau de poste,538,538-540,place,540,,Saint-Henri,,Le Sud-Ouest (Montréal),,NULL,NULL,-73.585998, 45.477326
0037-31-7149-01,Maison Saint-Gabriel,École,2140,2146,place,2146,de,Dublin,,Le Sud-Ouest (Montréal),,1698,0,-73.556216,45.476556
0037-31-7149-02,Ferme Saint-Gabriel (bâtiments secondaires),indéterminée,2140,2140-2146,place,2146,de,Dublin,,Le Sud-Ouest (Montréal),,NULL,NULL,NULL,NULL
0037-31-7149-03,Résidence Jeanne-LeBer,Édifice religieux,2140,2140-2146,place,2146,de,Dublin,,Le Sud-Ouest (Montréal),,1963,1964,NULL,NULL
0038-00-4559-01,Caserne de pompiers #15,indéterminée,1255,1255,rue,1255,,Richmond,,Le Sud-Ouest (Montréal),,1903,0,-73.560856, 45.484447
9938-36-5801-01,Église Saint-Joseph,Édifice de culte,550,550,rue,550,,Richmond,,Le Sud-Ouest (Montréal),,1861,1862,-73.569205, 45.489316
9837-52-7477-01,4000-4030 rue Saint-Ambroise ,indéterminée,3970,4000-4030,rue,4030,,Saint-Ambroise,,Le Sud-Ouest (Montréal),,NULL,NULL,-73.580254, 45.475341
9836-28-9145-01,Maisons Louis-et-Joseph-Richard,Maison semi-détachée,4351,4351-4363,rue,4363,,Saint-Ambroise,,Le Sud-Ouest (Montréal),,1889,1890,-73.582748, 45.473448
9837-52-2723-01,110 rue Saint-Augustin ,Maison isolée,110,110,rue,110,,Saint-Augustin,,Le Sud-Ouest (Montréal),,NULL,NULL,-73.579923, 45.477016
9937-02-4430-01,2880 rue Saint-Charles ,indéterminée,2880,2880,rue,2880,,Saint-Charles,,Le Sud-Ouest (Montréal),,NULL,NULL,NULL,NULL
9838-71-1381-01,Église Sainte-Cunégonde,Édifice de culte,2461,2461,rue,2461,,Saint-Jacques,,Le Sud-Ouest (Montréal),,NULL,NULL,-73.577455, 45.485511
9838-61-9263-01,Presbytère Sainte-Cunégonde,Édifice religieux,2461,2461-2465,rue,2465,,Saint-Jacques,,Le Sud-Ouest (Montréal),,NULL,NULL,-73.577644, 45.485284
9837-26-4386-01,3601 rue Saint-Jacques ,indéterminée,3601,3601,rue,3601,,Saint-Jacques,,Le Sud-Ouest (Montréal),,NULL,NULL,-73.583400, 45.481004
9837-13-0024-01,Caserne de pompiers numéro 23,Caserne de pompiers,4000,4000-4004,rue,4004,,Saint-Jacques,,Le Sud-Ouest (Montréal),,NULL,NULL,-73.585162, 45.477968
9837-02-3958-01,Banque d'Épargne de la Cité et du District de Montréal,Banque,4080,4080-4082,rue,4082,,Saint-Jacques,,Le Sud-Ouest (Montréal),,NULL,NULL,-73.586200, 45.477285
9737-71-6068-01,4353-4383 rue Saint-Jacques ,indéterminée,4351,4353-4383,rue,4383,,Saint-Jacques,,Le Sud-Ouest (Montréal),,NULL,NULL,NULL,NULL
9737-61-4601-01,4501-4511 rue Saint-Jacques ,indéterminée,4501,4501-4511,rue,4511,,Saint-Jacques,,Le Sud-Ouest (Montréal),,NULL,NULL,NULL,NULL
9836-33-3978-01,3810 rue Saint-Patrick ,indéterminée,3810,3810,rue,3810,,Saint-Patrick,,Le Sud-Ouest (Montréal),,NULL,NULL,-73.582093, 45.469147
9836-33-1148-01,3820 rue Saint-Patrick ,indéterminée,3820,3820,rue,3826,,Saint-Patrick,,Le Sud-Ouest (Montréal),,NULL,NULL,-73.582679, 45.469263
9736-91-2117-01,5010 rue Saint-Patrick ,indéterminée,5010,5010,rue,5010,,Saint-Patrick,,Le Sud-Ouest (Montréal),,NULL,NULL,NULL,NULL
9736-56-2282-01,617-639a rue Saint-Rémi ,indéterminée,617,617-639a,rue,679,,Saint-Rémi,,Le Sud-Ouest (Montréal),,NULL,NULL,NULL,NULL
9938-81-8803-01,Centre industriel Nordelec,indéterminée,1261,1261-1383,rue,1383,,Shearer,,Le Sud-Ouest (Montréal),,NULL,NULL,-73.562523, 45.484271
9937-06-8094-01,Édifice Stelco,indéterminée,90,90,rue,90,,Vinet,,Le Sud-Ouest (Montréal),,NULL,NULL,-73.572762, 45.481098
0037-11-2379-01,Bain Hogan,indéterminée,2188,2188,rue,2188,,Wellington,,Le Sud-Ouest (Montréal),,NULL,NULL,NULL,NULL
9837-89-9764-01,Hôtel de Ville de Sainte-Cunégonde,Hôtel de ville,2450,2450-2454,rue,2454,,Workman,,Le Sud-Ouest (Montréal),,NULL,NULL,-73.575115, 45.483576
9938-61-9648-01,Édifice Belding-Corticelli Limited,Atelier / entrepôt / usine / garage,1788,1788,rue,1788,du,Canal,,Le Sud-Ouest (Montréal),,NULL,NULL,-73.564865,45.485052
9938-61-9648-02,Édifice Belding-Corticelli Limited,Atelier / entrepôt / usine / garage,1790,1790,rue,1790,du,Canal,,Le Sud-Ouest (Montréal),,NULL,NULL,-73.565366,45.485098
9938-82-4038-01,Édifice Les Sucres Redpath Limitée,indéterminée,1750,1750,rue,1750,du,Canal,,Le Sud-Ouest (Montréal),,NULL,NULL,-73.562641,45.485921
9938-82-4038-02,Édifice Les Sucres Redpath Limitée,Atelier / entrepôt / usine / garage,1750,1750,rue,1750,du,Canal,,Le Sud-Ouest (Montréal),,NULL,NULL,-73.563370,45.486053
9938-61-9648-03,Édifice Belding-Corticelli Limited,Atelier / entrepôt / usine / garage,1755,1755,rue,1755,,Saint-Patrick,,Le Sud-Ouest (Montréal),,NULL,NULL,-73.564283, 45.485050
9736-36-0591-01,5524 rue Saint-Patrick ,indéterminée,5524,5524,rue,5530,,Saint-Patrick,,Le Sud-Ouest (Montréal),,NULL,NULL,NULL,NULL
9736-36-0591-02,5530 rue Saint-Patrick ,indéterminée,5524,5530,rue,5530,,Saint-Patrick,,Le Sud-Ouest (Montréal),,NULL,NULL,NULL,NULL
9940-55-2067-01,Édifice Blumenthal,Bâtiment commercial ou de bureaux,305,305-307,rue,307,,Sainte-Catherine,Ouest,Ville-Marie (Montréal),,1910,1911,-73.566902,45.506748
9940-46-3307-01,Église unie St. James,Édifice de culte,463,463,rue,463,,Sainte-Catherine,Ouest,Ville-Marie (Montréal),,1887,1889,-73.568466,45.505323
9940-22-3146-01,Cathédrale Christ Church,Édifice de culte,625,635,rue,635,,Sainte-Catherine,Ouest,Ville-Marie (Montréal),,1857,1860,-73.570091,45.503710
9940-21-2055-01,Restaurant L'Île-de-France,Restaurant,677,677,rue,677,,Sainte-Catherine,Ouest,Ville-Marie (Montréal),,1930,1931,-73.570430,45.503055
9839-73-5092-01,Église St James the Apostle,Édifice de culte,1439,1439,rue,1439,,Sainte-Catherine,Ouest,Ville-Marie (Montréal),,NULL,NULL,-73.576965,45.496518
9839-61-4338-01,Faubourg Saint-Catherine,indéterminée,1608,1608-1616,rue,1616,,Sainte-Catherine,Ouest,Ville-Marie (Montréal),,NULL,NULL,-73.578351,45.494199
9838-27-7383-01,Théâtre Séville,Théâtre / auditorium / cinéma,2153,2153-2159,rue,2159,,Sainte-Catherine,Ouest,Ville-Marie (Montréal),,1928,0,-73.583134,45.490947
9839-61-6120-01,Couvent des Soeurs Grises (dépendances),Atelier / entrepôt / usine / garage,1211,1211-1215,rue,1215,,Saint-Mathieu,,Ville-Marie (Montréal),,1869,1925,-73.577905,45.494111
9940-87-8880-01,Monument National,Théâtre / auditorium / cinéma,1166,1166-1182,boulevard,1182,,Saint-Laurent,,Ville-Marie (Montréal),,1891,1894,-73.562398,45.508938
9941-31-6346-01,Édifice Joseph-Arthur-Godin,Immeuble de rapport,2110,2110,boulevard,2122,,Saint-Laurent,,Ville-Marie (Montréal),,1914,1915,-73.569161,45.512228
9941-50-0831-01,Manufacture Louis-Ovide-Grothé,Atelier / entrepôt / usine / garage,2004,2000-2012,boulevard,2004,,Saint-Laurent,,Ville-Marie (Montréal),,1906,0,-73.567114,45.511186
9839-31-8810-01,<i>The Catholic Centre</i>,indéterminée,2005,2005,rue,2005,,Saint-Marc,,Ville-Marie (Montréal),,NULL,NULL,-73.581753,45.493803
9941-32-9445-01,Monastère du Bon-Pasteur,Édifice religieux,56,56-104,rue,104,,Sherbrooke,Est,Ville-Marie (Montréal),,1846,1903,-73.568555,45.513297
9941-43-4643-01,170 rue Sherbrooke Est,indéterminée,170,170,rue,170,,Sherbrooke,Est,Ville-Marie (Montréal),,NULL,NULL,-73.568127,45.514240
9941-44-7851-01,Mont-Saint-Louis,Collège / université,230,230-260,rue,260,,Sherbrooke,Est,Ville-Marie (Montréal),,1887,1888,-73.567669,45.514934
9941-45-9545-01,Maison Louis-Fréchette,Maison contiguë,306,306,rue,306,,Sherbrooke,Est,Ville-Marie (Montréal),,1879,0,-73.567543,45.515865
9941-57-4708-01,430 rue Sherbrooke Est,indéterminée,430,430,rue,430,,Sherbrooke,Est,Ville-Marie (Montréal),,NULL,NULL,-73.566884,45.517321
9941-57-5124-01,Maison Arthur-Dubuc,Maison contiguë,434,434-438,rue,438,,Sherbrooke,Est,Ville-Marie (Montréal),,1894,0,-73.566820,45.517502
9942-75-2518-01,Bibliothèque Centrale de Montréal,Bibliothèque,1210,1210,rue,1212,,Sherbrooke,Est,Ville-Marie (Montréal),,1914,1917,-73.565042,45.522608
9942-86-4025-01,Hôpital Notre-Dame,Hôpital ou clinique,1560,1560,rue,1560,,Sherbrooke,Est,Ville-Marie (Montréal),,NULL,NULL,-73.563536,45.525905
9943-94-3058-01,2250-2252 rue Sherbrooke Est,indéterminée,2250,2250-2252,rue,2252,,Sherbrooke,Est,Ville-Marie (Montréal),,NULL,NULL,-73.561891,45.532994
9839-78-5244-01,Maison Lord-Atholstan,Maison semi-détachée,1172,1172,rue,1188,,Sherbrooke,Ouest,Ville-Marie (Montréal),,1894,1895,-73.577106,45.500868
9839-69-8310-01,Club Mount Royal,Club privé,1175,1175,rue,1175,,Sherbrooke,Ouest,Ville-Marie (Montréal),,1904,1906,-73.577898,45.501119
9839-68-6687-01,Maison Louis-Joseph-Forget,Maison isolée,1195,1195,rue,1195,,Sherbrooke,Ouest,Ville-Marie (Montréal),,1883,0,-73.578015,45.500837
9839-68-5571-01,Maison James Reid-Wilson,Maison isolée,1201,1201,rue,1201,,Sherbrooke,Ouest,Ville-Marie (Montréal),,1882,0,-73.578148,45.500691
9839-21-8797-01,Temple maçonnique de Montréal,Club privé,1850,1850,rue,1850,,Sherbrooke,Ouest,Ville-Marie (Montréal),,NULL,NULL,-73.582974,45.494695
9839-12-6740-01,Tours du fort des Messieurs de Saint-Sulpice,Édifice religieux,2065,2065,rue,2065,,Sherbrooke,Ouest,Ville-Marie (Montréal),,1684,1686,-73.58458,45.493817
9839-12-6740-02,Ermitage,Centre communautaire / sportif,1931,1931,rue,1931,,Sherbrooke,Ouest,Ville-Marie (Montréal),,1911,1913,-73.585395,45.495803
9839-12-6740-05,Résidence des soeurs de la Sainte-Famille,Édifice religieux,1931,1931,rue,1931,,Sherbrooke,Ouest,Ville-Marie (Montréal),,1909,0,-73.585304,45.495164
9839-12-6740-04,Collège de Montréal,École,1931,1931,rue,1931,,Sherbrooke,Ouest,Ville-Marie (Montréal),,1868,1871,-73.58495,45.494552
9839-12-6740-03,Grand Séminaire de Montréal,Édifice religieux,2065,2065,rue,2065,,Sherbrooke,Ouest,Ville-Marie (Montréal),,1854,1857,-73.585506,45.494099
9839-12-6740-06,Résidence des employés du Collège de Montréal,Maison isolée,3576,3576,chemin,3576,de la,Côte-des-Neiges,,Ville-Marie (Montréal),,1870,0,-73.586576, 45.495926
9839-12-6740-07,Chaufferie du Collège de Montréal,Atelier / entrepôt / usine / garage,1931,1931,rue,1931,,Sherbrooke,Ouest,Ville-Marie (Montréal),,1870,0,-73.586494,45.494838
9839-12-6740-08,Bassin du Grand Séminaire de Montréal,Élément d'aménagement paysager,2065,2065,rue,2065,,Sherbrooke,Ouest,Ville-Marie (Montréal),,1801,0,-73.587542,45.492854
9839-12-6740-09,Aile ouest du Grand Séminaire,Édifice religieux,2065,2065,rue,2065,,Sherbrooke,Ouest,Ville-Marie (Montréal),,1875,1877,-73.586196,45.493519
9839-12-6740-10,Aile du Centenaire du Grand Séminaire,École,2065,2065,rue,2065,,Sherbrooke,Ouest,Ville-Marie (Montréal),,1940,0,-73.586029,45.494035
9839-12-6740-11,Bâtiment secondaire du Grand Séminaire,Bâtiment agricole,2121,2121,rue,2121,,Sherbrooke,Ouest,Ville-Marie (Montréal),,1880,0,-73.585280,45.493233
9739-81-9524-01,Maison-mère des Petites Filles de Saint-Joseph,Édifice religieux,2333,2333,rue,2333,,Sherbrooke,Ouest,Ville-Marie (Montréal),,1910,1911,-73.588226,45.491887
9738-97-3718-01,Maison-mère des soeurs de la Congrégation de Notre-Dame,Édifice religieux,3040,3040,rue,3040,,Sherbrooke,Ouest,Ville-Marie (Montréal),,1904,1908,-73.588071,45.489762
9738-97-3718-02,Bâtiment annexe des soeurs de la Congrégation de Notre-Dame,Atelier / entrepôt / usine / garage,4001,4021,boulevard,4021,,De Maisonneuve,Ouest,Ville-Marie (Montréal),,1910,0,-73.588062, 45.488616
9738-97-3718-03,Kiosques des soeurs de la Congrégation de Notre-Dame,Élément d'aménagement paysager,3040,3040,rue,3040,,Sherbrooke,Ouest,Ville-Marie (Montréal),,1910,0,-73.588532,45.489078
9839-35-2708-01,Maison David-Lewis,Maison isolée,3424,3424,rue,3424,,Simpson,,Ville-Marie (Montréal),,1867,1868,-73.582466,45.497457
0041-30-6557-01,Église Saint-Sauveur,Édifice de culte,329,329-375,avenue,375,,Viger,Est,Ville-Marie (Montréal),,NULL,NULL,-73.556272,45.511445
0039-36-1850-01,Maison Abner-Bagg,Maison contiguë,682,682,rue,682,,William,,Ville-Marie (Montréal),,1819,1821,-73.556869,45.498794
9739-34-1358-01,Appartements Trafalgar,Tour d'habitation,3980,3980-3982,chemin,3982,de la,Côte-des-Neiges,,Ville-Marie (Montréal),,1930,1931,-73.595843, 45.495020
9739-44-2146-01,Appartements Gleneagles,Tour d'habitation,3940,3940-3946,chemin,3946,de la,Côte-des-Neiges,,Ville-Marie (Montréal),,1929,1930,-73.594124,45.494992
9739-34-5563-01,Maison Sparrow,Maison isolée,3970,3970,chemin,3970,de la,Côte-des-Neiges,,Ville-Marie (Montréal),,1910,0,-73.595191, 45.495018
9739-34-8066-01,Maison Thompson,Maison isolée,3956,3956,chemin,3956,de la,Côte-des-Neiges,,Ville-Marie (Montréal),,1907,0,-73.594949, 45.495155
0039-08-8689-00,Immeuble Wilson Chambers,indéterminé,500,500-510,rue,510,,McGill,,Ville-Marie (Montréal),,1868,1869,-73.5599,45.5009
0040-24-7505-01,Ancien siège social de la Banque du Peuple,non applicable,53,53-57,rue,57,,Saint-Jacques,,Ville-Marie (Montréal),"En 1871-1872, la Banque du Peuple fait construire son siège social sur un lot vacant acquis au printemps 1871 de l'avocat et homme d'affaires Henry Judah. L'immeuble de trois étages, oeuvre de l'architecte Henri-Maurice Perrault, s'insère alors parmi les nouveaux bâtiments de ce tronçon de la rue Saint-Jacques élargi à la fin des années 1860. De 1872 au début des années 1890, la Banque du Peuple en est l'unique occupant. 

Vingt ans à peine après la construction initiale, la Banque du Peuple manque d'espace. En 1893-1894, elle fait construire sur le même site un immeuble de bureaux de sept étages. L'édifice occupe trois lots et intègre la façade du bâtiment de 1871-1872, laquelle constitue dorénavant la partie inférieure ouest de l'édifice. Les architectes Perrault, Mesnard et Venne reproduisent d'ailleurs en partie cette façade dans les autres sections du nouvel immeuble afin d'harmoniser la composition architecturale.",1871,1872,-73.5574,45.5054
9941-20-7381-1,Maison Charles John-Brydges,Maison contiguë,81,81,rue,81,,Sherbrooke,Ouest,Ville-Marie (Montréal),,1867,0,-73.570206,45.511492
9940-94-1807-02,Presbytère de la Mission-catholique-chinoise-du-Saint-Esprit,Édifice religieux,205,205-211,rue,211,,De La Gauchetière,Ouest,Ville-Marie (Montréal),,1840,1845,-73.562182, 45.505459
2000-01-0101-00,Hôtel Vaudreuil,indéterminé,189,,rue,251,,Saint-Paul,Est,Ville-Marie (Montréal),,9999,,NULL,NULL
2000-01-0102-00,Fortification,non applicable,175,,rue,275,,Notre-Dame,Est,Ville-Marie (Montréal),,9999,,NULL,NULL
2000-01-0103-00,Marché Sainte-Anne,indéterminé,105,,rue,355,,McGill,,Ville-Marie (Montréal),,9999,,NULL,NULL
0040-20-9351-01,Édifice Corn Exchange,non applicable,261,261,rue,261,du,Saint-Sacrement,,Ville-Marie (Montréal),NULL,1865,1866,-73.5574,45.5024
0040-40-1592-01,"415, rue Saint Éloi",indéterminé,415,415,rue,415,,Saint-Éloi,,Ville-Marie (Montréal),NULL,1833,1834,-73.5557,45.5027
0040-65-6775-01,Immeuble Norbert-Dumas,indéterminé,133,133,rue,133,de la,Commune,Est,Ville-Marie (Montréal),NULL,1846,,-73.5523,45.507
0040-65-5442-01,Maison-magasin Étienne-et-Alexandre-Roy,maison-magasin,114,114,rue,114,,Saint-Paul,Est,Ville-Marie (Montréal),NULL,1817,,-73.5528,45.5068
0040-65-5442-02,Immeuble François-Xavier Brazeau,non applicable,115,115,rue,115,de la,Commune,Est,Ville-Marie (Montréal),NULL,1846,,-73.5525,45.5067
0039-38-7893-01,Maison-magasin Paschal-Persillier-Lachapelle I,maison-magasin,358,358-364,rue,364,,Saint-Paul,Ouest,Ville-Marie (Montréal),NULL,1841,,-73.5563,45.501
0039-38-7893-02,Maison-magasin Paschal-Persillier-Lachapelle II,maison-magasin,357,357-359,place,359,,D'Youville,,Ville-Marie (Montréal),NULL,1842,,-73.556,45.5009
0040-68-5646-01,Le 334 Notre-Dame,non applicable,334,334-338,rue,338,,Notre-Dame,Est,Ville-Marie (Montréal),NULL,2003,2005,-73.5527,45.5096
9999-22-0019-01,Maison sur Sébastopol,,430,422-444,rue,430,de,Sébastopol,,Le Sud-Ouest (Montréal),NULL,1857,0,-73.555386, 45.481763
9999-19-0009-01,Dépendance de la maison Le Ber-Le Moyne,,1,1,chemin,1,du,Musée,,Lachine (Montréal),NULL,1669,0,-73.666658, 45.429609
0040-11-2008-00,Hôtel Westin,gratte-ciel,260,,rue,340,,Saint-Antoine,Ouest,Ville-Marie (Montréal),NULL,2006,2009,-73.559916,45.503221
9999-19-0007-01,Marché de Lachine,,NULL,NULL,NULL,NULL,NULL,NULL,NULL,Lachine (Montréal),NULL,1929,1929,NULL,NULL
9999-19-0006-01,Station de pompage Lachine,,4810,4810,boulevard,4810,,Saint-Joseph,,Lachine (Montréal),NULL,1950,1951,-73.709474, 45.436595
9999-19-0004-01,Entrepôt de la brasserie Dawes &#38; Co.,,2875,2875,boulevard,2875,,Saint-Joseph,,Lachine (Montréal),NULL,1861,0,-73.689477, 45.433387
9999-19-0005-01,Pavillon Benoît-Verdickt,,1,1,chemin,1,du,Musée,,Lachine (Montréal),NULL,1950,0,-73.666337, 45.430085
9999-02-0019-01,Maison du jardinier,,9436,9436,boulevard,9436,,Gouin,Ouest,Pierrefonds-Roxboro (Montréal),NULL,1920,0,-73.764591, 45.506566
9999-41-0017-01,Maison des employés du domaine du Bois-de-la-Roche,,297,297,chemin,297,,Senneville,,Senneville,NULL,1933,0,-73.949629, 45.445905
9999-41-0015-01,Maison Eustache-Rouleau,Maison isolée,292,294,chemin,294,,Senneville,,Senneville,NULL,1836,0,-73.953300, 45.444877
9999-41-0016-01,École du domaine du Bois-de-la-Roche,,295,295,chemin,295,,Senneville,,Senneville,NULL,NULL,NULL,-73.954459, 45.444170
9999-41-0014-01,Maison du fermier du domaine du Bois-de-la-Roche,,292,292,chemin,292,,Senneville,,Senneville,NULL,1900,0,-73.955813, 45.444122
9999-09-0009-01,Maison du chauffeur,,9185,9185,boulevard,9185,,Gouin,Ouest,Ahuntsic-Cartierville (Montréal),NULL,1931,0,-73.746936, 45.515054
9999-02-0018-01,Maison Jacques-Richer dit Louveteau,Maison isolée,163,163,chemin,163,du,Cap-Saint-Jacques,,Pierrefonds-Roxboro (Montréal),NULL,1835,0,-73.921696, 45.468609
9999-41-0013-01,Atelier du domaine du Bois-de-la-Roche,,295,295,chemin,295,,Senneville,,Senneville,NULL,1902,0,-73.953783, 45.444140
9999-41-0011-01,Grange-étable du domaine du Bois-de-la-Roche,,292,292,chemin,292,,Senneville,,Senneville,NULL,0,0,-73.955596, 45.444661
9999-41-0012-01,Caveau à légumes du domaine du Bois-de-la-Roche,,295,295,chemin,295,,Senneville,,Senneville,NULL,1902,0,-73.954755, 45.444115
9999-02-0017-01,Maison du gardien,,9434,9434,boulevard,9434,,Gouin,Ouest,Pierrefonds-Roxboro (Montréal),NULL,1920,0,-73.764389, 45.506420
9999-41-0010-01,Écurie du domaine du Bois-de-la-Roche,,292,292,chemin,292,,Senneville,,Senneville,NULL,0,0,-73.955949, 45.444475
9999-02-0015-01,Maison Pitfield,,9432,9432,boulevard,9432,,Gouin,Ouest,Pierrefonds-Roxboro (Montréal),NULL,NULL,NULL,-73.763563, 45.506411
9999-02-0016-01,Château Gohier,,231,231,chemin,231,du,Cap-Saint-Jacques,,Pierrefonds-Roxboro (Montréal),NULL,1916,0,-73.944613, 45.463570
9999-02-0014-01,Maison Antoine-Legault dit Deslauriers,Maison isolée,191,191,chemin,191,du,Cap-Saint-Jacques,,Pierrefonds-Roxboro (Montréal),NULL,1860,0,-73.935313, 45.470223
9999-02-0013-01,Maison Thomas-Brunet,Maison isolée,187,187,chemin,187,du,Cap-Saint-Jacques,,Pierrefonds-Roxboro (Montréal),NULL,1834,0,-73.937120, 45.471341
9999-08-0001-01,Maison Stanislas-Jarry,,710,710,rue,710,,Saint-Germain,,Saint-Laurent (Montréal),NULL,1914,0,-73.676098, 45.511456
9999-02-0012-01,Garage du jardinier et du gardien,,9434,9434-9436,boulevard,9436,,Gouin,Ouest,Pierrefonds-Roxboro (Montréal),NULL,1920,0,-73.764568, 45.506412
9999-13-0001-01,Maison Joseph Gagnon,,5345,5345,rue,5345,,Jarry,,Saint-Léonard (Montréal),NULL,NULL,NULL,-73.591808, 45.583942
9999-09-0008-01,Moulin à farine du Sault-au-Récollet,,10897,10897,rue,10897,du,Pont,,Ahuntsic-Cartierville (Montréal),NULL,1727,0,-73.661095, 45.574866
9999-02-0011-01,Maison Edgar-C.-Budge,,13850,13850,boulevard,13850,,Gouin,Ouest,Pierrefonds-Roxboro (Montréal),NULL,1930,0,-73.849341, 45.496762
9999-21-0006-01,Natatorium de Verdun,,6500,6500,boulevard,6500,,LaSalle,,Verdun (Montréal),NULL,1939,1940,-73.576079, 45.443673
9999-19-0003-01,Villa Edgewood,,2901,2901,boulevard,2901,,Saint-Joseph,,Lachine (Montréal),NULL,1862,1863,-73.689907, 45.433373
9999-21-0005-01,Hôtel de ville de Verdun,,4555,4555,rue,4555,de,Verdun,,Verdun (Montréal),NULL,1958,1958,-73.573303, 45.459075
9999-10-0002-01,Maison Brignon dit Lapierre,Maison isolée,4251,4251,boulevard,4251,,Gouin,Est,Montréal-Nord (Montréal),NULL,1770,0,-73.643507, 45.599539
9999-19-0002-01,Brasserie Dawes and Co.,,2801,2801,boulevard,2801,,Saint-Joseph,,Lachine (Montréal),NULL,1861,0,-73.688682, 45.433374
9999-10-0001-01,Hôtel de ville de Montréal-Nord,,4243,4243,rue,4243,de,Charleroi,,Montréal-Nord (Montréal),NULL,1916,1917,-73.637785, 45.594150
9999-16-0002-01,Maison Stanley et Abner Bagg,,543,543,chemin,543,de la,Côte-Sainte-Catherine,,Outremont (Montréal),NULL,1817,0,-73.611109, 45.514469
9999-16-0001-01,Chalet du parc Saint-Viateur,,525,525,avenue,525,,Bloomfield,,Outremont (Montréal),NULL,NULL,NULL,-73.606883, 45.520429
9999-19-0001-01,Hôtel de ville de Lachine,,1800,1800,boulevard,1800,,Saint-Joseph,,Lachine (Montréal),NULL,1914,1916,-73.680989, 45.433324
9999-20-0002-01,Usine Burroughs Wellcome and Company,,55,55,avenue,55,,Dupras,,LaSalle (Montréal),NULL,1930,1932,-73.660991, 45.428351
9999-25-0015-01,Stratearn School,,3680,3680,rue,3680,,Jeanne-Mance,,Le Plateau-Mont-Royal (Montréal),NULL,1912,1913,-73.576233, 45.511502
9999-22-0018-01,Guérite de l'usine de filtration Atwater (aqueduc),,3161,3161,rue,3161,,Joseph,,Le Sud-Ouest (Montréal),NULL,NULL,NULL,-73.572221, 45.470542
9999-14-0006-01,Résidence des clercs de Saint-Viateur,,660,660,rue,660,,Villeray,,Villeray—Saint-Michel—Parc-Extension (Montréal),NULL,1931,0,-73.621466, 45.543258
9999-24-0033-01,Pavillon des Etats-Unis,,0,0,chemin,0,du,Tour-de-l'Isle,,Ville-Marie (Montréal),NULL,1967,0,-73.531360, 45.514098
9999-25-0014-01,Église anglicane de l'Ascension,,5434,5434,avenue,5434,du,Parc,,Le Plateau-Mont-Royal (Montréal),NULL,1904,1905,-73.601739, 45.521619
9999-22-0017-01,Usine de filtration Atwater,,3161,3161,rue,3161,,Joseph,,Le Sud-Ouest (Montréal),NULL,1912,1918,-73.575110, 45.470607
9999-20-0001-01,Chambre de vannes LaSalle,,8970,8970,boulevard,8970,,LaSalle,,LaSalle (Montréal),NULL,1947,1951,-73.631123, 45.415541
9999-22-0016-01,Chambre de vannes no 6 du complexe Atwater,,3161,3161,rue,3161,,Joseph,,Le Sud-Ouest (Montréal),NULL,1918,0,-73.576994, 45.470991
9999-22-0015-01,Chambre de vannes no 5 du complexe Atwater,,3161,3161,rue,3161,,Joseph,,Le Sud-Ouest (Montréal),NULL,1918,0,-73.574446, 45.471389
9999-22-0012-01,Tours d'entrée du complexe Atwater,,3161,3161,rue,3161,,Joseph,,Le Sud-Ouest (Montréal),NULL,1923,1924,-73.571833, 45.472051
9999-22-0013-01,Prise d’urgence du complexe Atwater,,3161,3161,rue,3161,,Joseph,,Le Sud-Ouest (Montréal),NULL,1918,0,-73.573947, 45.473333
9999-22-0014-01,Chambre de vannes no 4 du complexe Atwater,,3161,3161,rue,3161,,Joseph,,Le Sud-Ouest (Montréal),NULL,1918,0,-73.574943, 45.471399
9999-22-0011-01,Entrepôts #3 et #6 du complexe Atwater,,3161,3161,rue,3161,,Joseph,,Le Sud-Ouest (Montréal),NULL,1918,0,-73.572523, 45.472825
9999-24-0031-01,La petite poudrière du dépôt fortifié de l'île Sainte-Hélène,,20,20,chemin,20,du,Tour-de-l'Isle,,Ville-Marie (Montréal),NULL,1820,1823,-73.537108, 45.518917
9999-24-0032-01,Atelier de la cour Côte-des-Neiges,,4180,4180,chemin,4180,de la,Côte-des-Neiges,,Ville-Marie (Montréal),NULL,1940,0,-73.602237, 45.494478
9999-24-0028-01,Entrepôt de la grande poudrière,,40,40,chemin,40,du,Tour-de-l'Isle,,Ville-Marie (Montréal),NULL,1820,1824,-73.534175, 45.518285
9999-24-0029-01,Le lavoir du dépôt fortifié de l'île Sainte-Hélène,,20,20,chemin,20,du,Tour-de-l'Isle,,Ville-Marie (Montréal),NULL,1825,0,-73.536721, 45.519088
9999-24-0030-01,La caserne du dépôt fortifié de l'île Sainte-Hélène,,20,20,chemin,20,du,Tour-de-l'Isle,,Ville-Marie (Montréal),NULL,1820,1823,-73.537000, 45.518526
9999-24-0026-01,L'arsenal du dépôt fortifié de l'île Sainte-Hélène,,20,20,chemin,20,du,Tour-de-l'Isle,,Ville-Marie (Montréal),NULL,1821,1823,-73.536016, 45.519683
9999-24-0027-01,La grande poudrière de l'île Sainte-Hélène,,40,40,chemin,40,du,Tour-de-l'Isle,,Ville-Marie (Montréal),NULL,1820,1824,-73.533885, 45.518467
9999-24-0024-01,Station de pompage de l'île Sainte-Hélène,,180,180,chemin,180,du,Tour-de-l'Isle,,Ville-Marie (Montréal),NULL,1932,0,-73.530587, 45.514820
9999-24-0025-01,Tour de Lévis,,220,220,chemin,220,du,Tour-de-l'Isle,,Ville-Marie (Montréal),NULL,1937,0,-73.533534, 45.517049
9999-24-0023-01,Tonnellerie de la grande poudrière,,40,40,chemin,40,du,Tour-de-l'Isle,,Ville-Marie (Montréal),NULL,1820,1823,-73.534244, 45.518504
9999-17-0005-01,Écurie Notre-Dame-de-Grâce,,2160,2160,avenue,2160,,Madison,,Côte-des-Neiges—Notre-Dame-de-Grâce (Montréal),NULL,1931,1932,-73.621586, 45.463660
9999-27-0011-01,Vespasienne du parc Dupéré (entrepôt),,4010,4010,rue,4010,,Saint-Donat,,Mercier—Hochelaga-Maisonneuve (Montréal),NULL,1931,0,-73.533848, 45.601207
9999-25-0013-01,Bain Schubert,,3950,3950,boulevard,3950,,Saint-Laurent,,Le Plateau-Mont-Royal (Montréal),NULL,1930,0,-73.578828, 45.516457
9999-27-0010-01,Garage de la cour Honoré-Beaugrand,,7944,7944,rue,7944,,Hochelaga,,Mercier—Hochelaga-Maisonneuve (Montréal),NULL,1932,0,-73.524049, 45.593424
9999-24-0022-01,Chalet du parc du Mont-Royal,,1196,1196,voie,1196,,Camillien-Houde,,Ville-Marie (Montréal),NULL,1931,0,-73.587532, 45.503901
9999-27-0009-01,Incinérateur de la cour Dickson,,2200,2200,rue,2200,,Dickson,,Mercier—Hochelaga-Maisonneuve (Montréal),NULL,1954,1955,-73.533164, 45.567046
9999-22-0010-01,Centre de distribution du complexe Atwater,,3161,3161,rue,3161,,Joseph,,Le Sud-Ouest (Montréal),NULL,1922,0,-73.572871, 45.473105
9999-27-0008-01,Caserne #39,,2915,2915,rue,2915,,Monsabré,,Mercier—Hochelaga-Maisonneuve (Montréal),NULL,1914,0,-73.543331, 45.572555
0040-33-9940-01,Projet Orléans,non applicable,457,457-459,rue,459,,Saint-Sulpice,,Ville-Marie (Montréal),NULL,2004,2005,-73.5559,45.5049
0041-83-5247-00,Maisons Art-de-Ville,non applicable,350,350-364,rue,364,,Saint-Hubert,,Ville-Marie (Montréal),NULL,2000,2001,-73.5505,45.5121
0041-83-5020-00,Maisons Art-de-Ville,non applicable,334,334-348,rue,348,,Saint-Hubert,,Ville-Marie (Montréal),NULL,2000,2001,-73.5506,45.5118
0041-82-2991-00,Maisons Art-de-Ville,non applicable,361,361-375,rue,375,,Berri,,Ville-Marie (Montréal),NULL,2000,2001,-73.5509,45.5116
0041-51-3023-00,Le 777,non applicable,777,777,rue,777,,Gosford,,Ville-Marie (Montréal),NULL,2003,2004,-73.5546,45.51
0039-58-6097-00,32-50 rue McGill ,indéterminé,32,32-50,rue,50,,McGill,,Ville-Marie (Montréal),NULL,2003,2005,-73.5543,45.4988
0040-31-0644-00,425 rue Sainte-Hélène ,non applicable,425,425,rue,425,,Sainte-Hélène,,Ville-Marie (Montréal),NULL,2004,2006,-73.5575,45.5012
0039-27-5992-01,Magasin-entrepôt Dominion Block III,magasin-entrepôt,408,408,rue,408,,McGill,,Ville-Marie (Montréal),NULL,1866,1867,-73.5577,45.5001
0039-49-8945-04,Entrepôt Bouthillier II,indéterminé,296,296,place,296,,D'Youville,,Ville-Marie (Montréal),NULL,1827,1828,-73.5548,45.5014
9637-03-7348-01,Maison Descaris,Maison isolée,5138,5138,chemin,5138,de la,Côte-Saint-Antoine,,Côte-des-Neiges—Notre-Dame-de-Grâce (Montréal),,NULL,NULL,-73.611266, 45.478027
9999-22-0009-01,Station de pompage Atwater,,3161,3161,rue,3161,,Joseph,,Le Sud-Ouest (Montréal),NULL,1923,1924,-73.572951, 45.472197
9732-73-2663-01,Maison Alepin,Maison isolée,33,33-35,avenue,35,,Alepin,,LaSalle (Montréal),,1900,1901,-73.589979, 45.433152
9231-35-2998-01,Ancien hôtel de ville de LaSalle,Maison isolée,13,13,avenue,13,,Strathyre,,LaSalle (Montréal),,1908,0,-73.659143, 45.426043
9732-84-9315-01,Maison Penniston,Maison isolée,7525,7525,boulevard,7525,,LaSalle,,LaSalle (Montréal),,1890,1891,-73.587619, 45.433810
9231-61-9897-01,Annexe de la maison De Lorimier-Bélanger,Maison contiguë,9601,9601,boulevard,9601,,LaSalle,,LaSalle (Montréal),,1930,0,-73.654384,45.422445
9231-61-7997-01,Maison De Lorimier-Bélanger,Maison isolée,9603,9603,boulevard,9603,,LaSalle,,LaSalle (Montréal),,1760,0,-73.654533, 45.422491
9231-25-2681-01,Moulin à vent Fleming,Moulin,9675,9675,boulevard,9675,,LaSalle,,LaSalle (Montréal),,1827,0,-73.660127, 45.426061
7173-72-5975-01,Croix de chemin de la montée Wilson,Croix de chemin,1158,1158,montée,1158,,Wilson,,L'Île-Bizard—Sainte-Geneviève (Montréal),,1918,0,-73.921938, 45.476758
7537-56-8110-01,Couvent des Soeurs de Sainte-Anne,École,16115,16115,boulevard,16115,,Gouin,Ouest,L'Île-Bizard—Sainte-Geneviève (Montréal),,1905,1906,-73.873097, 45.479675
7536-28-0624-01,Maison Montpellier dit Beaulieu,Maison isolée,174,174,rue,174,,Beaulieu,,L'Île-Bizard—Sainte-Geneviève (Montréal),,1850,0,-73.877743, 45.472550
7240-50-6968-01,Croix de chemin du Bord-du-Lac,Croix de chemin,1859,1859,chemin,1859,du,Bord-du-Lac,,L'Île-Bizard—Sainte-Geneviève (Montréal),,1923,0,-73.911810, 45.501456
7240-62-5300-01,Maison Toussaint-Théorêt,Maison isolée,1883,1883,chemin,1883,du,Bord-du-Lac,,L'Île-Bizard—Sainte-Geneviève (Montréal),,1835,0,-73.910789, 45.502896
7538-85-5991-01,Maison Joseph-Théorêt,Maison isolée,20,20,rue,20,,Martel,,L'Île-Bizard—Sainte-Geneviève (Montréal),,1830,0,-73.869613, 45.488426
7538-04-4615-01,École du village,École,350,350,montée,350,de l',Église,,L'Île-Bizard—Sainte-Geneviève (Montréal),,1923,1924,-73.880223, 45.487028
7538-45-1883-01,Maison Denis-Benjamin-Viger,Maison isolée,376,376,rue,376,,Cherrier,,L'Île-Bizard—Sainte-Geneviève (Montréal),,1845,0,-73.875644, 45.488539
7538-04-8378-01,Église Saint-Raphaël-Archange,Édifice de culte,495,495,rue,495,,Cherrier,,L'Île-Bizard—Sainte-Geneviève (Montréal),,1873,1874,-73.879525, 45.487184
7538-04-8378-02,Presbytère Saint-Raphaël-Archange,Édifice religieux,495,495,rue,495,,Cherrier,,L'Île-Bizard—Sainte-Geneviève (Montréal),,1843,0,-73.879181, 45.487269
7236-19-7337-01,Maison dite du Centenaire,Maison isolée,977,977,rue,977,,Cherrier,,L'Île-Bizard—Sainte-Geneviève (Montréal),,1790,0,-73.912872, 45.474381
7537-87-5917-01,Maison D'Ailleboust-De Manthet,Maison isolée,15886,15886,boulevard,15886,,Gouin,Ouest,L'Île-Bizard—Sainte-Geneviève (Montréal),,1845,0,-73.869765, 45.480770
9452-26-3738-01,Maison Andegrave,Maison isolée,5460,5460,boulevard,5460,,Gouin,Est,Montréal-Nord (Montréal),,1741,1742,-73.635023, 45.615582
9642-30-1106-01,Théâtre Outremont,Théâtre / auditorium / cinéma,1240,1248,avenue,1248,,Bernard,,Outremont (Montréal),,1928,1929,-73.608461, 45.519998
9141-34-4579-01,Église de Saint-Laurent,Édifice de culte,805,805,avenue,805,,Sainte-Croix,,Saint-Laurent (Montréal),,1835,1837,-73.674683, 45.514048
9749-73-3151-01,Maison Dagenais,Maison isolée,5555,5555,rue,5555,,Jarry,Est,Saint-Léonard (Montréal),,1780,0,-73.590125, 45.586015
9850-21-1314-01,Maison Gervais-Roy,Maison isolée,6255,6255,rue,6255,,Jarry,Est,Saint-Léonard (Montréal),,1770,0,-73.584071, 45.592872
9999-22-0008-01,Tour de lavage de l’usine de filtration Atwater,,3161,3161,rue,3161,,Joseph,,Le Sud-Ouest (Montréal),NULL,1912,1918,-73.575716, 45.470126
9999-14-0005-01,Kiosque de musique du parc Jarry,,7686,7686,boulevard,7686,,Saint-Laurent,,Villeray—Saint-Michel—Parc-Extension (Montréal),NULL,1956,0,-73.625108, 45.536379
9999-24-0021-01,Vespasienne du parc Bellerive,,2382,2382,rue,2382,,Notre-Dame,Est,Ville-Marie (Montréal),NULL,1932,0,-73.544622, 45.526967
9999-25-0012-01,Caserne #19,,1945,1945,rue,1945,,Fullum,,Ville-Marie (Montréal),NULL,1903,1904,-73.554289, 45.530306
9999-26-0015-01,"Arcades du jardin des plantes vivaces, Jardin botanique",,4101,4101-4601,rue,4601,,Sherbrooke,Est,Rosemont—La Petite-Patrie (Montréal),NULL,1937,1939,-73.558687, 45.556655
9999-22-0007-01,Marché Atwater,,110,110-154,avenue,154,,Atwater,,Le Sud-Ouest (Montréal),NULL,1932,1933,-73.576870,45.479465
9999-22-0006-01,Hôtel de ville de Sainte-Cunégonde,,2450,2450-2454,rue,2454,,Workman,,Le Sud-Ouest (Montréal),NULL,1905,1905,-73.575115, 45.483576
9999-22-0005-01,Caserne #3,,1139,1139,rue,1139,,Ottawa,,Le Sud-Ouest (Montréal),NULL,1913,1914,-73.560127, 45.493457
9999-24-0020-01,Station de pompage Riverside,,227,227,rue,227,,Riverside,,Ville-Marie (Montréal),NULL,1887,0,-73.550080, 45.490585
9999-26-0014-01,"Bassins du Jardin aquatique, Jardin botanique",,4101,4101-4106,rue,4106,,Sherbrooke,Est,Rosemont—La Petite-Patrie (Montréal),NULL,1938,0,-73.558162, 45.560152
9999-22-0004-01,Chalet du parc Campbell-Ouest,,1990,1990,rue,1990,de,Maricourt,,Le Sud-Ouest (Montréal),NULL,NULL,NULL,-73.591633, 45.458110
9999-22-0003-01,Hôtel de ville de Côte-Saint-Paul,,1604,1604-1606,avenue,1606,de l',Église,,Le Sud-Ouest (Montréal),NULL,1910,1910,-73.585001, 45.463322
9999-25-0011-01,Bain Turcot,,5300,5300,rue,5300,,Saint-Dominique,,Le Plateau-Mont-Royal (Montréal),NULL,1909,1910,-73.595604, 45.525104
9999-25-0010-01,Vespasienne du parc Jeanne-Mance,,325,325,avenue,325,,Duluth,Ouest,Le Plateau-Mont-Royal (Montréal),NULL,1931,0,-73.582672, 45.514045
9999-25-0009-01,Caserne #14,,4247,4247,rue,4247,,Saint-Dominique,,Le Plateau-Mont-Royal (Montréal),NULL,1912,0,-73.581968, 45.519056
9999-25-0008-01,Caserne #16,,1037,1037-1041,rue,1041,,Rachel,Est,Le Plateau-Mont-Royal (Montréal),NULL,1891,0,-73.574842, 45.525804
9999-14-0004-01,Caserne de pompiers no 41,,7405,7405,avenue,7405,,Champagneur,,Villeray—Saint-Michel—Parc-Extension (Montréal),NULL,1924,1926,-73.626316, 45.527682
9999-26-0011-01,Marché du Nord,,7061,7075,avenue,7075,,Casgrain,,Rosemont—La Petite-Patrie (Montréal),NULL,1932,0,-73.615083, 45.535947
9999-26-0012-01,Caserne #31,,7047,7047,rue,7047,,Saint-Dominique,,Rosemont—La Petite-Patrie (Montréal),NULL,1931,0,-73.615737, 45.534712
9999-26-0013-01,Clinique de l’inspection des viandes,,7070,7070,avenue,7070,,Casgrain,,Rosemont—La Petite-Patrie (Montréal),NULL,1935,0,-73.615652, 45.534985
9999-26-0010-01,Chalet du marché du Nord,,7061,7075,avenue,7075,,Casgrain,,Rosemont—La Petite-Patrie (Montréal),NULL,1932,0,-73.615523, 45.535472
9999-25-0007-01,Ancienne caserne de pompiers no 11,,1212,1216,rue,1216,,Ontario,Est,Ville-Marie (Montréal),NULL,1874,1876,-73.561944, 45.521282
9999-24-0019-01,Marché Saint-Jacques,,1125,1125,rue,1125,,Ontario,Est,Ville-Marie (Montréal),NULL,1931,0,-73.563326, 45.520695
9999-22-0002-01,Caserne #23,,523,523,place,523,,Saint-Henri,,Le Sud-Ouest (Montréal),NULL,1930,0,-73.585169, 45.477968
9999-22-0001-01,Chambre de vannes De Courcelle,,4681,4681,rue,4681,,Saint-Ambroise,,Le Sud-Ouest (Montréal),NULL,1934,0,-73.585388, 45.471376
9999-24-0017-01,Caserne #25,,1212,1212,rue,1212,,Drummond,,Ville-Marie (Montréal),NULL,1913,0,-73.572993, 45.497862
9999-24-0018-01,Vespasienne du square Dominion,,1191,1191,rue,1191,,Peel,,Ville-Marie (Montréal),NULL,1931,0,-73.571428, 45.499840
9999-24-0016-01,Caserne centrale des pompiers,,NULL,NULL,NULL,NULL,NULL,NULL,NULL,Ville-Marie (Montréal),NULL,1903,0,NULL,NULL
9999-24-0015-01,Station de pompage McTavish,,815,815-855,avenue,855,du,Docteur-Penfield,,Ville-Marie (Montréal),NULL,1928,1932,-73.578787, 45.505553
9999-14-0003-01,Hall de l'Armée du Salut,,7060,7060,avenue,7060,,Bloomfield,,Villeray—Saint-Michel—Parc-Extension (Montréal),NULL,1922,0,-73.623362, 45.526975
9999-26-0009-01,Édifice administratif de la cour de Fleurimont,,700,700,boulevard,700,,Rosemont,,Rosemont—La Petite-Patrie (Montréal),NULL,1931,1932,-73.597057, 45.532185
9999-24-0014-01,Vespasienne du Square Cabot,,2330,2330,rue,2330,,Sainte-Catherine,Ouest,Ville-Marie (Montréal),NULL,1931,0,-73.583913, 45.489247
9999-25-0006-01,Centre Laurier,,1115,1115,avenue,1115,,Laurier,Est,Le Plateau-Mont-Royal (Montréal),NULL,1930,0,-73.587151, 45.531836
9999-24-0013-01,Station de pompage des Cèdres - bas (aqueduc),,1492,1492,avenue,1492,,Cedar,,Ville-Marie (Montréal),NULL,1931,0,-73.586458, 45.499455
9999-24-0011-01,"Pavillon du Lac-aux-Castors, parc du Mont-Royal",,2000,2000,chemin,2000,,Remembrance,,Ville-Marie (Montréal),NULL,1958,0,-73.599188, 45.498430
9999-24-0012-01,Caserne #10,,1684,1684,boulevard,1684,,De Maisonneuve,,Ville-Marie (Montréal),NULL,1931,0,-73.580185, 45.494552
9999-24-0010-01,Maison Hosea-Ballou-Smith,,1260,1260,chemin,1260,,Remembrance,,Ville-Marie (Montréal),NULL,1858,0,-73.593162, 45.501562
9999-24-0009-01,Croix du mont Royal,,1100,1100,voie,1100,,Camillien-Houde,,Ville-Marie (Montréal),NULL,1924,1924,-73.587792, 45.508833
9999-24-0008-01,Kiosque de musique du parc du Mont-Royal,,4060,4060,avenue,4060,du,Parc,,Ville-Marie (Montréal),NULL,1928,0,-73.583405, 45.513112
9999-24-0007-01,Central d’alarme du Service d’incendie,,4040,4040,avenue,4050,du,Parc,,Ville-Marie (Montréal),NULL,1930,1931,-73.583806, 45.512472
9999-24-0006-01,"Écurie et remise, parc du Mont-Royal",,4040,4040,avenue,4040,du,Parc,,Ville-Marie (Montréal),NULL,1930,0,-73.584013, 45.511818
9999-26-0008-01,Kiosque de musique du parc Molson,,6550,6550,rue,6550,,Molson,,Rosemont—La Petite-Patrie (Montréal),NULL,1932,0,-73.592063, 45.549704
9999-26-0007-01,Caserne #50,,6490,6490,Avenue,6490,,30e,,Rosemont—La Petite-Patrie (Montréal),NULL,1956,0,-73.575478, 45.566900
9999-26-0006-01,Centre civique Rosemont,,5995,6101,Avenue,6101,,8e,,Rosemont—La Petite-Patrie (Montréal),NULL,1949,1951,-73.582321, 45.551874
9999-27-0007-01,Chalet du parc Lalancette,,2315,2315,rue,2315,,Nicolet,,Mercier—Hochelaga-Maisonneuve (Montréal),NULL,1931,0,-73.548491, 45.548096
9999-26-0005-01,Hôpital des varioleux,Hôpital ou clinique,3100,3100,rue,3100,,Rachel,Est,Rosemont—La Petite-Patrie (Montréal),NULL,1886,0,-73.560699,45.543119
9999-27-0006-01,Caserne #48,,3622,3622,rue,3622,,Hochelaga,,Mercier—Hochelaga-Maisonneuve (Montréal),NULL,1931,0,-73.550830, 45.547266
9999-25-0005-01,Vespasienne du Square Saint-Louis,,3601,3601,avenue,3601,,Laval,,Le Plateau-Mont-Royal (Montréal),NULL,1932,0,-73.570441, 45.516456
9999-17-0004-01,Caserne #46,,4760,4760,avenue,4760,,Cumberland,,Côte-des-Neiges—Notre-Dame-de-Grâce (Montréal),NULL,1930,0,-73.638545,45.467019
9999-17-0003-01,Caserne #34,,3755,3755,rue,3755,,Botrel,,Côte-des-Neiges—Notre-Dame-de-Grâce (Montréal),NULL,1912,0,-73.614458, 45.475595
9999-17-0002-01,Caserne #4,,5260,5260,avenue,5260,,Van Horne,,Côte-des-Neiges—Notre-Dame-de-Grâce (Montréal),NULL,1950,0,-73.641580, 45.489921
9999-14-0002-01,Hôtel de ville de Saint-Michel,,7501,7501,rue,7501,,François-Perrault,,Villeray—Saint-Michel—Parc-Extension (Montréal),NULL,1957,1958,-73.601252, 45.561711
9999-24-0005-01,Le corps de garde du dépôt fortifié de l'île Sainte-Hélène,,20,20,chemin,20,du,Tour-de-l'Isle,,Ville-Marie (Montréal),NULL,1936,1939,-73.536344, 45.520473
9999-24-0004-01,Station de pompage Côte-des-Neiges,,4160,4160,chemin,4160,de la,Côte-des-Neiges,,Ville-Marie (Montréal),NULL,1938,0,-73.601531, 45.495197
9999-17-0001-01,Caserne #27,,5353,5353,avenue,5353,,Gatineau,,Côte-des-Neiges—Notre-Dame-de-Grâce (Montréal),NULL,NULL,NULL,-73.621971, 45.497461
9999-26-0004-01,Caserne #47,,2111,2111,rue,2111,,Saint-Zotique,Est,Rosemont—La Petite-Patrie (Montréal),NULL,1931,0,-73.598072, 45.547472
9999-27-0005-01,Chalet du parc Morgan,,4370,4370,rue,4370,,Sainte-Catherine,Est,Mercier—Hochelaga-Maisonneuve (Montréal),NULL,1931,0,-73.532955, 45.551387
9999-27-0003-01,Caserne #45,,4200,4200,rue,4200,,Ontario,Est,Mercier—Hochelaga-Maisonneuve (Montréal),NULL,1906,1907,-73.540255, 45.551159
9999-27-0004-01,Bibliothèque Maisonneuve,,4120,4120,rue,4120,,Ontario,,Mercier—Hochelaga-Maisonneuve (Montréal),NULL,1911,0,-73.540584, 45.550612
9999-27-0002-01,Chalet du parc Oliva-Pelletier,,4493,4493,rue,4493,,Ontario,Est,Mercier—Hochelaga-Maisonneuve (Montréal),NULL,1943,0,-73.540309, 45.555175
9999-26-0002-01,Serres et services du Jardin botanique de Montréal,,4101,4101-4601,rue,4601,,Sherbrooke,Est,Rosemont—La Petite-Patrie (Montréal),NULL,1932,0,-73.556865, 45.557205
9999-26-0003-01,"Chaufferie et atelier, Jardin botanique",,4101,4101,rue,4601,,Sherbrooke,Est,Rosemont—La Petite-Patrie (Montréal),NULL,1939,0,-73.557634, 45.558124
9999-25-0004-01,Chalet du parc Baldwin,,4355,4355,rue,4355,,Fullum,,Le Plateau-Mont-Royal (Montréal),NULL,1964,0,-73.567721, 45.537157
9999-25-0003-01,Chalet du parc Lafontaine,,3933,3933,avenue,3933,du,Parc-La Fontaine,,Le Plateau-Mont-Royal (Montréal),NULL,NULL,NULL,-73.569437, 45.525173
9999-25-0002-01,Centre Calixa-Lavallée,,3819,3819,avenue,3819,,Calixa-Lavallée,,Le Plateau-Mont-Royal (Montréal),NULL,NULL,NULL,-73.569388, 45.527063
9999-27-0001-01,"Abri ouvert, parc Hochelaga",,3338,3338,rue,3338,,La Fontaine,,Mercier—Hochelaga-Maisonneuve (Montréal),NULL,NULL,NULL,-73.544094, 45.542014
9999-09-0007-01,Clinique Ahuntsic,,10905,10905,rue,10905,,Berri,,Ahuntsic-Cartierville (Montréal),NULL,1875,0,-73.672999, 45.555949
9999-09-0006-01,Caserne #43,,1945,1945,rue,1945,,Fleury,Est,Ahuntsic-Cartierville (Montréal),NULL,0,0,-73.653045, 45.569470
0040-40-0838-01,Magasin Harrison-Stephens,non applicable,409,409-411,rue,411,,Saint-Nicolas,,Ville-Marie (Montréal),NULL,1836,,-73.5558,45.5023
0040-41-7520-01,NULL,indéterminé,NULL,NULL,NULL,NULL,NULL,NULL,NULL,Ville-Marie (Montréal),NULL,NULL,NULL,NULL,NULL
0040-41-7520-02,"170, rue de la Capitale",indéterminé,170,,rue,172,de la,Capitale,,Ville-Marie (Montréal),NULL,1840,,-73.5549,45.5029
9999-29-0001-01,Maison Beaurepaire,Maison isolée,13,13,rue,13,,Thompson,,Beaconsfield,,1770,1771,-73.879141, 45.41483
9999-43-0001-01,Maison Rangé,Maison isolée,20122,20122,road,20122,,Lakeshore,,Baie-D'Urfé,,1770,0,-73.902615,45.411715
9999-29-0002-01,Maison Mary-Garbutt-Angell,Maison isolée,530,530,road,530,,Lakeshore,,Beaconsfield,,1860,0,-73.886461, 45.415002
9999-34-0001-01,Maison Lanthier,Maison isolée,11,11,chemin,11,,Lantier,,Kirkland,,1785,0,-73.897733, 45.441273
9999-40-0001-01,Maison Simon-Fraser,Maison isolée,153,153,rue,153,,Sainte-Anne,,Sainte-Anne-de-Bellevue,,1800,0,-73.954120, 45.404583
9999-41-0009-01,Site du fort de Senneville et ses abords,Édifice militaire,168,,chemin,168,,Senneville,,Senneville,,1702,1703,,
9999-39-0001-01,Moulin à vent de Pointe-Claire,Moulin,1,1,avenue,1,,Saint-Joachim,,Pointe-Claire,,1709,1710,-73.825608, 45.425090
9999-39-0002-01,Maison Hyacinthe-Jamme dit Carrière,Maison isolée,152,152,avenue,152,de,Concord Crescent,,Pointe-Claire,,1780,0,-73.819469, 45.457112
9999-42-0001-01,Maison Braemar,Maison isolée,3219,3219,boulevard,3219,,The,,Westmount,,1847,0,-73.600214, 45.491130
9999-42-0002-01,Maison Hurtubise,Maison isolée,561,561-563,chemin,563,de la,Côte-Saint-Antoine,,Westmount,,1739,0,-73.608449, 45.480813
9999-17-0006-01,Le Snowdon,,5225,5225-5233,boulevard,5233,,Décarie,,Côte-des-Neiges—Notre-Dame-de-Grâce (Montréal),NULL,1936,1937,-73.631141, 45.485004
9132-70-4216-01,Maison Le Ber-Le Moyne,Atelier / entrepôt / usine / garage,1,1,chemin,1,du,Musée,,Lachine (Montréal),,1670,1670,-73.666673, 45.429445
0041-51-2013-00,Copropriété Le Cannet,indéterminé,450,450,rue,450,,Saint-Antoine,Est,Ville-Marie (Montréal),NULL,2011,2013,-73.553757,45.511595
9999-21-0004-01,Maison Nivard-De Saint-Dizier,Maison isolée,7244,7244,boulevard,7244,,LaSalle,,Verdun (Montréal),,1710,0,-73.582918, 45.437399
9999-02-0010-01,Maison Charlebois,Maison isolée,134,134,chemin,134,du,Cap-Saint-Jacques,,Pierrefonds-Roxboro (Montréal),,1799,0,-73.920663, 45.463965
9999-09-0003-02,Croix de chemin,Croix de chemin,NULL,NULL,NULL,NULL,NULL,NULL,NULL,Ahuntsic-Cartierville (Montréal),,NULL,NULL,NULL,NULL
9999-09-0003-03,Croix de chemin de pierre et ses éléments accessoires,Croix de chemin,1589,,boulevard,1589,,Gouin,Ouest,Ahuntsic-Cartierville (Montréal),,1873,1874,-73.701216,45.544604
9999-34-0002-02,Maison Jean-Baptiste-Jamme dit Carrière,Maison isolée,3766,3766,boulevard,3766,,Saint-Charles,,Kirkland,,1760,0,-73.865486, 45.458925
9999-09-0005-01,Caserne #49,,10,10-20,rue,20,,Chabanel,Ouest,Ahuntsic-Cartierville (Montréal),NULL,1954,0,-73.650960, 45.544060
9999-09-0004-01,Station de pompage Lavigne,,4799,4799,boulevard,4799,,Gouin,Ouest,Ahuntsic-Cartierville (Montréal),NULL,1934,0,-73.713039, 45.537118
9999-26-0001-01,Usine Coca-Cola Company of Canada,,200,200-300,rue,300,de,Bellechasse,,Rosemont—La Petite-Patrie (Montréal),NULL,1929,1930,-73.603159, 45.530525
9999-14-0001-01,St. Cuthbert’s Anglican Church,,821,821,avenue,821,,Ogilvy,,Villeray—Saint-Michel—Parc-Extension (Montréal),NULL,1925,0,-73.627017, 45.526606
9999-24-0003-01,Pavillon des Baigneurs,,130,130,chemin,130,du,Tour-de-l'Isle,,Ville-Marie (Montréal),NULL,1938,1953,-73.534498, 45.512852
9999-24-0002-01,Chalet de l'île Sainte-Hélène,,200,200,chemin,200,du,Tour-de-l'Isle,,Ville-Marie (Montréal),NULL,1938,1953,-73.531554, 45.515485
9999-24-0001-01,Caserne #7,,1217,1217,rue,1217,,Notre-Dame,Est,Ville-Marie (Montréal),NULL,NULL,NULL,-73.549847, 45.515860
9999-25-0001-01,"Entrepôt Émile-Duployé, parc Lafontaine",,3425,3425,avenue,3425,,Émile-Duployé,,Le Plateau-Mont-Royal (Montréal),NULL,NULL,NULL,-73.565358, 45.527844
0041-54-2008-00,Projet Solano,indéterminé,370,370,rue,370,,Saint-André,,Ville-Marie (Montréal),NULL,2010,2013,-73.550388,45.513038
9132-70-4216-02,Pavillon Benoît-Verdickt,Laboratoire / centre de recherche,100,100,chemin,100,de,LaSalle,,Lachine (Montréal),,1950,1950,NULL,NULL
0040-12-6666-00,NULL,gratte-ciel,NULL,NULL,NULL,NULL,NULL,NULL,NULL,Ville-Marie (Montréal),NULL,NULL,NULL,NULL,NULL
0040-12-7777-00,NULL,gratte-ciel,NULL,NULL,NULL,NULL,NULL,NULL,NULL,Ville-Marie (Montréal),NULL,2004,2007,NULL,NULL
0040-12-2007-00,Embassy Suites Montréal,gratte-ciel,208,208,rue,208,,Saint-Antoine,Ouest,Ville-Marie (Montréal),NULL,2004,2007,-73.559201,45.50433
9836-84-8924-01,Chambre de vannes no 7 du complexe Atwater,,3161,3161,rue,3161,,Joseph,,Le Sud-Ouest (Montréal),,1918,0,-73.577506, 45.470037
9999-99-9999,test,,NULL,NULL,NULL,NULL,NULL,NULL,NULL,Ahuntsic-Cartierville (Montréal),,NULL,NULL,NULL,NULL
9999-22-0020-01,Chambre de vannes du complexe Atwater 786,Atelier / entrepôt / usine / garage,NULL,NULL,NULL,NULL,NULL,NULL,NULL,Le Sud-Ouest (Montréal),,NULL,NULL,NULL,NULL
,Maison Joseph-David,Maison isolée,1737,1737,boulevard,1737,,Gouin,Est,Ahuntsic-Cartierville (Montréal),,NULL,NULL,NULL,NULL
9999-22-0021-01,Indicateur de niveau du complexe Atwater,,3161,3161,rue,3161,,Joseph,,Le Sud-Ouest (Montréal),,1918,0,-73.574012, 45.472918
7232-35-7997-01,Maison Michel-Robillard,Maison isolée,20305,20345,chemin,20345,,Sainte-Marie,,Sainte-Anne-de-Bellevue,,NULL,NULL,-73.912532, 45.433270
9999-10-0003-01,Maison Cazal,Maison isolée,4765,4765,boulevard,4765,,Gouin,Est,Montréal-Nord (Montréal),,1755,0,-73.639594, 45.604345
7335-56-0283-01,Maison Augustin-Brisebois,Maison isolée,18639,18639,boulevard,18639,,Gouin,Ouest,Pierrefonds-Roxboro (Montréal),,1800,0,-73.899893, 45.462091
9999-39-0003-01,Maison Legault,Maison isolée,105,105,chemin,105,du,Bord-du-Lac-Lakeshore,,Pointe-Claire,,1760,0,-73.803217, 45.442552
9247-28-5920-01,Maison François-Dagenais père,Maison isolée,1947,1947,boulevard,1947,,Gouin,Est,Ahuntsic-Cartierville (Montréal),,NULL,NULL,NULL,NULL
9248-43-9354-01,Maison Antoine-Brousseau,Maison isolée,2273,2273,boulevard,2273,,Gouin,Est,Ahuntsic-Cartierville (Montréal),,1835,0,-73.657250,45.576866
9248-89-6545-01,Maison Louis-Dagenais,Maison isolée,2900,2900,boulevard,2900,,Gouin,Est,Ahuntsic-Cartierville (Montréal),,1800,0,-73.652674,45.582293
7831-57-8279-01,Maison Paul-Lefebvre,Maison isolée,19,19,road,19,,Lakeshore,,Beaconsfield,,1819,0,-73.834554, 45.427437
7531-60-9556-01,Maison Pascal-Pilon,Maison isolée,383,383,road,383,,Lakeshore,,Beaconsfield,,1830,0,-73.871330, 45.420851
9637-03-1895-02,Maison Joseph-Décary,Maison isolée,3761,3761,avenue,3761,de,Vendôme,,Côte-des-Neiges—Notre-Dame-de-Grâce (Montréal),,NULL,NULL,-73.611829, 45.478504
8532-79-2861-01,Maison André-Legault dit Deslauriers,Maison isolée,940,940,chemin,940,du,Bord-du-Lac-Lakeshore,,Dorval,,1833,0,-73.743304, 45.438514
8333-52-2768-01,Maison Legault,Maison isolée,2095,2095,chemin,2095,du,Bord-du-Lac-Lakeshore,,Dorval,,1800,0,-73.771473, 45.440913
8432-78-4175-01,Maison Jacques-Morin,Maison isolée,66,66,rue,66,,Allan-Point,,Dorval,,NULL,NULL,-73.755969, 45.437612
8333-42-5125-01,Aqua Vista,Maison isolée,2120,2120,chemin,2120,du,Bord-du-Lac-Lakeshore,,Dorval,,1865,0,-73.772416, 45.440512
8832-27-1968-01,Maison Quesnel,Maison isolée,5010,5010,boulevard,5010,,Saint-Joseph,,Lachine (Montréal),,1750,1750,-73.711623, 45.436518
8733-70-9221-01,Maison Jean-Gabriel-Picard,Maison isolée,5430,5430,boulevard,5430,,Saint-Joseph,,Lachine (Montréal),,1750,0,-73.717004, 45.438812
7239-07-8060-01,Maison François-Lalonde,Maison isolée,1799,1799,chemin,1799,du,Bord-du-Lac,,L'Île-Bizard—Sainte-Geneviève (Montréal),,1830,0,-73.918145, 45.498790
7438-01-6724-01,Maison John-Wilson,Maison isolée,707,707,rue,707,,Cherrier,,L'Île-Bizard—Sainte-Geneviève (Montréal),,1860,0,-73.887966, 45.480747
7437-44-4863-01,Maison Hyacinthe-Paquin,Maison isolée,733,733,rue,733,,Cherrier,,L'Île-Bizard—Sainte-Geneviève (Montréal),,1839,0,-73.890381, 45.479896
7437-05-7841-01,Maison Joseph-Martin,Maison isolée,763,763,rue,763,,Cherrier,,L'Île-Bizard—Sainte-Geneviève (Montréal),,1821,0,-73.892671, 45.478898
7638-42-6095-01,Maison Damour,Maison isolée,15156,15156,boulevard,15156,,Gouin,Ouest,L'Île-Bizard—Sainte-Geneviève (Montréal),,1837,0,-73.862524, 45.486214
7034-67-3893-01,Maison Pilon,Maison isolée,21285,21285,boulevard,21285,,Gouin,Ouest,Pierrefonds-Roxboro (Montréal),,1808,0,-73.936237, 45.454291
7638-55-9355-01,Maison Louis-Théorêt,Maison isolée,14945,14945,boulevard,14945,,Gouin,Ouest,L'Île-Bizard—Sainte-Geneviève (Montréal),,1804,0,-73.860509, 45.488213
9999-40-0002-01,Maison Antoine-Heniau dit Deschamps,Maison isolée,21094,21094,rue,21094,,Lakeshore,,Sainte-Anne-de-Bellevue,,1865,0,-73.938851, 45.403890
9999-10-0004-01,Maison Jean-Baptiste-Guilbault,Maison isolée,4065,4065,boulevard,4065,,Gouin,Est,Montréal-Nord (Montréal),,1816,0,-73.644991, 45.597102
9999-10-0005-01,Maison Louis-Pigeon,Maison isolée,4375,4375,boulevard,4375,,Gouin,Est,Montréal-Nord (Montréal),,1790,0,-73.642456, 45.600706
9999-38-0001-01,Maison François-Jarry,Maison isolée,3201,3201,boulevard,3201,,Graham,,Mont-Royal,,NULL,NULL,-73.660650, 45.509003
6933-59-4527-01,Maison Joseph-Lalonde,Maison isolée,296,296,chemin,296,,Senneville,,Senneville,,1825,0,-73.950374, 45.446252
7638-76-7634-01,Maison Joseph-Théorêt,Maison isolée,14784,14784,boulevard,14790,,Gouin,Ouest,Pierrefonds-Roxboro (Montréal),,1780,0,-73.858109, 45.489099
7335-78-4319-01,Maison Toussaint-Legault dit Deslauriers,Maison isolée,18395,18395,boulevard,18395,,Gouin,Ouest,Pierrefonds-Roxboro (Montréal),,1839,0,-73.896696, 45.463556
9999-02-0020-01,Le petit fort,Maison isolée,19530,19530,boulevard,19530,,Gouin,Ouest,Pierrefonds-Roxboro (Montréal),,1750,0,-73.912313, 45.459780
9999-02-0021-01,Maison Jacques-Poudret dit Lavigne,Maison isolée,20752,20752,boulevard,20752,,Gouin,Ouest,Pierrefonds-Roxboro (Montréal),,1834,0,-73.929579, 45.457243
8140-88-9706-01,Maison Michel-Legault,Maison isolée,5010,5010,boulevard,5010,,Lalande,,Pierrefonds-Roxboro (Montréal),,1780,1780,-73.792350, 45.508773
9857-82-7578-01,Maison Paul-Desjardins,Maison isolée,9350,9350,boulevard,9350,,Gouin,Est,Rivière-des-Prairies—Pointe-aux-Trembles (Montréal),,1835,0,-73.575606, 45.657398
9999-08-0002-01,Maison Robert-Bélanger,Maison isolée,3900,3900-3902,chemin,3902,du,Bois-Franc,,Saint-Laurent (Montréal),,0,0,-73.729376, 45.503554
9999-13-0002-01,Maison Desrochers,Maison isolée,6675,6695,rue,6695,,Jarry,Est,Saint-Léonard (Montréal),,NULL,NULL,-73.579943, 45.596947
0039-38-5657-01,Nom à déterminer,magasin-entrepôt,384,384,rue,384,,Saint-Paul,Ouest,Ville-Marie (Montréal),NULL,9999,,NULL,NULL
0040-65-2694-01,Maison Marie-Pierre-Viger I,maison urbaine façon Nouvelle-France,160,160-162,rue,162,,Saint-Amable,,Ville-Marie (Montréal),NULL,1817,0,-73.553,45.5072
9999-02-0022-01,Maison de la Pointe,,235,235,chemin,235,du,Cap-Saint-Jacques,,Pierrefonds-Roxboro (Montréal),,1910,0,-73.945469, 45.462679
9999-19-0010-01,Marché de Lachine,,1799,1799-1801,rue,1801,,Notre-Dame,,Lachine (Montréal),,1929,0,-73.680630, 45.434997
9999-17-0007-01,Édifice Fraser-Hickson,Bibliothèque,4855,4855,avenue,4855,de,Kensington,,Côte-des-Neiges—Notre-Dame-de-Grâce (Montréal),,1958,1958,-73.635400, 45.471549
9999-24-0013-09,Complexe de la Maison Alcan,Immeuble de bureaux,2200,2200,rue,2200,,Stanley,,Ville-Marie (Montréal),,NULL,NULL,NULL,NULL
9999-08-0003-01,Maison Robert-Bélanger,Maison isolée,NULL,NULL,NULL,NULL,NULL,NULL,NULL,Saint-Laurent (Montréal),,0,0,NULL,NULL
9999-09-9999-01,Croix de chemin en pierre du Haut-du-Sault,Croix de chemin,NULL,NULL,NULL,NULL,NULL,NULL,NULL,Ahuntsic-Cartierville (Montréal),,1874,1874,NULL,NULL
0040-21-8891-01,NULL,indéterminé,NULL,NULL,NULL,NULL,NULL,NULL,NULL,Ville-Marie (Montréal),NULL,9999,,-73.5572,45.5035
0041-51-2008-00,Projet Solano,non applicable,801,801,rue,817,de la,Commune,Est,Ville-Marie (Montréal),NULL,2006,2007,-73.549797,45.512321
0041-52-2008-00,Projet Solano,non applicable,351,363,rue,363,,Saint-Hubert,,Ville-Marie (Montréal),NULL,2006,2007,-73.550560,45.512586
0041-53-2008-00,Projet Solano,non applicable,821,859,rue,859,de la,Commune,Est,Ville-Marie (Montréal),NULL,2008,2009,-73.549472,45.512713
9999-24-0013-02,Gare Windsor,Construction pour le transport terrestre,1100,1100,rue,1160,,De La Gauchetière,Ouest,Ville-Marie (Montréal),,1887,1889,-73.568569, 45.497203
9999-21-0007-01,Station-service de Mies van der Rohe,Station-service,201,201,rue,201,,Berlioz,,Verdun (Montréal),,1967,1968,-73.544576, 45.460095
0040-32-8983-03,Baptistère de la basilique Notre-Dame et local du parvis,non applicable,110,110,rue,110,,Notre-Dame,Ouest,Ville-Marie (Montréal),NULL,1885,,-73.55666,45.50443
9539-10-9447-01,Collège Notre-Dame (pavillon Lefebvre),Collège / université,3791,3791,chemin,3791,,Queen-Mary,,Côte-des-Neiges—Notre-Dame-de-Grâce (Montréal),,1963,0,-73.621686,45.493037
0040-56-6856-03,Maison-magasin Seraphino-Giraldi,maison-magasin,444,444-448,place,448,,Jacques-Cartier,,Ville-Marie (Montréal),NULL,1837,,-73.5536,45.5078
0040-40-1592-02,Immeuble Julia-Lunn,indéterminé,NULL,NULL,NULL,NULL,NULL,NULL,NULL,Ville-Marie (Montréal),NULL,NULL,NULL,NULL,NULL
0040-40-1592-03,Immeuble Julia-Lunn,indéterminé,408,408-410,rue,410,,Saint-François-Xavier,,Ville-Marie (Montréal),NULL,1865,,-73.55570,45.50268
0040-79-4017-01,Maison-magasin Samuel-Davies I,maison-magasin,411,411-417,rue,417,,Saint-Paul,Est,Ville-Marie (Montréal),NULL,1832,,-73.5515,45.5102
0040-65-6775-02,136 rue Saint-Paul Est,indéterminé,136,136,rue,136,,Saint-Paul,Est,Ville-Marie (Montréal),NULL,1970,1971,NULL,NULL
0040-65-4829-03,Maison-magasin Simon-Valois,maison-magasin,104,104,rue,104,,Saint-Paul,Est,Ville-Marie (Montréal),NULL,1850,,-73.5529,45.50665
0040-65-4829-04,Immeuble Simon-Valois I,indéterminé,89,,rue,103,de la,Commune,Est,Ville-Marie (Montréal),NULL,1850,,-73.5526,45.50656
0039-38-7079-03,Immeuble Dostert,indéterminé,368,368-372,rue,372,,Saint-Paul,Ouest,Ville-Marie (Montréal),NULL,1925,,-73.5564,45.5009
9999-24-0013-03,Maison Béique,Maison contiguë,1176,1176,rue,1176,,Sherbrooke,Ouest,Ville-Marie (Montréal),,NULL,NULL,NULL,NULL
9999-24-0013-04,Hôtel Berkeley,Tour d'habitation,1188,1188,rue,1188,,Sherbrooke,Ouest,Ville-Marie (Montréal),,NULL,NULL,NULL,NULL
9999-24-0013-05,Maison Holland,Maison contiguë,1196,1196,rue,1196,,Sherbrooke,Ouest,Ville-Marie (Montréal),,NULL,NULL,NULL,NULL
9999-24-0013-06,Maison Klinkhoff,Maison contiguë,1200,1200,rue,1200,,Sherbrooke,Ouest,Ville-Marie (Montréal),,NULL,NULL,NULL,NULL
9999-24-0013-07,Édifice Davis,Immeuble de bureaux,2100,2200,rue,2200,,Stanley,,Ville-Marie (Montréal),,NULL,NULL,NULL,NULL
9999-24-0013-08,Tour de l'Armée du Salut,Immeuble de bureaux,2050,2050,rue,2050,,Stanley,,Ville-Marie (Montréal),,NULL,NULL,NULL,NULL
9999-24-0013-10,Édifice Davis,Immeuble de bureaux,2121,2121,rue,2121,,Drummond,,Ville-Marie (Montréal),,NULL,NULL,NULL,NULL
9839-12-6740-12,Chapelle du Grand Séminaire de Montréal,Édifice religieux,2065,2065,rue,2065,,Sherbrooke,Ouest,Ville-Marie (Montréal),,1855,1857,NULL,NULL
9839-12-6740-13,Espaces intérieurs du Grand-Séminaire-de-Montréal.,Édifice religieux,2065,2065,rue,2065,,Sherbrooke,Ouest,Ville-Marie (Montréal),,1855,1857,NULL,NULL
